{
"type": "FeatureCollection",
"name": "barrios_comuna16_22barrios",
"crs": { "type": "name", "properties": { "name": "urn:ogc:def:crs:OGC:1.3:CRS84" } },
"features": [
{ "type": "Feature", "properties": { "NOMBRE": "Altavista" }, "geometry": { "type": "Polygon", "coordinates": [ [ [ -75.605339102441974, 6.227557893531913 ], [ -75.605358860127055, 6.227503650999373 ], [ -75.605407974522379, 6.227400813681246 ], [ -75.605431684090647, 6.227352220232765 ], [ -75.60554911179706, 6.227181575924081 ], [ -75.605576774958479, 6.22713750239986 ], [ -75.60567049022228, 6.226990591128365 ], [ -75.605678393641057, 6.226973639634444 ], [ -75.605706056344687, 6.226923916713193 ], [ -75.605775493207346, 6.226771356102251 ], [ -75.605789041626409, 6.226738584249126 ], [ -75.605646754877711, 6.226680962257288 ], [ -75.605455910188667, 6.226606393079701 ], [ -75.605471146021529, 6.226477567909467 ], [ -75.6047298049847, 6.226413207436503 ], [ -75.603987334214395, 6.226339805534798 ], [ -75.603849003375771, 6.22632625415679 ], [ -75.603563872546104, 6.226301412934616 ], [ -75.60278357393652, 6.226237052581459 ], [ -75.602793735845822, 6.22621897090968 ], [ -75.602847932537827, 6.226133084347746 ], [ -75.602891968629351, 6.226058499100821 ], [ -75.602933181506984, 6.225995214642444 ], [ -75.602951246735202, 6.225957922301046 ], [ -75.602989636072294, 6.225901417491082 ], [ -75.603070931377715, 6.225771457557009 ], [ -75.603137547785991, 6.225647148969033 ], [ -75.603175373116912, 6.225587254913886 ], [ -75.60319174526748, 6.22556126237171 ], [ -75.603219972751447, 6.225523969283288 ], [ -75.603248766002565, 6.22549006632882 ], [ -75.603271349231576, 6.22546746441322 ], [ -75.603293367097706, 6.225447121751488 ], [ -75.603315386029863, 6.225429040110539 ], [ -75.603339663364892, 6.225409827341183 ], [ -75.603365069120358, 6.225391745451335 ], [ -75.603393863754007, 6.225377052585514 ], [ -75.603419834292339, 6.225361230769543 ], [ -75.603450887491604, 6.225347667794534 ], [ -75.603550255035998, 6.225292289446542 ], [ -75.603649623628669, 6.225239171197487 ], [ -75.603733182230329, 6.225190573425305 ], [ -75.603813354324657, 6.225146497029242 ], [ -75.603936435221073, 6.225082076387662 ], [ -75.604031851470481, 6.225030088417959 ], [ -75.604104683039424, 6.224992791971292 ], [ -75.604185984819068, 6.224955494883783 ], [ -75.60422889403182, 6.22494080182501 ], [ -75.604275191199008, 6.224917068038929 ], [ -75.604324874763876, 6.224887683701358 ], [ -75.604381333269657, 6.224851518498863 ], [ -75.604448519567143, 6.224815352486104 ], [ -75.604499896891184, 6.22478483794619 ], [ -75.604560307042448, 6.224739631956936 ], [ -75.604615071144266, 6.224696686503624 ], [ -75.604663624886328, 6.224648092122544 ], [ -75.604730243537972, 6.224572374960434 ], [ -75.604787827267273, 6.224471797178151 ], [ -75.604836376398723, 6.22437461025028 ], [ -75.604891135018278, 6.22424804222073 ], [ -75.604930652457909, 6.224168936910697 ], [ -75.604966782164325, 6.224089831855041 ], [ -75.604994444653585, 6.224050278596846 ], [ -75.605036788166373, 6.224010724220303 ], [ -75.605097197926057, 6.223962128897038 ], [ -75.605140106344891, 6.223938394389233 ], [ -75.605179063925576, 6.223922571495751 ], [ -75.605231006689337, 6.223904487488984 ], [ -75.605303839746284, 6.223889791149922 ], [ -75.605342798010042, 6.223883008715227 ], [ -75.605409986246215, 6.223886393736137 ], [ -75.60565559518831, 6.223934968251836 ], [ -75.605924353486827, 6.223993711383117 ], [ -75.605931706502261, 6.224172256495895 ], [ -75.605941897750697, 6.22456889913277 ], [ -75.605944744141198, 6.2248920903228 ], [ -75.605939688179006, 6.225257093401703 ], [ -75.606009700252955, 6.225255957891104 ], [ -75.606180777216451, 6.225259335611162 ], [ -75.606266034758974, 6.225278539932832 ], [ -75.606400415341284, 6.225321472518487 ], [ -75.606419048207897, 6.225325991287677 ], [ -75.606522374372531, 6.225354234616363 ], [ -75.606614970240159, 6.225350837125232 ], [ -75.606679333786971, 6.225320322250012 ], [ -75.606805237929876, 6.225261551009923 ], [ -75.606937917591949, 6.225203909258727 ], [ -75.607228684247119, 6.225093143853504 ], [ -75.607335956045759, 6.225037764158189 ], [ -75.607549368957535, 6.224898753321862 ], [ -75.607850856230129, 6.224703234099906 ], [ -75.608030391903498, 6.224567616002934 ], [ -75.608111122142148, 6.22443878539717 ], [ -75.60819128876112, 6.224333686965564 ], [ -75.608285572644064, 6.224261357259893 ], [ -75.608597794538824, 6.224156239629327 ], [ -75.608715231136031, 6.224124590047612 ], [ -75.608709548878451, 6.223656754284912 ], [ -75.608709526809804, 6.223368594699859 ], [ -75.608706688293211, 6.223160667720192 ], [ -75.608699306087104, 6.222608079491603 ], [ -75.608691923245459, 6.222047580850893 ], [ -75.608686829301092, 6.221887115626743 ], [ -75.608684556171539, 6.221688229070972 ], [ -75.608682278866951, 6.221449791359227 ], [ -75.608666450908331, 6.221202314301018 ], [ -75.608644970130044, 6.220863303846955 ], [ -75.608608233315977, 6.220375130502076 ], [ -75.608601456863568, 6.220351399827322 ], [ -75.60851276042699, 6.219658693739237 ], [ -75.608679315086945, 6.219607829101223 ], [ -75.608928303601672, 6.219568258125166 ], [ -75.609275531686919, 6.219519640113406 ], [ -75.609577591621715, 6.219463114384623 ], [ -75.609896589392051, 6.21942127780361 ], [ -75.611846148413164, 6.219139739513246 ], [ -75.611857194193888, 6.21914092463987 ], [ -75.611864617370458, 6.219141720444503 ], [ -75.611855762788821, 6.219146091396434 ], [ -75.611838563953839, 6.219153894853558 ], [ -75.611820957610405, 6.219160776218331 ], [ -75.611802979812225, 6.219165813359472 ], [ -75.611784661235177, 6.219168562387092 ], [ -75.611766313788976, 6.219171755303763 ], [ -75.611748725471671, 6.219178184640978 ], [ -75.61173236690604, 6.219187398333476 ], [ -75.611715202316418, 6.219194296832396 ], [ -75.61167198016085, 6.219207389460422 ], [ -75.611652447713325, 6.219213305468054 ], [ -75.611648427762049, 6.219214526287908 ], [ -75.611644570470929, 6.219216324779411 ], [ -75.611629078332271, 6.219226496681849 ], [ -75.611614851999377, 6.21923853984922 ], [ -75.611601058429045, 6.219251061218809 ], [ -75.611587689490975, 6.219264062599458 ], [ -75.611576073245146, 6.219278510300035 ], [ -75.611564719260684, 6.219296139318881 ], [ -75.611550736520741, 6.219314828113167 ], [ -75.61153530010688, 6.219332068752157 ], [ -75.611518480533476, 6.2193484334913 ], [ -75.611502591523632, 6.219365692250274 ], [ -75.611486693437598, 6.219382481809125 ], [ -75.611468003700267, 6.219397083819991 ], [ -75.611451636717433, 6.21941343857253 ], [ -75.611432468105576, 6.219427145617768 ], [ -75.611411871908388, 6.219438157823802 ], [ -75.611391755525958, 6.219450517920962 ], [ -75.611356228053836, 6.219480579712889 ], [ -75.611340320925891, 6.219497369268125 ], [ -75.611325832267724, 6.219515947807247 ], [ -75.61131132640466, 6.21953407522798 ], [ -75.61129355814667, 6.219549101149672 ], [ -75.611285148333124, 6.219557057503686 ], [ -75.611239405250913, 6.219596034090305 ], [ -75.611220227552778, 6.219609280064612 ], [ -75.611201058926994, 6.219622977156926 ], [ -75.61118236009996, 6.21963712713492 ], [ -75.61114589390921, 6.21966630302889 ], [ -75.611127195078367, 6.219680443964456 ], [ -75.611109426810273, 6.219695469879948 ], [ -75.611091677552594, 6.219710957761241 ], [ -75.611072508919818, 6.219724654848886 ], [ -75.611062238095613, 6.2197322497434 ], [ -75.611053358394074, 6.219738813902315 ], [ -75.611015961625455, 6.21976710390257 ], [ -75.610998654116358, 6.21978257366117 ], [ -75.610981825438841, 6.219798485456405 ], [ -75.610965918290319, 6.219815284040824 ], [ -75.610949108660563, 6.219832099880443 ], [ -75.610933210543863, 6.219848898463089 ], [ -75.61091778226421, 6.219866591106841 ], [ -75.610902814709277, 6.219884275573543 ], [ -75.610874741625821, 6.219921397290699 ], [ -75.610861174430525, 6.219940409679347 ], [ -75.610847607272802, 6.219959865954765 ], [ -75.61083404007563, 6.219978879246763 ], [ -75.610800249714259, 6.220039804113731 ], [ -75.610788525532726, 6.220060119071999 ], [ -75.610777262076823, 6.220080433085889 ], [ -75.610766016726274, 6.220101190985086 ], [ -75.610754293446163, 6.22012151407894 ], [ -75.610729950726309, 6.220162179328709 ], [ -75.610717314083004, 6.220182069462537 ], [ -75.610705589895872, 6.220202392555384 ], [ -75.610699812656563, 6.220211818652032 ], [ -75.610693404942822, 6.220222273608943 ], [ -75.610667201085533, 6.220261167085082 ], [ -75.610655937619981, 6.22028147205591 ], [ -75.610645586610971, 6.220302211794021 ], [ -75.610630702068804, 6.220339901903951 ], [ -75.610622212146112, 6.220361951444493 ], [ -75.61061645951537, 6.220384381351503 ], [ -75.610613453250494, 6.2204076508802 ], [ -75.610614548388213, 6.220431264495399 ], [ -75.61061745029366, 6.220454822807136 ], [ -75.610619900507899, 6.220478400142993 ], [ -75.610621907160478, 6.22050198655776 ], [ -75.610622541572511, 6.220525608349302 ], [ -75.610625443479705, 6.220549176605511 ], [ -75.610639775370842, 6.220608009843829 ], [ -75.610641808761812, 6.220616931708282 ], [ -75.610647872436388, 6.220639496197915 ], [ -75.610653475385902, 6.220662078808377 ], [ -75.610658634773827, 6.220684669593685 ], [ -75.610662873613649, 6.220707288484264 ], [ -75.610667573180152, 6.220729897390319 ], [ -75.610674088549729, 6.220752452799988 ], [ -75.610681497327874, 6.220774528987076 ], [ -75.61068891608295, 6.220797056292695 ], [ -75.610695892180786, 6.22081960262163 ], [ -75.610703300960722, 6.220841677904366 ], [ -75.610711604956279, 6.22086327486834 ], [ -75.610721273064399, 6.220884844592275 ], [ -75.610730488576394, 6.220906413451313 ], [ -75.610738340882151, 6.22092802853505 ], [ -75.61074575056881, 6.220950103817111 ], [ -75.610754054567835, 6.220971700780416 ], [ -75.610762809356913, 6.220993288663926 ], [ -75.610772938195339, 6.221014839361871 ], [ -75.610783039893079, 6.221035929902011 ], [ -75.610793167829868, 6.221057481503694 ], [ -75.610803730255867, 6.221078562058833 ], [ -75.610815186092026, 6.221099173335556 ], [ -75.610824048565178, 6.22111238702044 ], [ -75.610840719845427, 6.22113515580294 ], [ -75.610840884281558, 6.221135381800393 ], [ -75.610892464524596, 6.22111964598215 ], [ -75.610952310848916, 6.221104949995477 ], [ -75.61101176680053, 6.22108903718875 ], [ -75.611057890870782, 6.221076691103817 ], [ -75.611225011312598, 6.221057467261076 ], [ -75.611454238425921, 6.221014506651626 ], [ -75.611582988773719, 6.220999865078973 ], [ -75.611583533510711, 6.220999803555563 ], [ -75.611631728135592, 6.221008050525989 ], [ -75.61166935387574, 6.221014488526895 ], [ -75.611774375029952, 6.22106193986941 ], [ -75.61186979861624, 6.22111956528766 ], [ -75.612003589300841, 6.221220166566967 ], [ -75.612004099751644, 6.221220580574956 ], [ -75.612004582200981, 6.221221034363516 ], [ -75.612080410786817, 6.221292443691068 ], [ -75.612095681827526, 6.22131466922686 ], [ -75.612142524953029, 6.221382841937286 ], [ -75.612185441428366, 6.221444990425715 ], [ -75.612204602415943, 6.221517158787357 ], [ -75.612232878204324, 6.221564770603321 ], [ -75.612285390992852, 6.221622397082937 ], [ -75.612349050294043, 6.221685558035179 ], [ -75.61235258466364, 6.221689064515931 ], [ -75.612356411603912, 6.221691153424494 ], [ -75.612414694751052, 6.221722961595151 ], [ -75.61245489802846, 6.221730620675501 ], [ -75.612462122549019, 6.221731996887883 ], [ -75.612466730765604, 6.221732358091204 ], [ -75.612490867669521, 6.221734284246602 ], [ -75.612497315167701, 6.221734454529777 ], [ -75.612486912253118, 6.221760160239392 ], [ -75.612482812684263, 6.22177028864881 ], [ -75.612431834907923, 6.221885686719981 ], [ -75.612425485377827, 6.221900065257077 ], [ -75.61241575729602, 6.221915805593363 ], [ -75.612406255061643, 6.2219315549496 ], [ -75.612391729572067, 6.221942702254179 ], [ -75.612373852884019, 6.221947956376954 ], [ -75.612356390934593, 6.221954141630321 ], [ -75.612341630581724, 6.221965505925951 ], [ -75.61233100809595, 6.221980740074739 ], [ -75.61232062049227, 6.221995992283138 ], [ -75.61231400022119, 6.222013494325943 ], [ -75.612310767735053, 6.22203185581298 ], [ -75.612313940264727, 6.222050090157736 ], [ -75.612321999987671, 6.22206675011715 ], [ -75.612329580030305, 6.22208361895445 ], [ -75.612332517699272, 6.222102070291515 ], [ -75.612332004447396, 6.222120801289425 ], [ -75.612318635274562, 6.222131786663587 ], [ -75.612305627621296, 6.22214460722052 ], [ -75.61229610825643, 6.222160816736285 ], [ -75.612287039683864, 6.222177045196369 ], [ -75.612277510380551, 6.22219325471269 ], [ -75.612268667655783, 6.222209501233116 ], [ -75.612255425137647, 6.222222538781204 ], [ -75.612242797029467, 6.222236759671468 ], [ -75.612230403802698, 6.222250990484871 ], [ -75.612217134222163, 6.222264489098449 ], [ -75.612203440887399, 6.222277272648437 ], [ -75.612189981531515, 6.222290075162083 ], [ -75.612174389900574, 6.222299795065892 ], [ -75.612158156777696, 6.22230856487321 ], [ -75.612145781594592, 6.222322569671237 ], [ -75.612134681241841, 6.222338237801474 ], [ -75.612124275577884, 6.222353715115351 ], [ -75.612114529451446, 6.22236990747124 ], [ -75.612104557456007, 6.222385863890872 ], [ -75.612094386672382, 6.22240135112766 ], [ -75.612088079180822, 6.222411185012185 ], [ -75.612084441737181, 6.222416856424988 ], [ -75.612072048501886, 6.222431086330625 ], [ -75.612057893525744, 6.222443852741223 ], [ -75.61204377554678, 6.222456158084117 ], [ -75.612028563455894, 6.222467269278171 ], [ -75.612011291259165, 6.222474150619422 ], [ -75.61199307918659, 6.222477099439155 ], [ -75.611974687257174, 6.222479126146271 ], [ -75.611955996426218, 6.222482508046006 ], [ -75.61193872422804, 6.222489389384882 ], [ -75.611922239089239, 6.222498603094539 ], [ -75.611907045042287, 6.222509488271706 ], [ -75.611893161016738, 6.222521576618421 ], [ -75.611879475798943, 6.222534370103793 ], [ -75.61186796792154, 6.222549097151687 ], [ -75.611855367760228, 6.222562866910686 ], [ -75.611854741535765, 6.222571066673577 ], [ -75.611853959207025, 6.222581318637268 ], [ -75.611858270001136, 6.222599615262693 ], [ -75.611863962968499, 6.222617758981068 ], [ -75.611870378590368, 6.222635251721127 ], [ -75.611881029983152, 6.222650211847962 ], [ -75.611892639817114, 6.222664539960281 ], [ -75.611900934398491, 6.222680983837949 ], [ -75.611908280477934, 6.22269806967345 ], [ -75.611916529067727, 6.222715416698018 ], [ -75.611925998002278, 6.222731236678125 ], [ -75.611940968160923, 6.222742309920263 ], [ -75.611956217387302, 6.222752479089988 ], [ -75.611969263500015, 6.222765505244678 ], [ -75.611981829049242, 6.222778974425019 ], [ -75.611993195895266, 6.222793509583596 ], [ -75.612007696312716, 6.222804790796611 ], [ -75.612020253752689, 6.222818476948062 ], [ -75.612034012586307, 6.222830861164051 ], [ -75.612049479555054, 6.22284126536387 ], [ -75.612066193025598, 6.222849680548173 ], [ -75.612080918411294, 6.222861196791304 ], [ -75.612094913916351, 6.222873364013235 ], [ -75.612108428876425, 6.222886181287659 ], [ -75.612122910368058, 6.222897914522749 ], [ -75.612132093404767, 6.22290885357449 ], [ -75.612134811996157, 6.22291209705204 ], [ -75.612146120123398, 6.222926570737382 ], [ -75.612156144641219, 6.222952359590914 ], [ -75.612159701203851, 6.222961510036987 ], [ -75.612173054828503, 6.222978439834445 ], [ -75.612185748000698, 6.222994532543163 ], [ -75.612189142281991, 6.222997250708502 ], [ -75.61218701945225, 6.222998794107192 ], [ -75.612183837817099, 6.222999983214322 ], [ -75.612177723874225, 6.22300226828933 ], [ -75.612156802951205, 6.22301008565109 ], [ -75.612132196317248, 6.223019282013867 ], [ -75.612108100366711, 6.223021367999391 ], [ -75.61207554513193, 6.22302418611451 ], [ -75.61204243730424, 6.223020039498185 ], [ -75.612019534935612, 6.223014269203743 ], [ -75.611985521517369, 6.223005694642069 ], [ -75.611946445386721, 6.222995850343584 ], [ -75.61192180020916, 6.222988160004303 ], [ -75.611921097342716, 6.222997997907441 ], [ -75.611898515394756, 6.223070333631986 ], [ -75.611890243443895, 6.223074805785849 ], [ -75.611888240722948, 6.22307588810862 ], [ -75.611869875426763, 6.223072879267391 ], [ -75.61185260203068, 6.223066498232668 ], [ -75.611836114405136, 6.223058092061977 ], [ -75.611820901247668, 6.223047244850249 ], [ -75.611806409841392, 6.223035737619526 ], [ -75.611791422533642, 6.223024899427338 ], [ -75.611775937536834, 6.223014947245106 ], [ -75.61176215975334, 6.223002789939892 ], [ -75.611750315956499, 6.222988678816783 ], [ -75.611737766649952, 6.222974992658186 ], [ -75.611724720537723, 6.22296196649777 ], [ -75.611710726825592, 6.22294957325409 ], [ -75.611696741244629, 6.222937180009314 ], [ -75.611681753037814, 6.222926333677671 ], [ -75.611665013413415, 6.222918379547528 ], [ -75.611649302573738, 6.222908418341129 ], [ -75.611634333299889, 6.222897119078865 ], [ -75.611606831869636, 6.222871898600702 ], [ -75.611593073045725, 6.222859523414046 ], [ -75.611584860563141, 6.222851993428628 ], [ -75.611579322332247, 6.222846913174068 ], [ -75.611564812889753, 6.2228356418946 ], [ -75.611548579089657, 6.222826793613439 ], [ -75.611531350794493, 6.22281949947665 ], [ -75.611514358284666, 6.222812205318463 ], [ -75.611497608749019, 6.222804477195659 ], [ -75.611479847593657, 6.222798756146203 ], [ -75.611461229399197, 6.22279619029616 ], [ -75.611442538171119, 6.222795224615261 ], [ -75.611438375330067, 6.222795008011237 ], [ -75.611432962191344, 6.222794727330131 ], [ -75.611358327249874, 6.222810084628342 ], [ -75.611340648405971, 6.222815807899124 ], [ -75.61133941080503, 6.222816305233981 ], [ -75.611323611071199, 6.222822698237654 ], [ -75.61130885968619, 6.222833837395871 ], [ -75.611294515811196, 6.222845906782293 ], [ -75.611281065432237, 6.222858474219714 ], [ -75.611266964549785, 6.222870336557239 ], [ -75.611252854651724, 6.222882414962434 ], [ -75.611238952554288, 6.222894738345759 ], [ -75.611225277227788, 6.222907296761048 ], [ -75.611213326641462, 6.222921779740823 ], [ -75.611202035572319, 6.222936751751915 ], [ -75.611190527668242, 6.222951488729548 ], [ -75.611178125382366, 6.22296594462675 ], [ -75.611167051145586, 6.222981151670315 ], [ -75.611157323006623, 6.222996891079347 ], [ -75.61115093754745, 6.223014177019706 ], [ -75.61114612405467, 6.223032231262206 ], [ -75.61113729029536, 6.223048250847056 ], [ -75.611121988512451, 6.223056840635481 ], [ -75.61110455355356, 6.223062338769253 ], [ -75.611088970913841, 6.223072057736145 ], [ -75.611075511491165, 6.223084634209588 ], [ -75.611060345374995, 6.223095059199954 ], [ -75.611051728446355, 6.223111313816642 ], [ -75.61104987808443, 6.223129521487013 ], [ -75.611052579929051, 6.223147963811358 ], [ -75.611062066893609, 6.223163556889564 ], [ -75.611078545475465, 6.223171954044765 ], [ -75.611095763859126, 6.223179483249453 ], [ -75.6111115017587, 6.223188992446414 ], [ -75.611125035634842, 6.223201358624868 ], [ -75.611136879419817, 6.22321546976201 ], [ -75.611148968005381, 6.223229363906123 ], [ -75.6111603068736, 6.223244361053161 ], [ -75.611170244636767, 6.223259972170834 ], [ -75.611181131809161, 6.223274951276104 ], [ -75.611192497741428, 6.223289496396531 ], [ -75.61120430545472, 6.223304294611118 ], [ -75.611216863789181, 6.22331797987756 ], [ -75.611230361595659, 6.223331033132275 ], [ -75.611244355306695, 6.223343426388693 ], [ -75.61125807896309, 6.223356488663328 ], [ -75.6112715668541, 6.22336976792963 ], [ -75.611283881296146, 6.22338368013174 ], [ -75.611296204752065, 6.223397356376477 ], [ -75.611308753153892, 6.223411042545655 ], [ -75.611318798890295, 6.223421627149187 ], [ -75.611333550949979, 6.223428275117223 ], [ -75.611334029766255, 6.223428490238281 ], [ -75.611342942574282, 6.223438203439681 ], [ -75.611347631674846, 6.223443893099232 ], [ -75.611354768323309, 6.223452550529815 ], [ -75.611360691608098, 6.223459963194321 ], [ -75.61136658598133, 6.223467339699426 ], [ -75.61137384731019, 6.223476130917739 ], [ -75.611378629469414, 6.223481919109949 ], [ -75.611382078115071, 6.223486478819621 ], [ -75.611389976480197, 6.223496917155384 ], [ -75.61140156827247, 6.223511480332344 ], [ -75.611409944490603, 6.223521443096909 ], [ -75.611413629809761, 6.223525825592279 ], [ -75.611424636779731, 6.223536646065329 ], [ -75.611426900874392, 6.223538869821488 ], [ -75.611441853017524, 6.223550395102924 ], [ -75.611456822285874, 6.223561467454832 ], [ -75.611472027340994, 6.223572550634063 ], [ -75.61148698849928, 6.223583840861183 ], [ -75.611497423420914, 6.223592344310529 ], [ -75.611501686831829, 6.223595818186886 ], [ -75.611508669583969, 6.223600796157307 ], [ -75.611516900901989, 6.223606665407738 ], [ -75.611532105959583, 6.223617747681188 ], [ -75.611540970595911, 6.223624073419038 ], [ -75.61154731912842, 6.223628603941715 ], [ -75.611555195459374, 6.223634983105498 ], [ -75.611561801531195, 6.223640334479983 ], [ -75.611575551361724, 6.223652945624546 ], [ -75.611587630934906, 6.223666838855362 ], [ -75.611598734962428, 6.223682053889117 ], [ -75.611604979150201, 6.223691650700255 ], [ -75.611608898595662, 6.223697674923054 ], [ -75.611618376572665, 6.223713494003837 ], [ -75.61162674340919, 6.22372966214505 ], [ -75.611628779951872, 6.223733029540077 ], [ -75.611636591804782, 6.223745784952517 ], [ -75.611639151436478, 6.223749435267897 ], [ -75.611647243233591, 6.223760971999892 ], [ -75.611656712178984, 6.223776791080787 ], [ -75.611666406973768, 6.223792620086004 ], [ -75.611674239951114, 6.223809271034947 ], [ -75.611678213911446, 6.223818795722746 ], [ -75.611681360189579, 6.22382633881269 ], [ -75.611685400750233, 6.223843236902637 ], [ -75.611685637526932, 6.223844231333439 ], [ -75.611685680002196, 6.223844410330998 ], [ -75.611685925022684, 6.223846684891755 ], [ -75.611687687181089, 6.223863041659549 ], [ -75.611686713193677, 6.22388198153257 ], [ -75.611686289962904, 6.223897390148792 ], [ -75.611686205343403, 6.223900773100526 ], [ -75.611687980345494, 6.223919344782559 ], [ -75.611691839446735, 6.22393761523204 ], [ -75.611693108170854, 6.223941700508319 ], [ -75.611697324601252, 6.223955287962112 ], [ -75.61170256587954, 6.22397340460089 ], [ -75.611707589419041, 6.22399127716622 ], [ -75.611707219657063, 6.223998380297052 ], [ -75.611706615412132, 6.224009991027506 ], [ -75.611711865704422, 6.224027872613147 ], [ -75.611712996530386, 6.224045780781692 ], [ -75.611708615026501, 6.224055407463972 ], [ -75.611706785109703, 6.224059429731871 ], [ -75.611705264995948, 6.224062768512674 ], [ -75.611698934855795, 6.224072184724795 ], [ -75.611694859285933, 6.224078246722124 ], [ -75.611686869514401, 6.224086542062927 ], [ -75.611682059391811, 6.224091536445686 ], [ -75.611678014334998, 6.224095315721264 ], [ -75.611668365094644, 6.224104329926383 ], [ -75.611655340253776, 6.224117611532819 ], [ -75.611647097770231, 6.224128610900277 ], [ -75.611644284034654, 6.224132365657205 ], [ -75.611641506611136, 6.22413811564284 ], [ -75.611636091764197, 6.224149326306589 ], [ -75.611633969346329, 6.224155599677415 ], [ -75.611630158025562, 6.224166864441864 ], [ -75.611626022138722, 6.224175323072852 ], [ -75.611621974768084, 6.224183599078453 ], [ -75.611612246620894, 6.224199339399918 ], [ -75.611600079180448, 6.224213578314937 ], [ -75.61159326992221, 6.224219412733619 ], [ -75.611593236499161, 6.224219440762035 ], [ -75.611585969255273, 6.224225666673554 ], [ -75.61157818598079, 6.224229703932619 ], [ -75.611569528262009, 6.224234193292481 ], [ -75.611559042928377, 6.224238100607531 ], [ -75.611552274933075, 6.224240621689432 ], [ -75.611543007190804, 6.224242469477199 ], [ -75.61153402672214, 6.224244258476342 ], [ -75.611526573977315, 6.224247032751635 ], [ -75.611516781522269, 6.22425067873499 ], [ -75.611501163663675, 6.224260859685228 ], [ -75.611497875558271, 6.2242636281679 ], [ -75.61148682788513, 6.224272929076159 ], [ -75.61147433124296, 6.224283061835444 ], [ -75.611473413461482, 6.224283805947234 ], [ -75.611472510133268, 6.224284538305136 ], [ -75.611459848031529, 6.224293102556977 ], [ -75.611457108204391, 6.224294954287248 ], [ -75.61145699618919, 6.224295016676384 ], [ -75.611441083733681, 6.224304193254522 ], [ -75.611424009109385, 6.224298500168066 ], [ -75.611408289199048, 6.224288538051237 ], [ -75.61139791799215, 6.224285601716516 ], [ -75.611390483788142, 6.224283495942034 ], [ -75.611371756432234, 6.224283216433549 ], [ -75.611362218612527, 6.224285500896677 ], [ -75.611353697991433, 6.224287540273298 ], [ -75.611339508752621, 6.224291535602715 ], [ -75.611335839261997, 6.224292568347532 ], [ -75.611317609075016, 6.224295742253259 ], [ -75.611299776502889, 6.224300309259956 ], [ -75.611285685499269, 6.224311935640813 ], [ -75.611281774493079, 6.224330035911589 ], [ -75.61128425140646, 6.224348467405965 ], [ -75.611286479671634, 6.224354148241966 ], [ -75.611291118728673, 6.224365979098335 ], [ -75.611293046224631, 6.224372348844648 ], [ -75.611293055261172, 6.22437237867741 ], [ -75.611296361734517, 6.224383303795737 ], [ -75.611296378903972, 6.224383360749194 ], [ -75.611285353455301, 6.224388623272905 ], [ -75.6112802260091, 6.224391039337592 ], [ -75.611262175816037, 6.224386448365083 ], [ -75.611259197273043, 6.224385803137231 ], [ -75.611244090450327, 6.224382534526319 ], [ -75.611232563607018, 6.224387670526382 ], [ -75.611183104899382, 6.224442093079001 ], [ -75.611183045281223, 6.224442159079669 ], [ -75.611176117739177, 6.224459093393572 ], [ -75.611177499771799, 6.224477920957121 ], [ -75.611177519654206, 6.224478009551992 ], [ -75.611181540403166, 6.224495752027519 ], [ -75.611189388697809, 6.224511995257074 ], [ -75.611189449235994, 6.224512119106214 ], [ -75.61120140877172, 6.224527202082383 ], [ -75.611214426945168, 6.224540689322211 ], [ -75.611216848236779, 6.22454294832331 ], [ -75.611223969364758, 6.224549601484618 ], [ -75.611228168680171, 6.224553525584268 ], [ -75.611242380142272, 6.224565927862093 ], [ -75.611252600940858, 6.224574038978658 ], [ -75.611256879708918, 6.224577434203547 ], [ -75.611272955589087, 6.224587705477699 ], [ -75.611290242694409, 6.224595402822768 ], [ -75.611293837410273, 6.224596702526349 ], [ -75.611307967832786, 6.224601810957576 ], [ -75.611317104163405, 6.224605391988308 ], [ -75.611325449094394, 6.224608663000376 ], [ -75.611341430034557, 6.224617955197796 ], [ -75.611353221821645, 6.2246258953092 ], [ -75.611356897042995, 6.22462836845839 ], [ -75.611371623365585, 6.224639874776721 ], [ -75.611376774937838, 6.22464469108578 ], [ -75.611385355169659, 6.224652711035557 ], [ -75.611387929163584, 6.224655283726757 ], [ -75.611398309162581, 6.224665659464443 ], [ -75.611398398606468, 6.224665749861265 ], [ -75.611411672408607, 6.224678781433962 ], [ -75.611426154837545, 6.224690514688098 ], [ -75.611431418377478, 6.224694716234723 ], [ -75.61143144728814, 6.224694739737396 ], [ -75.611440863116215, 6.224702256058333 ], [ -75.611446078827456, 6.224707036199175 ], [ -75.611454622005596, 6.224714867205253 ], [ -75.611466701600051, 6.224728760438839 ], [ -75.611471272330732, 6.224734016165137 ], [ -75.61147879022927, 6.224742655479446 ], [ -75.611486330158343, 6.224755253613929 ], [ -75.611488258284083, 6.22475847546749 ], [ -75.611503510016774, 6.224786263623913 ], [ -75.61151110000948, 6.224803123431624 ], [ -75.611511685542609, 6.224804643987097 ], [ -75.611517749606548, 6.224820399183994 ], [ -75.611521252310297, 6.22483343884973 ], [ -75.61152254820216, 6.224838261826449 ], [ -75.61152882898746, 6.224852952940634 ], [ -75.611528873262912, 6.224853056902137 ], [ -75.611546047614269, 6.224893257453988 ], [ -75.611546043101598, 6.22489330627293 ], [ -75.611545408626014, 6.224900222289309 ], [ -75.61154243672371, 6.224903205907506 ], [ -75.61154185408617, 6.224903789069399 ], [ -75.611541674326674, 6.224903968990665 ], [ -75.611498514973562, 6.224907205677419 ], [ -75.611464287181207, 6.224917369285193 ], [ -75.6114485914093, 6.224925269329927 ], [ -75.611433762856478, 6.2249327317389 ], [ -75.611422025773493, 6.224940835748259 ], [ -75.611418351893931, 6.224943372828402 ], [ -75.611416260703265, 6.224945260663146 ], [ -75.611404206772477, 6.224956138316534 ], [ -75.61139051244642, 6.224968932694064 ], [ -75.611376402495566, 6.224981011102556 ], [ -75.611360557859342, 6.224991173987666 ], [ -75.611344533366008, 6.225000413856052 ], [ -75.611327839433372, 6.225009382568744 ], [ -75.611312220644734, 6.22501955537704 ], [ -75.611309873829796, 6.22502186361575 ], [ -75.61130606002942, 6.225025612130528 ], [ -75.611298734136554, 6.225032818030297 ], [ -75.611288933412183, 6.225045360737608 ], [ -75.611287226189219, 6.225047545969566 ], [ -75.611283348469073, 6.225053819493335 ], [ -75.611283310531988, 6.225053881875922 ], [ -75.611277498016364, 6.225063286284857 ], [ -75.611269323767999, 6.225080020915183 ], [ -75.611261753929242, 6.225097205707712 ], [ -75.611261723222484, 6.225097304251543 ], [ -75.611261706965678, 6.225097353071514 ], [ -75.611256317944495, 6.225114817926895 ], [ -75.611253448210093, 6.22512909850698 ], [ -75.611252633703941, 6.225133151421676 ], [ -75.611251974876225, 6.225140564665746 ], [ -75.611251430672453, 6.225146756532114 ], [ -75.611250964082245, 6.225152055193133 ], [ -75.611250370062393, 6.225156771659023 ], [ -75.611248643973767, 6.225170470836309 ], [ -75.611243586567667, 6.225188740264334 ], [ -75.611239885129748, 6.225196404196729 ], [ -75.61123539426822, 6.225205700907493 ], [ -75.61123204221127, 6.225210713239013 ], [ -75.611232027758859, 6.225210734937413 ], [ -75.611224744644517, 6.225221621208121 ], [ -75.611211466833865, 6.225235120701155 ], [ -75.611208042387503, 6.22523879233704 ], [ -75.611198639838435, 6.225248872383431 ], [ -75.611190318815261, 6.225260815575811 ], [ -75.611188026288275, 6.225264104700312 ], [ -75.611183640872369, 6.225270545516611 ], [ -75.611177638587947, 6.225279357790251 ], [ -75.611171044244173, 6.225284334243932 ], [ -75.611162887130931, 6.225290487903907 ], [ -75.611145804605371, 6.225298072548814 ], [ -75.611131789163366, 6.225306340383977 ], [ -75.611130112549716, 6.225307329558436 ], [ -75.61112921101396, 6.225307923596389 ], [ -75.611114585954965, 6.225318191236689 ], [ -75.611099391809972, 6.225329066446073 ], [ -75.611091779312844, 6.225333741036205 ], [ -75.611083574220459, 6.225338778200994 ], [ -75.611066917252714, 6.225347068866872 ], [ -75.611064416747809, 6.225348113260102 ], [ -75.611049861784991, 6.225354186113957 ], [ -75.611042348484901, 6.22535684918991 ], [ -75.611032390674623, 6.225360378556662 ], [ -75.611013808867028, 6.225361700994187 ], [ -75.611009212379543, 6.22536151877847 ], [ -75.610995099500826, 6.225360960406734 ], [ -75.61097697712529, 6.225357743582355 ], [ -75.610961231032761, 6.225348234382083 ], [ -75.61095860459227, 6.225345106608469 ], [ -75.610949386300959, 6.225334124145121 ], [ -75.610938074455163, 6.225318665927166 ], [ -75.610926501567604, 6.225303650714823 ], [ -75.610915051618207, 6.2252895069929 ], [ -75.610902116511269, 6.225275619245572 ], [ -75.610892491068924, 6.225267825390842 ], [ -75.610887634982021, 6.225263895017449 ], [ -75.6108712023306, 6.225254574820188 ], [ -75.610871004476849, 6.225254455503213 ], [ -75.610870936718584, 6.225254413018905 ], [ -75.610855473387986, 6.225244840507543 ], [ -75.610842780688984, 6.225234353762816 ], [ -75.610840999970804, 6.225232882129233 ], [ -75.610840178724231, 6.225232178852115 ], [ -75.610839360188052, 6.225231478286902 ], [ -75.610826770451752, 6.225220704949894 ], [ -75.610811286292346, 6.225210527631543 ], [ -75.610795295425802, 6.225201461430703 ], [ -75.610789613737452, 6.225198678363999 ], [ -75.610778572886488, 6.225193271314649 ], [ -75.610769205165539, 6.225188366769768 ], [ -75.610762104163967, 6.225184649041486 ], [ -75.61075401294616, 6.225179822133402 ], [ -75.610746131326877, 6.225175120869526 ], [ -75.610728876827267, 6.225168514688638 ], [ -75.610709968661311, 6.225167078896133 ], [ -75.610691277350725, 6.225166112284569 ], [ -75.610681687737227, 6.225165146690585 ], [ -75.610672623000355, 6.225164233485614 ], [ -75.610654500632833, 6.225161008513735 ], [ -75.610646172123268, 6.225159643220905 ], [ -75.61063614340172, 6.225157999628851 ], [ -75.610622632965701, 6.225155972118394 ], [ -75.61061753414252, 6.225155206832432 ], [ -75.610599465900279, 6.225151067862359 ], [ -75.610589918517576, 6.22514745069292 ], [ -75.610581976519157, 6.225144442712028 ], [ -75.610574011010371, 6.225141177983676 ], [ -75.610564730113225, 6.225137374557009 ], [ -75.610555540436152, 6.225133306236483 ], [ -75.610547745653051, 6.225129854355212 ], [ -75.61053257528576, 6.225123225386374 ], [ -75.610530536248206, 6.225122334172326 ], [ -75.610528660704148, 6.225121201563554 ], [ -75.610514789267341, 6.225112824958813 ], [ -75.610504110505232, 6.225105368397646 ], [ -75.610499567062348, 6.22510219468107 ], [ -75.610495116705366, 6.225099441338308 ], [ -75.610483838131117, 6.225092460357349 ], [ -75.610467386541231, 6.225083376105442 ], [ -75.610450412001953, 6.225075628983836 ], [ -75.610432641766977, 6.225070133911677 ], [ -75.610425938524898, 6.225069460071105 ], [ -75.610413987420927, 6.225068255103579 ], [ -75.610408513737681, 6.225068039508576 ], [ -75.610395278066107, 6.225067516302953 ], [ -75.610381880015254, 6.225069685363249 ], [ -75.610377065895221, 6.225070464162853 ], [ -75.610360408924905, 6.225078755710472 ], [ -75.610346088173472, 6.225087538857919 ], [ -75.610345323039013, 6.225088008124278 ], [ -75.610345128822033, 6.225088156404733 ], [ -75.610339442328552, 6.225092489088277 ], [ -75.610339320378429, 6.225092583119681 ], [ -75.61033005669465, 6.225099830759084 ], [ -75.610316606236537, 6.225112406308337 ], [ -75.610307072239237, 6.22511734865052 ], [ -75.610300156161472, 6.225120933792534 ], [ -75.610294577093327, 6.225124359707112 ], [ -75.610284339466716, 6.225130643715323 ], [ -75.610269587994964, 6.22514177289996 ], [ -75.610255566419411, 6.225152369537685 ], [ -75.610253609810272, 6.225154033152569 ], [ -75.610240726541818, 6.225164991310869 ], [ -75.610233971455798, 6.225170775984759 ], [ -75.610226616559487, 6.225177069688614 ], [ -75.610218515473917, 6.225183533417328 ], [ -75.610212073809748, 6.225188670766291 ], [ -75.610205704367885, 6.225193234943114 ], [ -75.610196879650815, 6.225199556798251 ], [ -75.610183429187018, 6.225212132344109 ], [ -75.610179921128577, 6.225220597238192 ], [ -75.610176375135438, 6.225229155252355 ], [ -75.610171796453812, 6.225246993398548 ], [ -75.610167912493793, 6.225264967092147 ], [ -75.610167899851447, 6.225265027664387 ], [ -75.610166016573572, 6.225268524680159 ], [ -75.610159043464932, 6.225281328393435 ], [ -75.610147516545126, 6.22529647578732 ], [ -75.610138015925699, 6.225311473839414 ], [ -75.61013408434151, 6.225321897839565 ], [ -75.610131430784008, 6.225329091569832 ], [ -75.610131163678687, 6.225332591159038 ], [ -75.610131157361891, 6.225332672523817 ], [ -75.610130550960804, 6.225340620053819 ], [ -75.610130005019542, 6.225347777441475 ], [ -75.610129039988536, 6.225366490395023 ], [ -75.61012685623102, 6.225395211254398 ], [ -75.610126414475829, 6.225395267343191 ], [ -75.610125972720581, 6.225395322527939 ], [ -75.610122754863582, 6.225395727816911 ], [ -75.610094027298345, 6.22537908767598 ], [ -75.61009143352409, 6.225377586275973 ], [ -75.610073681311079, 6.225371629222112 ], [ -75.610055324960115, 6.225368395209223 ], [ -75.610036651672118, 6.225366967508904 ], [ -75.610026798345075, 6.225366940326469 ], [ -75.610017915264038, 6.225366915773004 ], [ -75.609999685935549, 6.225370089633117 ], [ -75.609994306377601, 6.225371928020764 ], [ -75.609982232860332, 6.225376048795356 ], [ -75.60997319910868, 6.225378327766013 ], [ -75.609953883169339, 6.225394136679575 ], [ -75.609953658209122, 6.225393961313652 ], [ -75.609949341502841, 6.225390596819039 ], [ -75.609935915817189, 6.225365421157908 ], [ -75.609930430706484, 6.225347747505483 ], [ -75.609923310503675, 6.225330679704112 ], [ -75.609917121665717, 6.225313196865549 ], [ -75.609917860854679, 6.225294473987145 ], [ -75.609917941727559, 6.225289394139621 ], [ -75.609918166373461, 6.225275272000792 ], [ -75.609917472162948, 6.225259924956564 ], [ -75.609917318291565, 6.225256468797655 ], [ -75.609914386993111, 6.225237792338885 ], [ -75.609909380646528, 6.225219684702781 ], [ -75.609901685096887, 6.225203943187299 ], [ -75.609901080623217, 6.225202734527902 ], [ -75.609900459900516, 6.225201667805285 ], [ -75.609891663163282, 6.225186507685877 ], [ -75.609885134255833, 6.225174987066531 ], [ -75.609882447157844, 6.22517024556867 ], [ -75.609878758926698, 6.225163478186622 ], [ -75.609878726399515, 6.225163419426333 ], [ -75.60987346692032, 6.225153765555849 ], [ -75.609868029465446, 6.225144026720058 ], [ -75.609864259930745, 6.225137277425784 ], [ -75.609854321266894, 6.225121664475495 ], [ -75.609845173662833, 6.225112982786694 ], [ -75.609840806303069, 6.225108837198817 ], [ -75.609834739136687, 6.225098546947602 ], [ -75.609831346402601, 6.225092792072798 ], [ -75.609823069895953, 6.225076123053334 ], [ -75.609815010205082, 6.225059462151705 ], [ -75.609806020956768, 6.225043207246235 ], [ -75.609797726403002, 6.225026764239682 ], [ -75.609791762556682, 6.225020375846441 ], [ -75.609785159049551, 6.225013304047958 ], [ -75.609776395652261, 6.224997059067281 ], [ -75.609774490948567, 6.224992944910992 ], [ -75.609768579862035, 6.22498018117289 ], [ -75.609762621990257, 6.22496966761192 ], [ -75.609762606630341, 6.224969641395862 ], [ -75.609759363864029, 6.224963919053534 ], [ -75.609756748249893, 6.224960515538651 ], [ -75.609748007853, 6.224949147889621 ], [ -75.609731962906366, 6.224941229800968 ], [ -75.60972471696752, 6.2249433910893 ], [ -75.609714311036583, 6.224946492854981 ], [ -75.609698711170793, 6.224956438698085 ], [ -75.609691408601506, 6.224961948581204 ], [ -75.609683959691537, 6.224967567866349 ], [ -75.609681306575837, 6.224969364433163 ], [ -75.609668566741504, 6.224977982891438 ], [ -75.609654032096373, 6.224989357941269 ], [ -75.609651070106068, 6.224992174299259 ], [ -75.609640563576292, 6.225002160390641 ], [ -75.609633440840085, 6.225008366373969 ], [ -75.609626680337911, 6.225014255910004 ], [ -75.609619749071427, 6.225019876958442 ], [ -75.609612362525255, 6.225025865088502 ], [ -75.609600714964117, 6.225035338681103 ], [ -75.609597809848708, 6.225037701202334 ], [ -75.609583907655491, 6.225050013693479 ], [ -75.609570448166124, 6.225062816140295 ], [ -75.609557846981517, 6.225076577708073 ], [ -75.609545897204256, 6.225091059745949 ], [ -75.609534190421272, 6.225105327503834 ], [ -75.609523567792237, 6.22512056159609 ], [ -75.609519186041311, 6.225127837737757 ], [ -75.609513722178406, 6.225136942858179 ], [ -75.609513669790019, 6.225137043211835 ], [ -75.609505421362044, 6.225153252569739 ], [ -75.609498390458668, 6.22516649474201 ], [ -75.609496551440287, 6.225169959205955 ], [ -75.609494899451633, 6.225173745494847 ], [ -75.609489036652832, 6.225187181034318 ], [ -75.609483997215762, 6.225205001132544 ], [ -75.609482282499243, 6.225214833693662 ], [ -75.60948075559773, 6.225223587710721 ], [ -75.609477297125935, 6.225241713243183 ], [ -75.609475051541253, 6.225255435059739 ], [ -75.609474290371693, 6.225260082830173 ], [ -75.609473099468332, 6.225278787665177 ], [ -75.609473041423129, 6.22529751138945 ], [ -75.609473044136365, 6.225297547551102 ], [ -75.609476670094793, 6.22531580718791 ], [ -75.609479567209704, 6.22532567461711 ], [ -75.60948192032501, 6.22533368969978 ], [ -75.609486300220169, 6.225347227434827 ], [ -75.609487640303925, 6.225351372377482 ], [ -75.609487689112541, 6.225351672516992 ], [ -75.60948770357372, 6.225351753880008 ], [ -75.609487865366376, 6.225352761878844 ], [ -75.609490586908294, 6.225369605854251 ], [ -75.609492368166684, 6.225388229073815 ], [ -75.609493461938854, 6.225406816189605 ], [ -75.609493364007051, 6.225413196058228 ], [ -75.609493363108626, 6.225413254821363 ], [ -75.609493174433439, 6.225425555302076 ], [ -75.609492209379923, 6.225444270062551 ], [ -75.609492914649223, 6.225451636178656 ], [ -75.609492920074473, 6.22545169403721 ], [ -75.609493990638569, 6.225462892378062 ], [ -75.60949393711401, 6.225481650455742 ], [ -75.609493939828852, 6.225481705602384 ], [ -75.609495418003078, 6.225505733241089 ], [ -75.609501938088414, 6.225519815935468 ], [ -75.609509528028752, 6.225536684812435 ], [ -75.609518292329525, 6.225552920756997 ], [ -75.609524003278878, 6.225570612475543 ], [ -75.609529957222719, 6.225588077257647 ], [ -75.609534060160314, 6.225606130730966 ], [ -75.609539799116789, 6.225623831487439 ], [ -75.60954475040397, 6.225642607222514 ], [ -75.609550687203978, 6.225660298921655 ], [ -75.609554790143633, 6.225678361435286 ], [ -75.6095595787436, 6.225696224096425 ], [ -75.609561369923867, 6.225714621303141 ], [ -75.609562003887845, 6.225733407348081 ], [ -75.609561490536038, 6.225752147383759 ], [ -75.609561437013227, 6.225770897325023 ], [ -75.609558656109385, 6.225789284974311 ], [ -75.609556307167992, 6.225798633020119 ], [ -75.609559263174702, 6.225810475786801 ], [ -75.609566156831718, 6.225830047822716 ], [ -75.609573051490372, 6.225850776134688 ], [ -75.609578788899327, 6.225871496408164 ], [ -75.60958683980823, 6.225891077386263 ], [ -75.609597186731875, 6.225916407005162 ], [ -75.609612129521963, 6.225945190598271 ], [ -75.609627083863415, 6.225971677006314 ], [ -75.60964433190172, 6.226008524503126 ], [ -75.609660423498582, 6.226044223053643 ], [ -75.609674228920468, 6.226073006741506 ], [ -75.609688025627946, 6.226094882605897 ], [ -75.609700683057142, 6.226115611330929 ], [ -75.609713332259432, 6.226135191916547 ], [ -75.609724825798963, 6.226162826755625 ], [ -75.60973747478323, 6.226190462400289 ], [ -75.609748968520094, 6.226220393518446 ], [ -75.60975930539999, 6.226254944415386 ], [ -75.609769652534183, 6.226282571214554 ], [ -75.609779989514166, 6.22631827025089 ], [ -75.609790327496583, 6.226355118330792 ], [ -75.609797213723027, 6.226382744519885 ], [ -75.609811010105133, 6.226421897625109 ], [ -75.609804842431799, 6.226430338333851 ], [ -75.609857480875576, 6.226581905482045 ], [ -75.609852321922347, 6.226585962381012 ], [ -75.609842950641848, 6.226592506672386 ], [ -75.609825447004255, 6.22659928761255 ], [ -75.609820856064417, 6.226600724534356 ], [ -75.609807426490406, 6.226604504594662 ], [ -75.609798266133367, 6.226605510674787 ], [ -75.609789314423068, 6.226606071041783 ], [ -75.609780279597871, 6.226606603390237 ], [ -75.609770270873724, 6.226606696454492 ], [ -75.609751922612006, 6.226603459718208 ], [ -75.609747539981129, 6.226600472215182 ], [ -75.609736803339828, 6.22659251570536 ], [ -75.609725665611052, 6.226584798801885 ], [ -75.609721937959208, 6.226582001996926 ], [ -75.609707437487046, 6.226570728857518 ], [ -75.60967944906244, 6.226545943166902 ], [ -75.609671716352679, 6.226539589276241 ], [ -75.609665093058354, 6.226533757830547 ], [ -75.609649847380041, 6.226523588594295 ], [ -75.609633473455702, 6.226514549512152 ], [ -75.609617663155902, 6.226504382130948 ], [ -75.609604528941958, 6.226496872420941 ], [ -75.609601826746655, 6.226495260733969 ], [ -75.609597376503928, 6.226493942106361 ], [ -75.609583785447612, 6.226489693332417 ], [ -75.609576509492243, 6.226489693948698 ], [ -75.609565329019702, 6.226489251008378 ], [ -75.609547831713456, 6.226496123247554 ], [ -75.609531589403844, 6.226505118986587 ], [ -75.609521646999937, 6.226509599381064 ], [ -75.609514904276139, 6.226512299436011 ], [ -75.609503158624321, 6.226515972668594 ], [ -75.609496873843824, 6.22651774151608 ], [ -75.609478462811381, 6.226519985109081 ], [ -75.609460630149329, 6.226524561998131 ], [ -75.609446780839093, 6.226532421145206 ], [ -75.609444328231561, 6.226533775614868 ], [ -75.609441827074193, 6.226537901897005 ], [ -75.609434860137128, 6.226549303423142 ], [ -75.609434879112797, 6.226549354952225 ], [ -75.609438982353069, 6.226560227580189 ], [ -75.609441310037624, 6.22656657379425 ], [ -75.609448165991452, 6.226578201973076 ], [ -75.609450544082591, 6.226582367621249 ], [ -75.609460144101192, 6.226599316789352 ], [ -75.60946917849877, 6.226615135946208 ], [ -75.609472958045103, 6.226622698884848 ], [ -75.609477477623457, 6.226632040021554 ], [ -75.609481787528367, 6.226640366835108 ], [ -75.609481812827752, 6.226640417459608 ], [ -75.609486120047237, 6.226649036280561 ], [ -75.609488333743059, 6.226653465924209 ], [ -75.609493831897936, 6.226665144843846 ], [ -75.609502342400759, 6.226681831929632 ], [ -75.609506051442949, 6.226688919345223 ], [ -75.609510966752111, 6.226698755865991 ], [ -75.609515247679255, 6.226706251862441 ], [ -75.609519843977978, 6.226714765789207 ], [ -75.609526728399288, 6.22673182367145 ], [ -75.609531743781346, 6.226749930406374 ], [ -75.609535142094771, 6.22676817469324 ], [ -75.609537393109306, 6.226786597174448 ], [ -75.60953812543741, 6.226793422668038 ], [ -75.609539401127975, 6.226805230319184 ], [ -75.609540955639801, 6.226823843613254 ], [ -75.609541796503223, 6.226842873733425 ], [ -75.609543351918646, 6.226861487027412 ], [ -75.609546054634137, 6.226879929359391 ], [ -75.609548124237236, 6.226889677524036 ], [ -75.609549979548603, 6.226897216215717 ], [ -75.609550040096764, 6.226897459399261 ], [ -75.609552392367021, 6.22690606753658 ], [ -75.609555093452556, 6.226915905148411 ], [ -75.609561799979247, 6.226933801096912 ], [ -75.609565445803639, 6.226941094640178 ], [ -75.609569638321204, 6.226950017229985 ], [ -75.609582551814924, 6.226975323126607 ], [ -75.609585104335423, 6.226980325907007 ], [ -75.609585135959136, 6.226980382859296 ], [ -75.609596247160738, 6.226994820454084 ], [ -75.609609443482967, 6.227010189944472 ], [ -75.609619851396374, 6.227019353387624 ], [ -75.609622785849865, 6.227021937809485 ], [ -75.609195743894418, 6.227187472319235 ], [ -75.608834630434757, 6.227327449913386 ], [ -75.60869694255895, 6.227380821838825 ], [ -75.608293159983475, 6.22753733852872 ], [ -75.608255332010785, 6.227548641323779 ], [ -75.608202259004614, 6.227557686154117 ], [ -75.608145797142868, 6.227553168742451 ], [ -75.608048686030202, 6.227582557321414 ], [ -75.60797441100992, 6.227611920513032 ], [ -75.607914311653957, 6.227635679254562 ], [ -75.607721217968944, 6.227686545805718 ], [ -75.607381891489567, 6.227775843372604 ], [ -75.607279698585018, 6.227804102160393 ], [ -75.6068980263002, 6.22790809358176 ], [ -75.606918921264537, 6.227956683544961 ], [ -75.606919494062424, 6.228070817636779 ], [ -75.606922338926466, 6.228366887408951 ], [ -75.606935916433599, 6.228734149130503 ], [ -75.606935930546356, 6.228922865343931 ], [ -75.606817357520242, 6.228878802483783 ], [ -75.606326697118149, 6.228739844005101 ], [ -75.606131337585424, 6.228703696523638 ], [ -75.605904921969042, 6.228633650522969 ], [ -75.605675118400924, 6.228560214510458 ], [ -75.605346503829566, 6.228429152981482 ], [ -75.605179937374743, 6.228365882430508 ], [ -75.605229044679092, 6.228156822308319 ], [ -75.6052606530383, 6.228017825362374 ], [ -75.605293952269747, 6.22782797654012 ], [ -75.605315962847541, 6.22770028001036 ], [ -75.60532555803789, 6.227643778139883 ], [ -75.605339102441974, 6.227557893531913 ] ] ] } },
{ "type": "Feature", "properties": { "NOMBRE": "Belén" }, "geometry": { "type": "Polygon", "coordinates": [ [ [ -75.593638234145345, 6.231478689469006 ], [ -75.594501533443605, 6.231447006403991 ], [ -75.594804732741551, 6.231436821482644 ], [ -75.595387981355373, 6.231413060471261 ], [ -75.595406049388387, 6.231411929367693 ], [ -75.596149085409635, 6.23138024964515 ], [ -75.596226437979169, 6.231385896255027 ], [ -75.596173339116305, 6.230922582504357 ], [ -75.596158652679719, 6.230803929906411 ], [ -75.596127021486353, 6.230554193291456 ], [ -75.596110641189682, 6.230435539888409 ], [ -75.596091436497872, 6.230295415533482 ], [ -75.5960682745973, 6.230058109061596 ], [ -75.596066576152509, 6.229965446143248 ], [ -75.596064876908187, 6.229859222518578 ], [ -75.596086881061964, 6.229552980690243 ], [ -75.596097041127635, 6.229498738167993 ], [ -75.596154620611642, 6.229289678389646 ], [ -75.596180028438141, 6.229284026589131 ], [ -75.596188497691202, 6.229281765969066 ], [ -75.596290691474294, 6.229253510233437 ], [ -75.596379334767562, 6.229234294853777 ], [ -75.596703419284978, 6.229147264495703 ], [ -75.5968225515782, 6.22911561655481 ], [ -75.596945071610719, 6.229083969285253 ], [ -75.597102032056966, 6.229038759179338 ], [ -75.597197450030862, 6.229007112601082 ], [ -75.597292869659043, 6.228987896652967 ], [ -75.597429503740244, 6.228946077874159 ], [ -75.597613565982741, 6.228898605826198 ], [ -75.597814565415149, 6.228840963031644 ], [ -75.598022341210211, 6.228783318830982 ], [ -75.598172526541958, 6.228747149302936 ], [ -75.598448619740054, 6.228683851230172 ], [ -75.59859541711954, 6.228645421679503 ], [ -75.598660911646107, 6.228628467512559 ], [ -75.598706158613155, 6.229972080194761 ], [ -75.598722548236964, 6.230255719398739 ], [ -75.598740071729821, 6.230596989723447 ], [ -75.598756464001255, 6.230921310141271 ], [ -75.59875648450992, 6.2312693619418 ], [ -75.599211564939367, 6.231245604011191 ], [ -75.59953113681712, 6.231227504896681 ], [ -75.599666645179127, 6.231219586474431 ], [ -75.600187785700996, 6.231190173953308 ], [ -75.600642866227318, 6.231169805868911 ], [ -75.601071409367179, 6.231151698426162 ], [ -75.601357105810905, 6.231141510939723 ], [ -75.60210917447381, 6.231113212376597 ], [ -75.602123290247249, 6.231114341439532 ], [ -75.602891169616868, 6.231115421272331 ], [ -75.604144619363481, 6.231085956112198 ], [ -75.604245685750442, 6.231083689369645 ], [ -75.604626237010791, 6.231075753147159 ], [ -75.605075107136244, 6.231065551333612 ], [ -75.60555277169064, 6.231035006764356 ], [ -75.605702396185251, 6.231046296704715 ], [ -75.605731194788362, 6.231091495926941 ], [ -75.605769034058625, 6.23123387860569 ], [ -75.605907399238063, 6.231707354396024 ], [ -75.605940722827469, 6.231854257648965 ], [ -75.605979693577581, 6.232023760733338 ], [ -75.606051420622805, 6.232316434964773 ], [ -75.606123714760315, 6.232639620731548 ], [ -75.606238371842167, 6.233185421150831 ], [ -75.606298234901857, 6.233365093103852 ], [ -75.606326474623771, 6.233492785730687 ], [ -75.606300502799485, 6.233496177042237 ], [ -75.606250251340839, 6.233492790807156 ], [ -75.606222587021719, 6.233525563778072 ], [ -75.606187020280032, 6.233577548366833 ], [ -75.60615314872706, 6.233657783388244 ], [ -75.606126617096322, 6.233734627657285 ], [ -75.606091615645752, 6.233806953255029 ], [ -75.606043063312868, 6.233882669180085 ], [ -75.60597418507308, 6.23395725662487 ], [ -75.605879897836672, 6.234012635034476 ], [ -75.605690192964687, 6.234121132676858 ], [ -75.605555253802208, 6.234196854325904 ], [ -75.605440640280193, 6.23425901457638 ], [ -75.605335058714687, 6.234305353285576 ], [ -75.605280291432749, 6.234318918187238 ], [ -75.605222136400883, 6.234321181849477 ], [ -75.60516849708354, 6.234317795770322 ], [ -75.605100177012119, 6.234309890569251 ], [ -75.604554745909226, 6.234200314335757 ], [ -75.60410868988528, 6.234124631927331 ], [ -75.603749022360475, 6.234059114220432 ], [ -75.603440168407687, 6.233973252402731 ], [ -75.603155596135707, 6.233908858858234 ], [ -75.603086714050988, 6.233935984358029 ], [ -75.603038721502372, 6.233938247947895 ], [ -75.60276036402189, 6.2339518259945 ], [ -75.60247240886784, 6.233967665599756 ], [ -75.602289471998475, 6.233978977378955 ], [ -75.602115569639878, 6.233983509008261 ], [ -75.601936585173263, 6.233994821290298 ], [ -75.60169154085456, 6.234008397337041 ], [ -75.60156393679658, 6.234018575847585 ], [ -75.601468515518761, 6.234011801214168 ], [ -75.601374222646129, 6.233992596742004 ], [ -75.601283881417075, 6.233962091391787 ], [ -75.601244356997526, 6.233945143233581 ], [ -75.601103761036498, 6.233850228861505 ], [ -75.600984618639487, 6.233732711807495 ], [ -75.600964855257601, 6.23371350215842 ], [ -75.600640742891869, 6.233380161374152 ], [ -75.600520471368199, 6.23326151423301 ], [ -75.600421657736774, 6.233171117091488 ], [ -75.60031550455767, 6.233089760895221 ], [ -75.600267509802791, 6.233058123371307 ], [ -75.600204270275839, 6.233029876136136 ], [ -75.600111106507413, 6.233005021068393 ], [ -75.599991407029549, 6.232994857611408 ], [ -75.59992252362666, 6.233002771697532 ], [ -75.599863239601646, 6.233020856572293 ], [ -75.599770643839605, 6.233046852247599 ], [ -75.599390096532289, 6.233151969126088 ], [ -75.599084641745208, 6.233236739809258 ], [ -75.598746440158948, 6.233336202279082 ], [ -75.598538098928032, 6.233393846800709 ], [ -75.598267083097042, 6.233427763068348 ], [ -75.598229818690967, 6.233432285659807 ], [ -75.598198764313381, 6.233436806952587 ], [ -75.598177309267854, 6.233436808306603 ], [ -75.598156418020338, 6.233437939683064 ], [ -75.598137786125946, 6.233437940857467 ], [ -75.598119153399267, 6.233439072090128 ], [ -75.598098826710711, 6.23343907336989 ], [ -75.598079630257061, 6.233440204636636 ], [ -75.598056480559165, 6.233442465306016 ], [ -75.598029943912167, 6.23344359703231 ], [ -75.597999454091649, 6.233446989123082 ], [ -75.597978563746764, 6.233448120492445 ], [ -75.597960495791185, 6.233451511801813 ], [ -75.597940169243557, 6.233453772289136 ], [ -75.597920972930424, 6.23345716366783 ], [ -75.597897258742208, 6.23346168538734 ], [ -75.597877497036038, 6.23346733691755 ], [ -75.597858865422793, 6.233471857413497 ], [ -75.597840797606679, 6.233477508836486 ], [ -75.59782047217243, 6.233483160399766 ], [ -75.597802404425963, 6.2334899418803 ], [ -75.597779819847759, 6.233500112914338 ], [ -75.597755542351521, 6.233511415015776 ], [ -75.597734651592233, 6.233520456787556 ], [ -75.597708679440132, 6.233534018206009 ], [ -75.597687225092585, 6.233545320128694 ], [ -75.597669157692991, 6.233557750994916 ], [ -75.597652219553382, 6.233570182694447 ], [ -75.597637539934524, 6.233582614253261 ], [ -75.597622296517869, 6.233593914883732 ], [ -75.597608746088454, 6.233605216312831 ], [ -75.597592937416749, 6.233621038117009 ], [ -75.59757825800493, 6.233636858946706 ], [ -75.597561884910661, 6.233656070961514 ], [ -75.597550594043454, 6.233669631462874 ], [ -75.597537608590457, 6.233686583149489 ], [ -75.597524058506053, 6.23370353396666 ], [ -75.597509943790286, 6.233720485722441 ], [ -75.597493570690915, 6.233739696831083 ], [ -75.597475503907887, 6.233762299124457 ], [ -75.597458002866404, 6.233788290654832 ], [ -75.597441630181137, 6.233814283019065 ], [ -75.597425257424561, 6.233839144419886 ], [ -75.597298226694207, 6.234006397333449 ], [ -75.597288064240445, 6.234021087818741 ], [ -75.597275078839743, 6.234039169557755 ], [ -75.597259271325598, 6.234059510683273 ], [ -75.597245156799644, 6.234079852608548 ], [ -75.597228219394708, 6.234104714037874 ], [ -75.597212411250183, 6.234129576301527 ], [ -75.597196603104123, 6.234154437660658 ], [ -75.59718023039467, 6.234180429112734 ], [ -75.596913187441032, 6.234589517656214 ], [ -75.596708810774288, 6.234890119350313 ], [ -75.596686791972289, 6.234920631362987 ], [ -75.596669854582373, 6.234946623737295 ], [ -75.596474509590848, 6.235211062912905 ], [ -75.596340705000287, 6.235417867157511 ], [ -75.596324896573009, 6.235439338313944 ], [ -75.595943805644012, 6.235988557736051 ], [ -75.595933643114677, 6.236003248195252 ], [ -75.595919528618921, 6.236025850202781 ], [ -75.595898639893761, 6.236056362116097 ], [ -75.595523758014124, 6.236603319848021 ], [ -75.595514724597521, 6.236615751019917 ], [ -75.595388807465469, 6.236486933411113 ], [ -75.595144876833118, 6.236236077099373 ], [ -75.594775030113979, 6.235865443390509 ], [ -75.594443580105704, 6.235532098311605 ], [ -75.594435110175766, 6.23552418837392 ], [ -75.594364529895145, 6.235469950400084 ], [ -75.594114389796289, 6.235212313605753 ], [ -75.594025739555136, 6.235125304880154 ], [ -75.593764332627359, 6.235382966342989 ], [ -75.59375697771361, 6.235081246453319 ], [ -75.593746795241671, 6.23468234346408 ], [ -75.593743968231308, 6.234595330894337 ], [ -75.593721915894292, 6.233931999299929 ], [ -75.593717389756065, 6.233748933627635 ], [ -75.59370777246788, 6.233359070173628 ], [ -75.593700989053772, 6.233198605801738 ], [ -75.593688553818623, 6.232903665637643 ], [ -75.593665939301204, 6.23229909622842 ], [ -75.593663113303819, 6.232230164599998 ], [ -75.59364106495255, 6.231652715667502 ], [ -75.593638234145345, 6.231478689469006 ] ] ] } },
{ "type": "Feature", "properties": { "NOMBRE": "Cerro Nutibara" }, "geometry": { "type": "Polygon", "coordinates": [ [ [ -75.576284770164477, 6.236119176971926 ], [ -75.576101259637227, 6.235597101846913 ], [ -75.575917185650866, 6.235070506434434 ], [ -75.575814419857821, 6.234762007928078 ], [ -75.575755695874307, 6.234519050102191 ], [ -75.575703747356627, 6.23426818262295 ], [ -75.575674383381042, 6.234025225089396 ], [ -75.57565969909497, 6.233702033979702 ], [ -75.575659693524543, 6.233340421472934 ], [ -75.575637666003601, 6.232821733945897 ], [ -75.575615640386189, 6.232394580281522 ], [ -75.575608294269855, 6.231968555472979 ], [ -75.575622968337001, 6.23157078168827 ], [ -75.57562748255134, 6.231343644285775 ], [ -75.576224286434808, 6.231522182004434 ], [ -75.576346244198234, 6.23155834125351 ], [ -75.5765043383863, 6.231603540150921 ], [ -75.576529746602247, 6.231641960688107 ], [ -75.576570964940899, 6.231704112110291 ], [ -75.576625169091372, 6.231777563829137 ], [ -75.576687278359486, 6.231864576072018 ], [ -75.576712122099224, 6.231908646907346 ], [ -75.576725673793604, 6.231935768016119 ], [ -75.576738095556834, 6.231973058775615 ], [ -75.576747694853296, 6.232000179972577 ], [ -75.576753341800384, 6.232029560471934 ], [ -75.576758987565313, 6.232046511227843 ], [ -75.576760117483289, 6.232075891828735 ], [ -75.576758989140131, 6.23211657306904 ], [ -75.576760119210689, 6.232152734927137 ], [ -75.576758989760776, 6.232184375696589 ], [ -75.576754473567505, 6.232221666836516 ], [ -75.576746569726595, 6.232264608346854 ], [ -75.576738101255401, 6.232307550773804 ], [ -75.576722857436479, 6.232359532015421 ], [ -75.576709307299652, 6.232402473651823 ], [ -75.576866271584223, 6.232446543311308 ], [ -75.576967338890213, 6.232428460969457 ], [ -75.577485096317758, 6.232530155063449 ], [ -75.577625686894905, 6.232555013887085 ], [ -75.578081335705974, 6.232635237773447 ], [ -75.578146267578504, 6.232651057873921 ], [ -75.579402551515415, 6.232939192532033 ], [ -75.579986935651817, 6.23308382457091 ], [ -75.580670692407253, 6.233202462549783 ], [ -75.581000996977252, 6.233249916846552 ], [ -75.58129855183229, 6.233257819896039 ], [ -75.581830988535529, 6.2332736266038 ], [ -75.582042720938389, 6.233265711158459 ], [ -75.582441907647734, 6.233280390602305 ], [ -75.582704455857936, 6.233299594611076 ], [ -75.582704459606234, 6.233437459079832 ], [ -75.582699958049503, 6.23400360877658 ], [ -75.582693751340443, 6.23412904280748 ], [ -75.582685286773341, 6.234327929836375 ], [ -75.582673445119795, 6.234871478603207 ], [ -75.58267062581578, 6.235012733343693 ], [ -75.582648617250641, 6.235452318845409 ], [ -75.582642974584587, 6.235587924290517 ], [ -75.582622097631855, 6.236098701653182 ], [ -75.582619280168728, 6.236295328373467 ], [ -75.582617025666949, 6.236442233388991 ], [ -75.582602359404063, 6.236946231093037 ], [ -75.582639631508243, 6.23721291921133 ], [ -75.582643020150371, 6.237237780392253 ], [ -75.58275764910158, 6.23761294973609 ], [ -75.582771765789232, 6.237663801002507 ], [ -75.582858161838573, 6.237973428770787 ], [ -75.582874537317352, 6.238031060310691 ], [ -75.582979005039292, 6.238434481424261 ], [ -75.583020795265995, 6.238722640479085 ], [ -75.583031527448227, 6.23889440544083 ], [ -75.583034917247105, 6.238952037422118 ], [ -75.583064291922042, 6.239451513387101 ], [ -75.582779719940007, 6.239462821893646 ], [ -75.581831713129532, 6.239494488506979 ], [ -75.581003971088435, 6.23952501969877 ], [ -75.580586147557781, 6.239539720347957 ], [ -75.58037328334288, 6.239547635241902 ], [ -75.580161549265867, 6.239554420862455 ], [ -75.579610473337198, 6.239573643006804 ], [ -75.578982044894275, 6.239595127669265 ], [ -75.577512322734975, 6.239649396857322 ], [ -75.577197245390266, 6.238757802325873 ], [ -75.576881040952358, 6.237875247198795 ], [ -75.576694705442506, 6.23732605183572 ], [ -75.576284770164477, 6.236119176971926 ] ] ] } },
{ "type": "Feature", "properties": { "NOMBRE": "Diego Echavarría" }, "geometry": { "type": "Polygon", "coordinates": [ [ [ -75.592919967134875, 6.217804129007318 ], [ -75.592954963473375, 6.217604110344318 ], [ -75.593026650629042, 6.21723458451028 ], [ -75.593052616152875, 6.217092198420298 ], [ -75.593101160387221, 6.216858278162389 ], [ -75.593177929452978, 6.216483101741693 ], [ -75.593242285917228, 6.216309072838408 ], [ -75.593249059570411, 6.216294382613179 ], [ -75.593314547638684, 6.216165555090713 ], [ -75.593548230754962, 6.214876169695513 ], [ -75.593612578002379, 6.214521334945656 ], [ -75.593933753806411, 6.212846601769079 ], [ -75.594173080432384, 6.211563997043326 ], [ -75.594281450497391, 6.210893878767964 ], [ -75.594315882275254, 6.210711940987856 ], [ -75.594355393384731, 6.210508531803437 ], [ -75.594367810209476, 6.21041134785567 ], [ -75.594372320517095, 6.210293824194022 ], [ -75.594360455993623, 6.210120928563005 ], [ -75.594337866780961, 6.210014706099336 ], [ -75.594274059612701, 6.209859894304963 ], [ -75.594195575219615, 6.209733333885904 ], [ -75.594161131477279, 6.209665533170333 ], [ -75.594131205143242, 6.20960790273192 ], [ -75.594043115179659, 6.209331047705866 ], [ -75.594047632326564, 6.209336697750547 ], [ -75.594285341300036, 6.209639535814381 ], [ -75.594487480125096, 6.209920905553531 ], [ -75.594920566292132, 6.210760502157729 ], [ -75.595010345832577, 6.210934523392448 ], [ -75.595102383793431, 6.211107414423706 ], [ -75.595456419497197, 6.211771859601673 ], [ -75.59552305080274, 6.211935711560063 ], [ -75.595568787224323, 6.212022721626838 ], [ -75.595983244184382, 6.212821637227093 ], [ -75.596163368899795, 6.213177590602344 ], [ -75.596379067650687, 6.213591172988012 ], [ -75.596499904333044, 6.21382508433053 ], [ -75.596896859635436, 6.214598008907918 ], [ -75.596908716911031, 6.214620609365716 ], [ -75.597191047971222, 6.215179963156852 ], [ -75.597277440795111, 6.215344943742414 ], [ -75.597690773243343, 6.216135947659009 ], [ -75.597974799641577, 6.216693040807839 ], [ -75.598123306120868, 6.216978931846567 ], [ -75.59841184921909, 6.217532634299127 ], [ -75.598472833027515, 6.217649024675762 ], [ -75.598626987479875, 6.217955256272807 ], [ -75.599040889755656, 6.218777900744045 ], [ -75.598380856517934, 6.218597132732405 ], [ -75.597893594232971, 6.21843669417533 ], [ -75.597735502508201, 6.218397151980836 ], [ -75.597632770976688, 6.2188683838722 ], [ -75.597609625337896, 6.218926017406135 ], [ -75.597556562154395, 6.219097786025391 ], [ -75.597468496348071, 6.219327188899858 ], [ -75.595379972345526, 6.218341906922409 ], [ -75.595107262438702, 6.218224396490371 ], [ -75.59474365385833, 6.218146442224912 ], [ -75.594406582213637, 6.218084307049001 ], [ -75.594053136599584, 6.218017652327667 ], [ -75.593863992620825, 6.217981499961331 ], [ -75.59347271946919, 6.217908066574096 ], [ -75.592919967134875, 6.217804129007318 ] ] ] } },
{ "type": "Feature", "properties": { "NOMBRE": "El Nogal" }, "geometry": { "type": "Polygon", "coordinates": [ [ [ -75.595523758014124, 6.236603319848021 ], [ -75.595898639893761, 6.236056362116097 ], [ -75.595919528618921, 6.236025850202781 ], [ -75.595933643114677, 6.236003248195252 ], [ -75.595943805644012, 6.235988557736051 ], [ -75.596324896573009, 6.235439338313944 ], [ -75.596340705000287, 6.235417867157511 ], [ -75.596474509590848, 6.235211062912905 ], [ -75.596669854582373, 6.234946623737295 ], [ -75.596686791972289, 6.234920631362987 ], [ -75.596708810774288, 6.234890119350313 ], [ -75.596913187441032, 6.234589517656214 ], [ -75.59718023039467, 6.234180429112734 ], [ -75.597196603104123, 6.234154437660658 ], [ -75.597212411250183, 6.234129576301527 ], [ -75.597228219394708, 6.234104714037874 ], [ -75.597245156799644, 6.234079852608548 ], [ -75.597259271325598, 6.234059510683273 ], [ -75.597275078839743, 6.234039169557755 ], [ -75.597288064240445, 6.234021087818741 ], [ -75.597298226694207, 6.234006397333449 ], [ -75.597425257424561, 6.233839144419886 ], [ -75.597441630181137, 6.233814283019065 ], [ -75.597458002866404, 6.233788290654832 ], [ -75.597475503907887, 6.233762299124457 ], [ -75.597493570690915, 6.233739696831083 ], [ -75.597509943790286, 6.233720485722441 ], [ -75.597524058506053, 6.23370353396666 ], [ -75.597537608590457, 6.233686583149489 ], [ -75.597550594043454, 6.233669631462874 ], [ -75.597561884910661, 6.233656070961514 ], [ -75.59757825800493, 6.233636858946706 ], [ -75.597592937416749, 6.233621038117009 ], [ -75.597608746088454, 6.233605216312831 ], [ -75.597622296517869, 6.233593914883732 ], [ -75.597637539934524, 6.233582614253261 ], [ -75.597652219553382, 6.233570182694447 ], [ -75.597669157692991, 6.233557750994916 ], [ -75.597687225092585, 6.233545320128694 ], [ -75.597708679440132, 6.233534018206009 ], [ -75.597734651592233, 6.233520456787556 ], [ -75.597755542351521, 6.233511415015776 ], [ -75.597779819847759, 6.233500112914338 ], [ -75.597802404425963, 6.2334899418803 ], [ -75.59782047217243, 6.233483160399766 ], [ -75.597840797606679, 6.233477508836486 ], [ -75.597858865422793, 6.233471857413497 ], [ -75.597877497036038, 6.23346733691755 ], [ -75.597897258742208, 6.23346168538734 ], [ -75.597920972930424, 6.23345716366783 ], [ -75.597940169243557, 6.233453772289136 ], [ -75.597960495791185, 6.233451511801813 ], [ -75.597978563746764, 6.233448120492445 ], [ -75.597999454091649, 6.233446989123082 ], [ -75.598029943912167, 6.23344359703231 ], [ -75.598056480559165, 6.233442465306016 ], [ -75.598079630257061, 6.233440204636636 ], [ -75.598098826710711, 6.23343907336989 ], [ -75.598119153399267, 6.233439072090128 ], [ -75.598137786125946, 6.233437940857467 ], [ -75.598156418020338, 6.233437939683064 ], [ -75.598177309267854, 6.233436808306603 ], [ -75.598198764313381, 6.233436806952587 ], [ -75.598229818690967, 6.233432285659807 ], [ -75.598228693949793, 6.233518168396451 ], [ -75.598230391979399, 6.233583710799225 ], [ -75.59824340663198, 6.234086577130713 ], [ -75.598254155119307, 6.234453839253643 ], [ -75.598259812529406, 6.234643685168843 ], [ -75.59827904615419, 6.235286675693111 ], [ -75.598277353687124, 6.235309276977491 ], [ -75.598269455435684, 6.235427930945807 ], [ -75.598273982194769, 6.235609867424387 ], [ -75.598292078477613, 6.236095782550178 ], [ -75.598349105300272, 6.236092388760365 ], [ -75.598612220986936, 6.23612514552469 ], [ -75.598857834273062, 6.236162422616294 ], [ -75.598960597961039, 6.236197447815346 ], [ -75.598974148546063, 6.23620196717563 ], [ -75.599096112025222, 6.236285582734783 ], [ -75.599272850628964, 6.236469768130032 ], [ -75.59938521890146, 6.236620056816511 ], [ -75.599551238347161, 6.236950018604642 ], [ -75.599644412738613, 6.23715341945502 ], [ -75.599647236430698, 6.237161329681071 ], [ -75.599794626710064, 6.237543274423237 ], [ -75.599849969199369, 6.237709386700202 ], [ -75.60004028259695, 6.238276654565657 ], [ -75.600199520467541, 6.238503782149052 ], [ -75.600234547804462, 6.238841661980097 ], [ -75.60019220108218, 6.238842793969871 ], [ -75.598618591394896, 6.238888088413775 ], [ -75.598348135737609, 6.238896014237048 ], [ -75.597968707256612, 6.238906206882462 ], [ -75.597312613604856, 6.238934493654044 ], [ -75.59670507727914, 6.23895599813911 ], [ -75.595768364102739, 6.23898881826412 ], [ -75.595731099084674, 6.238989950502516 ], [ -75.595698915792056, 6.238991082441576 ], [ -75.595675765774729, 6.238992213851685 ], [ -75.595381031632428, 6.239001268725044 ], [ -75.594434155807917, 6.239035218031721 ], [ -75.594025367344628, 6.239052188933971 ], [ -75.593709177148071, 6.239064634234464 ], [ -75.592256396052392, 6.239116684349147 ], [ -75.590860077527807, 6.239152906863906 ], [ -75.590687301901454, 6.239160824847808 ], [ -75.590381275124926, 6.239175528678938 ], [ -75.590209629407596, 6.239197006254142 ], [ -75.590110255532466, 6.239203790462704 ], [ -75.590081460033161, 6.239204921897207 ], [ -75.589916589663147, 6.239220748759243 ], [ -75.590309552602847, 6.23881617884535 ], [ -75.590610484402504, 6.238478284797917 ], [ -75.590975797153618, 6.23849295943644 ], [ -75.591360307193582, 6.238482772468374 ], [ -75.591783774866627, 6.238464673727835 ], [ -75.59252851517347, 6.238437518349182 ], [ -75.593045146855616, 6.238421673825665 ], [ -75.593630661560013, 6.238393395305214 ], [ -75.593892646938642, 6.238375301835685 ], [ -75.594007264520599, 6.238345915800577 ], [ -75.594206008478508, 6.238255502798487 ], [ -75.594418864772209, 6.238102937502545 ], [ -75.594578080929864, 6.237956024531907 ], [ -75.594710194094731, 6.237769560985495 ], [ -75.594874488641366, 6.237551455738069 ], [ -75.595070399087604, 6.237256505533328 ], [ -75.595226788449381, 6.237038399724249 ], [ -75.595307521231703, 6.23688245056925 ], [ -75.595373579157481, 6.236808994738869 ], [ -75.595380919005677, 6.236802213961578 ], [ -75.595445845562622, 6.236708418032033 ], [ -75.595475768792781, 6.236667735083238 ], [ -75.595502303575259, 6.236631572564806 ], [ -75.595514724597521, 6.236615751019917 ], [ -75.595523758014124, 6.236603319848021 ] ] ] } },
{ "type": "Feature", "properties": { "NOMBRE": "El Rincón" }, "geometry": { "type": "Polygon", "coordinates": [ [ [ -75.603121871428684, 6.216124210945322 ], [ -75.603114701683751, 6.216116858849822 ], [ -75.603113603209138, 6.216117329937941 ], [ -75.603106430647401, 6.216108497013396 ], [ -75.60309005576579, 6.216092677375141 ], [ -75.603074810930437, 6.216075727595728 ], [ -75.603059565192694, 6.216058777815938 ], [ -75.603044884149085, 6.216042958957786 ], [ -75.603032462374856, 6.216026008972982 ], [ -75.603021733614298, 6.216010188924391 ], [ -75.603010440242755, 6.215994368916379 ], [ -75.603000840462755, 6.215975159513242 ], [ -75.602990675990512, 6.215954819187798 ], [ -75.602982205434984, 6.215935608798724 ], [ -75.602966394127193, 6.21589266860722 ], [ -75.602963570338389, 6.215882498281215 ], [ -75.602945500506735, 6.215838428193201 ], [ -75.602937029711143, 6.215815827626825 ], [ -75.60292855924105, 6.215797748199798 ], [ -75.602924041954537, 6.215779667583621 ], [ -75.602919523602637, 6.215759326849749 ], [ -75.602912746724655, 6.215737857123793 ], [ -75.602905405235845, 6.215716386534386 ], [ -75.602899193873597, 6.215694915863462 ], [ -75.602892981446359, 6.215671185978861 ], [ -75.602886769181779, 6.215649715307856 ], [ -75.602881122513452, 6.215629375558962 ], [ -75.60288094447516, 6.215628360326894 ], [ -75.602877168613574, 6.215606774666352 ], [ -75.60287210348443, 6.215583130583368 ], [ -75.602872085410723, 6.215583044700193 ], [ -75.602866437678159, 6.215560443929443 ], [ -75.602861355541606, 6.215538973176789 ], [ -75.602857401724364, 6.215517503246942 ], [ -75.602854012437462, 6.215494902313528 ], [ -75.602850058539858, 6.21547230232476 ], [ -75.602847799378992, 6.215449701309993 ], [ -75.602845539395943, 6.215428230354141 ], [ -75.602844973084132, 6.215404500062756 ], [ -75.602841018944588, 6.215378508993298 ], [ -75.602839889074872, 6.215369469507696 ], [ -75.60283650019457, 6.215352518868466 ], [ -75.602830288596593, 6.215327658020152 ], [ -75.602824640949621, 6.215306188211859 ], [ -75.60281955791389, 6.21528471745887 ], [ -75.602815604019369, 6.215262117469846 ], [ -75.602809392423467, 6.215237256621287 ], [ -75.602804157023314, 6.215220046653047 ], [ -75.602801486011543, 6.215211265835578 ], [ -75.602790756627599, 6.215186406215464 ], [ -75.602779463860642, 6.215166065967005 ], [ -75.602770428634102, 6.215145726460268 ], [ -75.602758571015713, 6.215121996075323 ], [ -75.602743889522515, 6.215099395951592 ], [ -75.602728643662232, 6.215080186948575 ], [ -75.602712834095769, 6.21506097708148 ], [ -75.602697588318335, 6.215042897232375 ], [ -75.602681778754132, 6.215023687364351 ], [ -75.602666533059519, 6.215006738477253 ], [ -75.602651288188611, 6.214988658626747 ], [ -75.602634348503287, 6.214969448838185 ], [ -75.602616280662573, 6.214952499247483 ], [ -75.602601035052587, 6.214936680417355 ], [ -75.602534971649376, 6.21485532180102 ], [ -75.602511819833879, 6.214803341648692 ], [ -75.602440112259401, 6.214761534579167 ], [ -75.602426562195291, 6.214757015307926 ], [ -75.602336223958375, 6.214723119961527 ], [ -75.602147079320417, 6.214668890526782 ], [ -75.60207706871789, 6.214671154679783 ], [ -75.602038112547874, 6.214685848189402 ], [ -75.60202851441187, 6.214689238137675 ], [ -75.601743967566492, 6.214864412694784 ], [ -75.601692025607804, 6.214896057064715 ], [ -75.601555962557342, 6.214986468535282 ], [ -75.601231895282524, 6.21520006665862 ], [ -75.601176565957019, 6.215223800799065 ], [ -75.601144948888276, 6.215227193149265 ], [ -75.601080581434957, 6.215174084801884 ], [ -75.600746888337625, 6.214946967562618 ], [ -75.600474739806444, 6.214772958731538 ], [ -75.600439169956942, 6.214768440893987 ], [ -75.600427320419882, 6.214876924631148 ], [ -75.600416029500181, 6.214896136392259 ], [ -75.600385542732809, 6.214928909247277 ], [ -75.600347151712626, 6.214952642160887 ], [ -75.600209393380496, 6.215024973360321 ], [ -75.600125261294153, 6.214921014474326 ], [ -75.600093641382344, 6.214881465428912 ], [ -75.600077831917403, 6.214862255482871 ], [ -75.600068797250231, 6.214848696283038 ], [ -75.60000160772347, 6.214808018639727 ], [ -75.599956436581792, 6.214759430016853 ], [ -75.599888114718169, 6.214671290866088 ], [ -75.599749213809389, 6.214513093629004 ], [ -75.599717594247352, 6.214478063892451 ], [ -75.599692184866996, 6.214448684942755 ], [ -75.599683151342845, 6.214438515008792 ], [ -75.599638544871965, 6.214389926321474 ], [ -75.599608619376468, 6.214358286643408 ], [ -75.599519971153811, 6.214262238370147 ], [ -75.599397444710263, 6.214126641142729 ], [ -75.599276613134833, 6.213992173835262 ], [ -75.599219019696932, 6.21392776513468 ], [ -75.599176108116495, 6.213880306356854 ], [ -75.599132066129513, 6.213828326509404 ], [ -75.59902309094295, 6.213699508668568 ], [ -75.599007845330917, 6.213681428712862 ], [ -75.599001068377589, 6.213641877994868 ], [ -75.59912808110407, 6.213265568302176 ], [ -75.599183975876997, 6.21325652420096 ], [ -75.599256244496175, 6.213264430814515 ], [ -75.59948660285653, 6.213289277958029 ], [ -75.599672329140191, 6.212846291711877 ], [ -75.599893057960955, 6.212360361746388 ], [ -75.599918461424153, 6.212301597903452 ], [ -75.599986777151258, 6.212288033560941 ], [ -75.600054528413864, 6.21229029007131 ], [ -75.600115506114818, 6.21230497676874 ], [ -75.600249883124434, 6.212351300193052 ], [ -75.600368985007051, 6.21188458692651 ], [ -75.600378013122068, 6.211800963771418 ], [ -75.600379702094543, 6.21171508008814 ], [ -75.60037122715768, 6.211614507227309 ], [ -75.600328862656895, 6.211290189508899 ], [ -75.600293839524696, 6.210987340604834 ], [ -75.600252610067628, 6.210762466176141 ], [ -75.600476753001416, 6.210731941323471 ], [ -75.600865758850247, 6.21072513729956 ], [ -75.600940850544276, 6.210725132173722 ], [ -75.601390834482117, 6.210740924769691 ], [ -75.601501494862731, 6.210745438241546 ], [ -75.601494140790976, 6.210513780300698 ], [ -75.601426362623428, 6.210078720472273 ], [ -75.601412238115557, 6.209929555488163 ], [ -75.601410535003581, 6.209781520606894 ], [ -75.601407698370409, 6.20955777366822 ], [ -75.601377187221615, 6.209191643035327 ], [ -75.60136585917067, 6.208616453800915 ], [ -75.601357947537309, 6.208498930938041 ], [ -75.601353990959396, 6.20843564881913 ], [ -75.601337614164436, 6.208374627676113 ], [ -75.601271548262488, 6.208228856450646 ], [ -75.60122016360279, 6.208131676737324 ], [ -75.601193061539149, 6.20810229707245 ], [ -75.601152407920395, 6.208057098417751 ], [ -75.601097075299705, 6.208008510590932 ], [ -75.600842429242135, 6.207780257922997 ], [ -75.600661751619072, 6.207643534890059 ], [ -75.600584397833202, 6.207568957148265 ], [ -75.600549389801358, 6.207515847653061 ], [ -75.600457912567407, 6.207302275414897 ], [ -75.600408221343841, 6.207182494331072 ], [ -75.600347799907283, 6.207020902689901 ], [ -75.600331988252364, 6.206965531772032 ], [ -75.600321823979229, 6.206930501534006 ], [ -75.600321257640658, 6.206904510218155 ], [ -75.600318994099098, 6.206827668175467 ], [ -75.600318420661679, 6.20668189333258 ], [ -75.600320672270882, 6.206566628985271 ], [ -75.600321799058037, 6.206530467929977 ], [ -75.600339286969785, 6.206282988384081 ], [ -75.600356211401817, 6.206066019560779 ], [ -75.6003590290413, 6.20598578700006 ], [ -75.600349426364389, 6.205905555274271 ], [ -75.600287310912591, 6.205724752739355 ], [ -75.600281099551168, 6.205713452567423 ], [ -75.600249479954869, 6.205670513354804 ], [ -75.600207698080183, 6.205635484328702 ], [ -75.600160835557645, 6.205611756227627 ], [ -75.600060899919669, 6.205564300427064 ], [ -75.600043397383658, 6.205551870946084 ], [ -75.600014037116097, 6.205522492275188 ], [ -75.599993144505987, 6.205486331782074 ], [ -75.599989191480546, 6.205473902301622 ], [ -75.599981850709554, 6.205445651318337 ], [ -75.599960386338452, 6.205287447216732 ], [ -75.599927629763386, 6.20511229298136 ], [ -75.599927064416988, 6.205100993334306 ], [ -75.599899393514306, 6.20499025121064 ], [ -75.599911249357831, 6.204992510541484 ], [ -75.599943431178275, 6.204986858109878 ], [ -75.600014566268882, 6.204932612361233 ], [ -75.600086831444216, 6.204891926329928 ], [ -75.600164742378865, 6.204861410441045 ], [ -75.600173211224828, 6.204859149756997 ], [ -75.600243783633303, 6.204834284641505 ], [ -75.600290079303988, 6.204825241970211 ], [ -75.600337504852092, 6.204826368844675 ], [ -75.60044364900358, 6.204844442643986 ], [ -75.600681907404564, 6.204871549754478 ], [ -75.600777888092679, 6.204879453646189 ], [ -75.600879513938153, 6.204874927391904 ], [ -75.601239720329801, 6.204846653937099 ], [ -75.601415871211628, 6.204837602203994 ], [ -75.601465555364285, 6.204828559194945 ], [ -75.601494915439744, 6.204854548512541 ], [ -75.601559281831584, 6.204909916022966 ], [ -75.601738831670318, 6.205077150416583 ], [ -75.601938143259602, 6.205253423832661 ], [ -75.602036387659354, 6.205335910317526 ], [ -75.602083250368025, 6.20537432811321 ], [ -75.602105835410669, 6.205389017285755 ], [ -75.602141406073059, 6.205413876070378 ], [ -75.602206336275842, 6.20544325301222 ], [ -75.602221579900629, 6.205447772169247 ], [ -75.602318692548252, 6.205492967643133 ], [ -75.602410159927103, 6.205548333126401 ], [ -75.602460974885432, 6.205586751511497 ], [ -75.602492029596561, 6.205610479631157 ], [ -75.602607210862914, 6.205687315412053 ], [ -75.602689644050173, 6.205733641021747 ], [ -75.602714486463213, 6.205746069888773 ], [ -75.602761349111873, 6.205769797763041 ], [ -75.602868626134935, 6.205835333465563 ], [ -75.602949931290411, 6.205909910587437 ], [ -75.603063411492755, 6.205871481291247 ], [ -75.6031289022485, 6.205843225980919 ], [ -75.603229961211881, 6.205792367805581 ], [ -75.603266094265436, 6.205785584825287 ], [ -75.603285854964014, 6.205781064056098 ], [ -75.603337796508669, 6.205769759684683 ], [ -75.60336489660375, 6.20577201782676 ], [ -75.603405547116466, 6.205774275882417 ], [ -75.603483462593005, 6.205794611248035 ], [ -75.603665264467551, 6.205849970801862 ], [ -75.603679378914876, 6.205854489999765 ], [ -75.603778749087624, 6.205884994273704 ], [ -75.603943613317909, 6.205932444567806 ], [ -75.603954904682084, 6.205935833908444 ], [ -75.604123155462986, 6.205968594034472 ], [ -75.604203892678186, 6.205983278789535 ], [ -75.604417875372889, 6.206029596118143 ], [ -75.604494661386212, 6.206045411183604 ], [ -75.604587255583311, 6.206064615225245 ], [ -75.604827774935529, 6.206115450625685 ], [ -75.604935612568767, 6.206135783510908 ], [ -75.605013526447351, 6.20613351837744 ], [ -75.605015199468824, 6.206133458583092 ], [ -75.605139994041863, 6.206128989412702 ], [ -75.605153544382475, 6.206127858319878 ], [ -75.605200969713792, 6.206124464521753 ], [ -75.605289573557044, 6.206104885124739 ], [ -75.605369779885123, 6.20608716146187 ], [ -75.605399138881097, 6.206083769031808 ], [ -75.60547705132781, 6.2060747234768 ], [ -75.605505844818012, 6.206071331084306 ], [ -75.605605670928014, 6.206073010341576 ], [ -75.605639653631243, 6.206073581787779 ], [ -75.605689337619594, 6.206073578851941 ], [ -75.605827662862453, 6.206082608607594 ], [ -75.605884123112432, 6.206096165833957 ], [ -75.605909530567956, 6.206113113838073 ], [ -75.605945101982229, 6.206144752719434 ], [ -75.605960414593881, 6.206176209654313 ], [ -75.605960947663263, 6.206177318878598 ], [ -75.605966000979734, 6.206187824416452 ], [ -75.605965952200989, 6.206187860582133 ], [ -75.60596527291159, 6.206188360573062 ], [ -75.605962573820094, 6.206190346070612 ], [ -75.605966545092897, 6.206191559896675 ], [ -75.605968035026635, 6.206195304343729 ], [ -75.605986890931192, 6.2062656648605 ], [ -75.605986894931533, 6.206328946348613 ], [ -75.605970530656521, 6.206458902584627 ], [ -75.605964585148698, 6.206546009793061 ], [ -75.605961365464097, 6.20659136699043 ], [ -75.605965599200289, 6.206668824511711 ], [ -75.60596603615754, 6.206676997967459 ], [ -75.605966047005609, 6.206677097411796 ], [ -75.605968343917993, 6.206684383852528 ], [ -75.605986924359925, 6.206743670717906 ], [ -75.606013016761096, 6.206786008826296 ], [ -75.606028626163209, 6.206811810017451 ], [ -75.606036519858321, 6.206824868362131 ], [ -75.606053508058025, 6.206842424535526 ], [ -75.606172585412679, 6.206965701941471 ], [ -75.606188819143114, 6.206981074895817 ], [ -75.606217535565619, 6.207008268191778 ], [ -75.606259643582973, 6.207048760777096 ], [ -75.606369746410735, 6.207152716643689 ], [ -75.606438064851631, 6.207184353820205 ], [ -75.606484927085134, 6.207199039988848 ], [ -75.606621207293031, 6.20724089293555 ], [ -75.606720460481469, 6.207271695000315 ], [ -75.6069311421289, 6.207318101072133 ], [ -75.606983269619036, 6.207338164049032 ], [ -75.606985729555291, 6.207339128471007 ], [ -75.607035417080311, 6.207370765248324 ], [ -75.607051226936576, 6.207383195536711 ], [ -75.607064637434306, 6.207395315024234 ], [ -75.607156277686343, 6.207478480927241 ], [ -75.607159071844265, 6.2075131409649 ], [ -75.607153993393524, 6.207550433314357 ], [ -75.607159963080292, 6.207576311184148 ], [ -75.607164109188687, 6.20759479047858 ], [ -75.607191497097716, 6.207715728087305 ], [ -75.607206050014597, 6.207780076088317 ], [ -75.607206059051066, 6.207780111345427 ], [ -75.607228355119304, 6.207838268714261 ], [ -75.607235236171846, 6.207885063447664 ], [ -75.607235272326719, 6.207885317481998 ], [ -75.607238144812641, 6.207905258722223 ], [ -75.60723306880061, 6.207973062661648 ], [ -75.607227033696475, 6.208010468998522 ], [ -75.607220963287546, 6.208046964058688 ], [ -75.607201205085047, 6.208151317991529 ], [ -75.607159217990116, 6.208281185009971 ], [ -75.607141798139153, 6.20833465807877 ], [ -75.607112246340364, 6.208425373434013 ], [ -75.607107201096284, 6.208471419668366 ], [ -75.607110088250906, 6.208494077569631 ], [ -75.60711454462961, 6.208529049370751 ], [ -75.607117928700049, 6.208563851296806 ], [ -75.607122187267336, 6.208610471760494 ], [ -75.607118237717259, 6.208632727907978 ], [ -75.607114553536661, 6.20865222397842 ], [ -75.607075038105464, 6.208738108901239 ], [ -75.607043425235105, 6.208788963172975 ], [ -75.607037608323239, 6.20879861162829 ], [ -75.607023393866484, 6.208821497811781 ], [ -75.606939361764276, 6.208911844133915 ], [ -75.60690211033976, 6.208954875223009 ], [ -75.606902004655467, 6.208954996373733 ], [ -75.606875189739227, 6.208985603214595 ], [ -75.60687092337146, 6.208988543515243 ], [ -75.606854055726316, 6.209000166382549 ], [ -75.606840542077904, 6.209009224201031 ], [ -75.606828459085719, 6.209014791379618 ], [ -75.606787190281651, 6.209033805864843 ], [ -75.606704689676064, 6.209071497613113 ], [ -75.606603795616735, 6.209120799671814 ], [ -75.606590326027842, 6.2091273388052 ], [ -75.606561371514417, 6.209141395409081 ], [ -75.606497136909397, 6.20917849262694 ], [ -75.606467881358142, 6.209189854285047 ], [ -75.606467736823831, 6.209189910347358 ], [ -75.606432313241314, 6.209203312019786 ], [ -75.606432319592429, 6.209203663693606 ], [ -75.606425493959094, 6.209206314897093 ], [ -75.606376081232185, 6.209213279947543 ], [ -75.606321725998114, 6.209206322152246 ], [ -75.606270569568977, 6.209210692714588 ], [ -75.606200713992976, 6.209245322288632 ], [ -75.606199092604783, 6.209247320359661 ], [ -75.606135330034306, 6.209325867151683 ], [ -75.606098942713075, 6.209364716898694 ], [ -75.606112907239336, 6.20937986763704 ], [ -75.606112919891885, 6.209379937247677 ], [ -75.606116962331882, 6.209401512919728 ], [ -75.606116971370056, 6.209401570778039 ], [ -75.606109311633588, 6.209423715106034 ], [ -75.606109069562208, 6.209424114713761 ], [ -75.60609732459055, 6.209443595133957 ], [ -75.606084123296625, 6.209461877805204 ], [ -75.60608365811332, 6.209462533275667 ], [ -75.606083620176108, 6.209462587521454 ], [ -75.60608150020694, 6.209465601779984 ], [ -75.606070334922151, 6.209481566315174 ], [ -75.606056624147996, 6.209500118431533 ], [ -75.606050051846594, 6.209507853067199 ], [ -75.606041621487776, 6.209517774737635 ], [ -75.606025074561543, 6.209530149720599 ], [ -75.606024125177299, 6.209530859471585 ], [ -75.606023328453361, 6.209531455300738 ], [ -75.606016664222153, 6.209541955423215 ], [ -75.606015461986786, 6.209543848591542 ], [ -75.606013692350032, 6.209556270336546 ], [ -75.606023920102359, 6.209577288634136 ], [ -75.60604035173067, 6.209592458167037 ], [ -75.60605702086886, 6.209606639557418 ], [ -75.606068318268996, 6.209616772139638 ], [ -75.606073209442471, 6.209621157290305 ], [ -75.606086424869829, 6.209621942779517 ], [ -75.60609883832177, 6.209625494715146 ], [ -75.606102540274748, 6.209624877865861 ], [ -75.606109478952391, 6.209623722855659 ], [ -75.606109379517974, 6.209622900180574 ], [ -75.606109280986914, 6.209622077505417 ], [ -75.606112272095828, 6.209599596332652 ], [ -75.606113181255338, 6.209592758953451 ], [ -75.606133677169169, 6.209585110017234 ], [ -75.606162027925208, 6.209589848623125 ], [ -75.60616990268359, 6.209591164299606 ], [ -75.60618778971002, 6.209607208831623 ], [ -75.606218874261103, 6.2096145472599 ], [ -75.606237419267472, 6.209600027714565 ], [ -75.60625847589948, 6.209588898148244 ], [ -75.606273910291023, 6.209581875204022 ], [ -75.606280091816117, 6.209579061324553 ], [ -75.606300669629718, 6.209567524068873 ], [ -75.606319539942604, 6.209554259312483 ], [ -75.606322051073448, 6.209551302881291 ], [ -75.606334543497269, 6.209536593957936 ], [ -75.606349989667706, 6.209518502761997 ], [ -75.606362039567571, 6.209505425677771 ], [ -75.60636585055147, 6.209501289362735 ], [ -75.606378798576856, 6.209490499446663 ], [ -75.606383870654383, 6.209486271723568 ], [ -75.60640059974088, 6.209469935180656 ], [ -75.606407938270863, 6.209464480487092 ], [ -75.606419027363856, 6.20945623741698 ], [ -75.606438755034333, 6.209443850418565 ], [ -75.6064505056558, 6.209438980295399 ], [ -75.606460174082784, 6.209434971892914 ], [ -75.606478300503966, 6.209427974043908 ], [ -75.606482025878194, 6.20942653541131 ], [ -75.606489720493414, 6.209423118410686 ], [ -75.606503018500987, 6.209417213030413 ], [ -75.606524860392085, 6.209409211394466 ], [ -75.606545853013444, 6.209399889011867 ], [ -75.606560036299399, 6.209393724098743 ], [ -75.606567280154451, 6.209390575634574 ], [ -75.606583427814016, 6.209390177482049 ], [ -75.606590767659242, 6.209389996092535 ], [ -75.606598742909696, 6.209394110684475 ], [ -75.606611518848965, 6.209400698369519 ], [ -75.606631827423001, 6.209411825582845 ], [ -75.606647944098427, 6.209419464409455 ], [ -75.606652577642663, 6.209421659973083 ], [ -75.606659013456692, 6.209424513540273 ], [ -75.606659095665989, 6.209424549695646 ], [ -75.606673780415946, 6.209431060384061 ], [ -75.606695414965387, 6.209440026817368 ], [ -75.606717060287508, 6.209448125363722 ], [ -75.60673028961159, 6.209453339762415 ], [ -75.606738704741161, 6.209456657851864 ], [ -75.606747765565231, 6.209457274597235 ], [ -75.606762175256662, 6.209458255248943 ], [ -75.606785661894534, 6.209458101504476 ], [ -75.606807929372692, 6.209451409787254 ], [ -75.606817822055788, 6.209450226507564 ], [ -75.606831009288669, 6.209448649705315 ], [ -75.606854496830039, 6.209448503190086 ], [ -75.606876348654168, 6.209440501538797 ], [ -75.606897341236177, 6.209430745199611 ], [ -75.606917910068603, 6.209420111967664 ], [ -75.60692981410466, 6.20941331348915 ], [ -75.606938063281731, 6.209408602746406 ], [ -75.606955234854723, 6.209401835489122 ], [ -75.606959471515083, 6.209400166280377 ], [ -75.606982569425824, 6.209396530168736 ], [ -75.607006065928843, 6.209395506720369 ], [ -75.607023218055303, 6.209394134815479 ], [ -75.607029579527534, 6.209393625328898 ], [ -75.607052678305649, 6.209389546231044 ], [ -75.607065383611641, 6.209382565971969 ], [ -75.607072822516201, 6.209378479084385 ], [ -75.607090834499957, 6.209363905308843 ], [ -75.607102421343143, 6.209355757109495 ], [ -75.607109695752342, 6.209350642333009 ], [ -75.607114770474766, 6.209345685940717 ], [ -75.607126423908724, 6.209334303959058 ], [ -75.607141436429387, 6.209316204638239 ], [ -75.607154620554667, 6.209298365829031 ], [ -75.607155148064209, 6.209297652493616 ], [ -75.607155195934524, 6.20929755033246 ], [ -75.60716485491379, 6.209277121710461 ], [ -75.607164966009194, 6.209276886649315 ], [ -75.607176518488842, 6.209257005727914 ], [ -75.607188938200778, 6.209237134681249 ], [ -75.607193183647894, 6.209232397134084 ], [ -75.607198330575159, 6.209226656022324 ], [ -75.607204375369093, 6.209219912250273 ], [ -75.60721290097284, 6.209215224082237 ], [ -75.607224518665959, 6.209208836057424 ], [ -75.607247635398579, 6.20920346416225 ], [ -75.607271130989233, 6.209202441606195 ], [ -75.607286411610204, 6.209204544096065 ], [ -75.607314727960869, 6.209208440974938 ], [ -75.607322722738544, 6.20920818629476 ], [ -75.607336949829332, 6.209207733126764 ], [ -75.607358386275763, 6.20920208201137 ], [ -75.607378592974712, 6.209193130318205 ], [ -75.607387002146936, 6.209189749408831 ], [ -75.60739880967607, 6.209185002210362 ], [ -75.60741942385819, 6.209176873165658 ], [ -75.607432318090005, 6.209171538248227 ], [ -75.607440055170997, 6.209168337297573 ], [ -75.607471806367542, 6.209164045032408 ], [ -75.607471849735319, 6.209164121872912 ], [ -75.60747877954239, 6.209176353070733 ], [ -75.60748312626346, 6.209184102211515 ], [ -75.607483133497738, 6.209184193519688 ], [ -75.607484817241073, 6.209205027149022 ], [ -75.60748493389454, 6.209206509776839 ], [ -75.607484976395796, 6.209207044969287 ], [ -75.607485016181798, 6.20920751597461 ], [ -75.607485301875471, 6.209210374548451 ], [ -75.60748735056336, 6.209231010162001 ], [ -75.607490125786228, 6.209254479000471 ], [ -75.607491182369003, 6.209261280965485 ], [ -75.607491188695761, 6.209261320743047 ], [ -75.607493767335455, 6.209277910703038 ], [ -75.607499164832674, 6.209298877831389 ], [ -75.607499547980851, 6.209300376710524 ], [ -75.607500090318553, 6.209304325544429 ], [ -75.607502759529396, 6.209323825624653 ], [ -75.607502862869339, 6.209339492752437 ], [ -75.607502914997909, 6.209347412200764 ], [ -75.607501965548806, 6.209358523920278 ], [ -75.607500893358491, 6.209371088453381 ], [ -75.607499555596235, 6.209383878115657 ], [ -75.607498438086665, 6.209394566754696 ], [ -75.607499287203396, 6.209405200992081 ], [ -75.607500318078252, 6.209418089908236 ], [ -75.607502687210157, 6.209435580316007 ], [ -75.607502694441322, 6.209435632750155 ], [ -75.607503508858201, 6.209441639173262 ], [ -75.607504157860191, 6.209446417913779 ], [ -75.60750670867148, 6.209465180301117 ], [ -75.607507722172002, 6.209475449290185 ], [ -75.607509032217848, 6.209488712459269 ], [ -75.607510912210913, 6.209512243749193 ], [ -75.607512052497114, 6.209526418211455 ], [ -75.607512085050402, 6.209526816893592 ], [ -75.607512086859316, 6.209526844014858 ], [ -75.607512802140477, 6.20953576599784 ], [ -75.607515791350949, 6.209557825409465 ], [ -75.607515827506944, 6.209558090292343 ], [ -75.607515939588865, 6.209558890364966 ], [ -75.60751600014801, 6.209559307125782 ], [ -75.607516046244484, 6.20955961449807 ], [ -75.607516242378779, 6.209560901845287 ], [ -75.607519626317867, 6.209582422412932 ], [ -75.60752140651185, 6.209589381623612 ], [ -75.607525436798454, 6.209605131606394 ], [ -75.60753264647694, 6.209626358953518 ], [ -75.607533000682039, 6.209627414851894 ], [ -75.607533668374344, 6.209628702160988 ], [ -75.607543615103211, 6.209648008186651 ], [ -75.607559504882431, 6.209664741717526 ], [ -75.607560588039902, 6.209664983914543 ], [ -75.60756114181433, 6.209665107724206 ], [ -75.607582063287126, 6.209669802556316 ], [ -75.60760473745583, 6.209665297662474 ], [ -75.607625973353692, 6.20965944133376 ], [ -75.607627428646808, 6.209659039818966 ], [ -75.607631518049473, 6.209657263035147 ], [ -75.607648855779402, 6.209649728205845 ], [ -75.607668574395277, 6.209637349298602 ], [ -75.607672582422964, 6.209634685650865 ], [ -75.607687869295162, 6.209624529250013 ], [ -75.607707164193314, 6.209611699256198 ], [ -75.607726025439788, 6.209598445298802 ], [ -75.607745753084984, 6.209586058251516 ], [ -75.607757237848247, 6.209577982369849 ], [ -75.607764614328772, 6.209572794348224 ], [ -75.607778651989179, 6.209564481398282 ], [ -75.60778476749492, 6.209560860192495 ], [ -75.607798344458885, 6.209552814877424 ], [ -75.607798606423188, 6.209552662976203 ], [ -75.607804918852608, 6.209548916091623 ], [ -75.607820793081245, 6.209540889574091 ], [ -75.607825931225605, 6.209538291828666 ], [ -75.607830282583421, 6.209536270025226 ], [ -75.607846924697526, 6.20952853725972 ], [ -75.607860382503375, 6.209521579521408 ], [ -75.607867492611305, 6.209517903990826 ], [ -75.607888060560128, 6.209507712800157 ], [ -75.607909063931444, 6.209497523381277 ], [ -75.607922666291728, 6.209490778080657 ], [ -75.607929631878022, 6.209487324052563 ], [ -75.607947960098059, 6.209473704895689 ], [ -75.607948068495759, 6.209473626234745 ], [ -75.607964797533739, 6.209457290546281 ], [ -75.607980659265721, 6.209440066249831 ], [ -75.607987776235646, 6.209431925628474 ], [ -75.607996094572158, 6.209422409853234 ], [ -75.608009807083903, 6.209403866726794 ], [ -75.608014033419991, 6.209397478384594 ], [ -75.60802266042036, 6.209384438608136 ], [ -75.608037663913493, 6.209366773205153 ], [ -75.608046724870277, 6.209357924555139 ], [ -75.608054392945277, 6.209350436609804 ], [ -75.608066778471127, 6.209343775481398 ], [ -75.608074969846328, 6.209339369389479 ], [ -75.608097237232499, 6.209331809732638 ], [ -75.608118258806513, 6.209334492126457 ], [ -75.608119821648089, 6.209334691792809 ], [ -75.608137464767736, 6.209350148648112 ], [ -75.608156002079724, 6.209363862426701 ], [ -75.60817675326453, 6.20937412979548 ], [ -75.608183658141726, 6.209379529102202 ], [ -75.608194848867228, 6.20938827755155 ], [ -75.608218501446729, 6.209406870050216 ], [ -75.608242666269874, 6.209425862094546 ], [ -75.608262964977627, 6.209437424092556 ], [ -75.60828506106904, 6.20944509673135 ], [ -75.608308530649211, 6.209446252884737 ], [ -75.608332045112576, 6.209443928452071 ], [ -75.608354718361895, 6.209439423526073 ], [ -75.608362466444134, 6.209438204232217 ], [ -75.608377816264849, 6.2094357882574 ], [ -75.608401330691777, 6.209433028975001 ], [ -75.608408198086948, 6.209432983206231 ], [ -75.608424818231256, 6.2094328733494 ], [ -75.608430014469377, 6.209433711876299 ], [ -75.608448260022215, 6.209436651235436 ], [ -75.608471738635956, 6.20943780647677 ], [ -75.608486132435075, 6.209432249014125 ], [ -75.608493589496078, 6.209429369911925 ], [ -75.608528818415081, 6.209411079030519 ], [ -75.608553894548535, 6.209405724996981 ], [ -75.608577374029394, 6.209406454427361 ], [ -75.608600843608386, 6.209407609663697 ], [ -75.608613285033655, 6.209410641710773 ], [ -75.608623400241129, 6.209413104400719 ], [ -75.608637718993776, 6.209417708429494 ], [ -75.60864592178703, 6.209420343950577 ], [ -75.608668007946378, 6.209428018382255 ], [ -75.608689663235168, 6.209436116846861 ], [ -75.608695948163174, 6.209438549115789 ], [ -75.608702205989161, 6.20944096873023 ], [ -75.608706470923124, 6.209442619166036 ], [ -75.60871174133716, 6.209444658258542 ], [ -75.608734271883336, 6.209451462957228 ], [ -75.608745486626873, 6.209455576343451 ], [ -75.608756457492731, 6.209460068545444 ], [ -75.608756589388648, 6.209460120065161 ], [ -75.608746706980867, 6.209465341758716 ], [ -75.60872569643594, 6.209475966058192 ], [ -75.608703004398251, 6.209482657891614 ], [ -75.608681169692261, 6.209489791731928 ], [ -75.608660601795876, 6.209500425032541 ], [ -75.608640457613859, 6.209511492239819 ], [ -75.608619880717882, 6.20952255857815 ], [ -75.608600161190068, 6.209534512618892 ], [ -75.608578743076748, 6.209543390327295 ], [ -75.608557333960775, 6.209551835899575 ], [ -75.608515338910394, 6.209571347805984 ], [ -75.608493911796415, 6.209580662166434 ], [ -75.608472919202114, 6.209589983722496 ], [ -75.608450254079159, 6.209594506733846 ], [ -75.608427554805104, 6.209601187707452 ], [ -75.608404862722679, 6.209607445585446 ], [ -75.608383010950448, 6.209615882146691 ], [ -75.608359921134408, 6.209619083472318 ], [ -75.608337247914434, 6.209624039518036 ], [ -75.608314556732665, 6.209630289255649 ], [ -75.608291457049603, 6.209634358464302 ], [ -75.608267952444379, 6.209635824049607 ], [ -75.608244429912958, 6.209639017269335 ], [ -75.608221764748933, 6.209643087343274 ], [ -75.608199091490462, 6.209647600399983 ], [ -75.608014458346773, 6.209701512099601 ], [ -75.607997313682276, 6.209716972706011 ], [ -75.607981443811411, 6.20973418615506 ], [ -75.607966431307759, 6.20975228640383 ], [ -75.607952295070746, 6.209770395621121 ], [ -75.60793728256499, 6.209788494965012 ], [ -75.607923579978646, 6.209807047129225 ], [ -75.607910293011017, 6.209826466240358 ], [ -75.607897015041686, 6.209845461352332 ], [ -75.607884163532219, 6.209865332450855 ], [ -75.60787217654601, 6.209885214327199 ], [ -75.607858465824449, 6.20990376468229 ], [ -75.607845611602116, 6.209923636684142 ], [ -75.607831475356448, 6.209941745898194 ], [ -75.607818622902968, 6.209961174012121 ], [ -75.607805344023575, 6.209980168217816 ], [ -75.607777073332926, 6.210016394779661 ], [ -75.607762927180502, 6.210034937935287 ], [ -75.607746198118349, 6.210051275425443 ], [ -75.607728611686881, 6.210066727018534 ], [ -75.607710599732698, 6.210081743798922 ], [ -75.607692587742463, 6.210096326636094 ], [ -75.607663646270296, 6.210115558064969 ], [ -75.607642237116636, 6.210124002696065 ], [ -75.607619545002649, 6.21013026144433 ], [ -75.607596871718158, 6.21013477357111 ], [ -75.607573772876123, 6.210138409709714 ], [ -75.607551930067515, 6.210146411389155 ], [ -75.607529664411999, 6.210153546120702 ], [ -75.607506980355168, 6.210158927033749 ], [ -75.607484713794349, 6.210166051818955 ], [ -75.607462012677829, 6.210172743599728 ], [ -75.607440594554774, 6.21018205791667 ], [ -75.607418743647514, 6.21019050167028 ], [ -75.607396891870422, 6.210199372133283 ], [ -75.607375040057889, 6.210207809556823 ], [ -75.607353604803151, 6.210217564142549 ], [ -75.607333461470063, 6.210228631299851 ], [ -75.607313316364852, 6.210240141439603 ], [ -75.60729274931461, 6.210250764742299 ], [ -75.607270905594632, 6.210258777258742 ], [ -75.607247815743889, 6.210261978535699 ], [ -75.607224320070941, 6.210262559011685 ], [ -75.607200407840921, 6.21026183678817 ], [ -75.607176921132378, 6.210261549376116 ], [ -75.607153443422945, 6.210260828019691 ], [ -75.607129982773088, 6.210258795792572 ], [ -75.607106974573654, 6.210255036798254 ], [ -75.607095709310784, 6.210251847317376 ], [ -75.607043089835415, 6.210251217787168 ], [ -75.60702123804947, 6.210260087330563 ], [ -75.607000669152171, 6.210270286623933 ], [ -75.606996323197919, 6.210272214399202 ], [ -75.606979675600357, 6.210279599984228 ], [ -75.606957408124728, 6.210286733787725 ], [ -75.606951447753858, 6.210287449364194 ], [ -75.606941598417009, 6.210288630834836 ], [ -75.606934514265845, 6.210289480299654 ], [ -75.606911310105957, 6.210286610894761 ], [ -75.606891010491012, 6.2102750407084 ], [ -75.606871587980763, 6.210262620647198 ], [ -75.606852616183787, 6.210249333568267 ], [ -75.606839331367865, 6.210239504920689 ], [ -75.606834078874371, 6.21023561974389 ], [ -75.606814230844464, 6.210222747690858 ], [ -75.606803920977541, 6.210214871547699 ], [ -75.60679576125834, 6.210208637887124 ], [ -75.606776730708305, 6.210194870761128 ], [ -75.606756908081621, 6.210183340309813 ], [ -75.606756598211959, 6.210183160429029 ], [ -75.606752513992319, 6.210182022557826 ], [ -75.606733525668375, 6.210176729964374 ], [ -75.606672480996508, 6.210159716115832 ], [ -75.606625745504758, 6.210209217297405 ], [ -75.606589721522667, 6.210239243549885 ], [ -75.606570426573967, 6.210252063558313 ], [ -75.606549424051252, 6.210262262868347 ], [ -75.606528432332595, 6.210272009249099 ], [ -75.606507437869752, 6.210281331631146 ], [ -75.606486859962118, 6.210291964847798 ], [ -75.606465858372857, 6.210302588152519 ], [ -75.606462732835482, 6.210304104485791 ], [ -75.606423853317224, 6.210322968682487 ], [ -75.606403285309284, 6.210333167048449 ], [ -75.606362129552167, 6.210355292317562 ], [ -75.606341977227984, 6.21036723545935 ], [ -75.60632354957221, 6.210380942260801 ], [ -75.606288374796748, 6.210411844447644 ], [ -75.606269930007912, 6.210425985191172 ], [ -75.606264185765511, 6.210429592789577 ], [ -75.606250211330718, 6.210438371278516 ], [ -75.606229632541613, 6.21044942938734 ], [ -75.606209489210727, 6.210460938580755 ], [ -75.606188486638302, 6.21047069489335 ], [ -75.606166644732369, 6.210479131362015 ], [ -75.606145651158286, 6.210488452825549 ], [ -75.606101948372824, 6.210505334800389 ], [ -75.606080105526985, 6.21051333732294 ], [ -75.606069184989892, 6.210517116188226 ], [ -75.605997441054981, 6.210538393107151 ], [ -75.605971470273261, 6.210540736612021 ], [ -75.605947965620786, 6.210542193957545 ], [ -75.605924469064234, 6.210543208318321 ], [ -75.605900963508148, 6.210544665661822 ], [ -75.6058774409221, 6.210547857871973 ], [ -75.605854748735567, 6.210553681697687 ], [ -75.605832915787545, 6.210561250266632 ], [ -75.605810214632569, 6.210567932935864 ], [ -75.605787115759341, 6.210571568092198 ], [ -75.60576360217172, 6.210574327258018 ], [ -75.605740096613815, 6.210575784594353 ], [ -75.605716609892141, 6.210575497117294 ], [ -75.60566965354603, 6.210574053369464 ], [ -75.605646165954468, 6.210574199831942 ], [ -75.605623068016627, 6.210578269827674 ], [ -75.605601649811518, 6.210587149223315 ], [ -75.605580647222865, 6.210596904607662 ], [ -75.605567899308923, 6.210602568541696 ], [ -75.605559663570958, 6.210606226951159 ], [ -75.605537387062185, 6.210613795542067 ], [ -75.605534083480151, 6.210614315623658 ], [ -75.605514289088447, 6.210617430686388 ], [ -75.605490045561041, 6.210620009086803 ], [ -75.605489315657863, 6.210620261372112 ], [ -75.605468932571128, 6.210627324452096 ], [ -75.605447939012194, 6.210637080734513 ], [ -75.605432078064879, 6.210654294106183 ], [ -75.605418365431589, 6.21067284620609 ], [ -75.605400787912899, 6.21068787191471 ], [ -75.605381492919236, 6.210700692783703 ], [ -75.605364340048553, 6.210716586343728 ], [ -75.605348035508626, 6.21073336670834 ], [ -75.605316301857698, 6.210767803390603 ], [ -75.605289692708979, 6.21079817146666 ], [ -75.60527968340412, 6.210810440152075 ], [ -75.605262095973018, 6.210825900703484 ], [ -75.605247124471944, 6.210838368658334 ], [ -75.605239692778696, 6.210842703228524 ], [ -75.605214886441757, 6.210857173494798 ], [ -75.605150547680452, 6.210894699978999 ], [ -75.605131252673232, 6.210907520838839 ], [ -75.605109434743952, 6.210922859661464 ], [ -75.605093520924569, 6.210934047553105 ], [ -75.605072951997002, 6.210944680713922 ], [ -75.6050519249887, 6.210954372795785 ], [ -75.605050879823537, 6.210954820378658 ], [ -75.605056520394257, 6.210965795985011 ], [ -75.605040470613346, 6.210970996381509 ], [ -75.60498954865092, 6.210972344572345 ], [ -75.604988076160737, 6.210972383558285 ], [ -75.604950966623903, 6.210972385473361 ], [ -75.604942574316482, 6.210972386110543 ], [ -75.604909476159023, 6.210977903309467 ], [ -75.604850181207894, 6.210995861275098 ], [ -75.60479088729214, 6.211027624033096 ], [ -75.604721945272019, 6.211058004320877 ], [ -75.604692994954746, 6.211093905311793 ], [ -75.60466955547335, 6.211121515773793 ], [ -75.604632320104216, 6.211142230298885 ], [ -75.60447175541573, 6.211231577591105 ], [ -75.604787624898535, 6.211671230773977 ], [ -75.604179444518849, 6.212119753385254 ], [ -75.604412975980367, 6.212457085635393 ], [ -75.604724638128516, 6.212907289400811 ], [ -75.604735383356768, 6.212914017411916 ], [ -75.604741143120563, 6.212912095876817 ], [ -75.60476305373129, 6.212926677405015 ], [ -75.604774377166962, 6.212934037300546 ], [ -75.60477607650256, 6.212935236842571 ], [ -75.60477763308387, 6.212936153428643 ], [ -75.604786282403921, 6.212941775947573 ], [ -75.604786901202019, 6.212941607748019 ], [ -75.604795273134229, 6.212946535075561 ], [ -75.604816164324944, 6.212955573965933 ], [ -75.604829695313427, 6.212959045386667 ], [ -75.604838183574188, 6.212961223497514 ], [ -75.604860767346892, 6.212965741118446 ], [ -75.604873848440945, 6.212969013681772 ], [ -75.604883352108786, 6.2129713906053 ], [ -75.604906502382875, 6.212977039144245 ], [ -75.604925046609267, 6.212986035718099 ], [ -75.605020242736913, 6.213003771314011 ], [ -75.60502018493348, 6.213003935854982 ], [ -75.605019686388701, 6.213005485429618 ], [ -75.605036782070059, 6.213008672703104 ], [ -75.605522029997729, 6.2134085281302 ], [ -75.605413776383784, 6.213532149527304 ], [ -75.605410695242867, 6.213535667411191 ], [ -75.605223087018757, 6.21374991111418 ], [ -75.605213369357926, 6.213761008130999 ], [ -75.605100570329, 6.213867566826373 ], [ -75.604941064676069, 6.214018244735359 ], [ -75.604873160752149, 6.21416292182989 ], [ -75.604879348889881, 6.214175097067137 ], [ -75.605000468032358, 6.21441339468659 ], [ -75.604982097501093, 6.214420274073178 ], [ -75.604981326943289, 6.214420562522756 ], [ -75.604973743317515, 6.214423401806845 ], [ -75.604968204876812, 6.214425476111626 ], [ -75.604954052990834, 6.214430776710532 ], [ -75.604965776006111, 6.214453413159391 ], [ -75.605007357255403, 6.214533698421578 ], [ -75.605043013974452, 6.214575576594721 ], [ -75.605312532660989, 6.215167660753404 ], [ -75.605319130535094, 6.215162516219899 ], [ -75.605319795381078, 6.215161997245921 ], [ -75.605326685700064, 6.215177251608516 ], [ -75.605307522318967, 6.21521222704275 ], [ -75.605305543291394, 6.215215790947995 ], [ -75.605301876987241, 6.215222397100939 ], [ -75.605290020895239, 6.215243868223351 ], [ -75.605283112920404, 6.215257697056609 ], [ -75.605279294927442, 6.215265341067072 ], [ -75.605268570679172, 6.215285681139439 ], [ -75.60525840932057, 6.215307153939526 ], [ -75.605251549277199, 6.21532169244567 ], [ -75.605248812485712, 6.215327493925225 ], [ -75.605238651039329, 6.215347835762024 ], [ -75.605233065404832, 6.21535901744361 ], [ -75.605227925067311, 6.215369307700657 ], [ -75.605218327326881, 6.21538964858992 ], [ -75.605211843819163, 6.215401945934023 ], [ -75.605207602170466, 6.21540998956516 ], [ -75.605204477863538, 6.215416244001691 ], [ -75.605196876196032, 6.215431462407209 ], [ -75.605192587612535, 6.215440048470067 ], [ -75.605185585695523, 6.215454063542923 ], [ -75.605177526697616, 6.215478261882864 ], [ -75.605174295150434, 6.215487966171112 ], [ -75.605165828520683, 6.215509437031919 ], [ -75.605157924694623, 6.215530907849633 ], [ -75.605156377458698, 6.21553419869914 ], [ -75.605148894184026, 6.215550119539519 ], [ -75.60513873199794, 6.215572720588133 ], [ -75.605134310001674, 6.215585112698959 ], [ -75.605130263730402, 6.215596451566227 ], [ -75.605122361708439, 6.215617923287319 ], [ -75.605118115746535, 6.215628688099814 ], [ -75.605113895074624, 6.215639395051337 ], [ -75.605109641929758, 6.215650744782782 ], [ -75.60510542671912, 6.21566199597017 ], [ -75.605100449312474, 6.215676608462707 ], [ -75.605096958534503, 6.215686857006586 ], [ -75.605091315040966, 6.215709459518004 ], [ -75.605086898796955, 6.215726254337333 ], [ -75.605085670557557, 6.215730929258429 ], [ -75.605082420097588, 6.215741441765656 ], [ -75.605078331508025, 6.215754661957747 ], [ -75.605072687927091, 6.215776132602012 ], [ -75.605070360532125, 6.215784180606485 ], [ -75.605066477927608, 6.215797604193396 ], [ -75.605059139608031, 6.215819074062518 ], [ -75.605050673140028, 6.215842807751336 ], [ -75.605045027921619, 6.215866537609113 ], [ -75.605038819641052, 6.215886879141173 ], [ -75.605035437185535, 6.215896067229164 ], [ -75.60503091761106, 6.215908349956849 ], [ -75.605026339507688, 6.215923151364145 ], [ -75.605023577653142, 6.215932080847378 ], [ -75.60501793316476, 6.215953551491126 ], [ -75.605014582284113, 6.215962177259289 ], [ -75.605010030144101, 6.215973894055789 ], [ -75.605007354992608, 6.215982549606078 ], [ -75.605002693797786, 6.21599762404171 ], [ -75.604997048233443, 6.216016836375678 ], [ -75.604988581074679, 6.216031525976432 ], [ -75.604977904245459, 6.216046139804997 ], [ -75.604976144604947, 6.216048004083801 ], [ -75.604975944974356, 6.216048216550036 ], [ -75.604966437068384, 6.216062194744446 ], [ -75.604927151848855, 6.21609816795283 ], [ -75.60486904808711, 6.216118829834953 ], [ -75.604863624346436, 6.216120758578364 ], [ -75.604834327246365, 6.216125765601963 ], [ -75.604832171812291, 6.216126133712313 ], [ -75.604795080459766, 6.216132474793207 ], [ -75.604768758121196, 6.216136636304129 ], [ -75.604683905659641, 6.216150049729318 ], [ -75.604660924012947, 6.216154192901936 ], [ -75.604537600913474, 6.216176427277501 ], [ -75.604427638623065, 6.216220782655522 ], [ -75.604426745208215, 6.216221143437259 ], [ -75.604331466516967, 6.216266770592988 ], [ -75.604238285982376, 6.216319485304236 ], [ -75.604227286803919, 6.216324410468956 ], [ -75.603997179302169, 6.216438966725889 ], [ -75.603988552346621, 6.216443261588967 ], [ -75.6039811819455, 6.216446931662262 ], [ -75.603962482605411, 6.216455232199728 ], [ -75.603940748865341, 6.21646423721382 ], [ -75.603917054035875, 6.21647525026068 ], [ -75.603904148933623, 6.216483065798196 ], [ -75.60389934858965, 6.216485973568595 ], [ -75.603895553583968, 6.216487212393692 ], [ -75.603883703337658, 6.216491081687164 ], [ -75.60387343117543, 6.216493326291144 ], [ -75.603870133893565, 6.216494047060297 ], [ -75.603864091285786, 6.216495368319507 ], [ -75.603843259596857, 6.21649864250843 ], [ -75.603822320317107, 6.216500714321833 ], [ -75.603819007630747, 6.216500796834558 ], [ -75.603817307473776, 6.216500839450215 ], [ -75.603800982533912, 6.21650124928374 ], [ -75.60378869746539, 6.216501093789492 ], [ -75.603778236321702, 6.216500961665745 ], [ -75.603754757469375, 6.21650068223716 ], [ -75.603746469858692, 6.21650057797813 ], [ -75.603746398491651, 6.216500577079341 ], [ -75.603731993189641, 6.216500394618502 ], [ -75.603710339106229, 6.216499329436676 ], [ -75.603688684934809, 6.216497061871334 ], [ -75.603675890238492, 6.216495242061239 ], [ -75.603666706387457, 6.216493935484205 ], [ -75.603644067395891, 6.216489796611931 ], [ -75.603620977650095, 6.216486091714382 ], [ -75.603614278993078, 6.216484743367825 ], [ -75.603601355960336, 6.216482142468654 ], [ -75.603591680521163, 6.21647878193139 ], [ -75.603583324952851, 6.216475878744983 ], [ -75.603562871780966, 6.216466812652262 ], [ -75.603540477263351, 6.216457963672271 ], [ -75.603529795398728, 6.216453757923571 ], [ -75.603518506445923, 6.216449313550669 ], [ -75.603507834534113, 6.216445317539719 ], [ -75.603496419120958, 6.216441043136456 ], [ -75.60347543305825, 6.216433351230922 ], [ -75.603459994710349, 6.216426507819232 ], [ -75.603456164258333, 6.216424809394755 ], [ -75.603446371273463, 6.216419960801908 ], [ -75.603436153685251, 6.216414902500973 ], [ -75.603430824458897, 6.216412266688979 ], [ -75.603416594819649, 6.216405230625693 ], [ -75.60340352869126, 6.216397616790996 ], [ -75.603398599645089, 6.216394744993171 ], [ -75.603381010033331, 6.216383499930893 ], [ -75.603364198145101, 6.21637106146915 ], [ -75.603347367203995, 6.216357483908927 ], [ -75.603338930009187, 6.216350096651023 ], [ -75.603329723990058, 6.216342035933914 ], [ -75.603320049136386, 6.216334236520404 ], [ -75.603312432301124, 6.216328096787308 ], [ -75.60329868189929, 6.216314708851069 ], [ -75.603295248750555, 6.216310461887748 ], [ -75.603285085727506, 6.216297894564769 ], [ -75.603269645702909, 6.21628029389128 ], [ -75.603269611371431, 6.216280251403564 ], [ -75.603254757584452, 6.216261872302447 ], [ -75.603237971488511, 6.216243737434081 ], [ -75.603220680365027, 6.216225052037192 ], [ -75.603220487933072, 6.216224882994365 ], [ -75.603202645970768, 6.216209253316079 ], [ -75.603187954131812, 6.216194176685352 ], [ -75.603187759890503, 6.21619397148076 ], [ -75.603187570165701, 6.21619376085156 ], [ -75.603175445848535, 6.216180317647201 ], [ -75.603172075975124, 6.216176581465094 ], [ -75.603166464672867, 6.216170827612476 ], [ -75.603155208641454, 6.216159288267835 ], [ -75.603148838444724, 6.216152750661238 ], [ -75.603139254691513, 6.21614291713185 ], [ -75.603123372052039, 6.216125750428778 ], [ -75.603121871428684, 6.216124210945322 ] ] ] } },
{ "type": "Feature", "properties": { "NOMBRE": "Fátima" }, "geometry": { "type": "Polygon", "coordinates": [ [ [ -75.582639631508243, 6.23721291921133 ], [ -75.582602359404063, 6.236946231093037 ], [ -75.582617025666949, 6.236442233388991 ], [ -75.582619280168728, 6.236295328373467 ], [ -75.582622097631855, 6.236098701653182 ], [ -75.582642974584587, 6.235587924290517 ], [ -75.582648617250641, 6.235452318845409 ], [ -75.58267062581578, 6.235012733343693 ], [ -75.582673445119795, 6.234871478603207 ], [ -75.582685286773341, 6.234327929836375 ], [ -75.582693751340443, 6.23412904280748 ], [ -75.582699958049503, 6.23400360877658 ], [ -75.582704459606234, 6.233437459079832 ], [ -75.582704455857936, 6.233299594611076 ], [ -75.582704442161997, 6.232786556929186 ], [ -75.582731536386945, 6.232523257723322 ], [ -75.582758069435798, 6.232362791179268 ], [ -75.58276595838619, 6.231787601800417 ], [ -75.582852344735869, 6.231787598866315 ], [ -75.582973173228979, 6.231781945348409 ], [ -75.583027376580887, 6.231779684274088 ], [ -75.583713386914411, 6.231762713881508 ], [ -75.584047641083757, 6.231750273010568 ], [ -75.584081518050638, 6.231754792014786 ], [ -75.585181393158479, 6.231723117347545 ], [ -75.585724555122226, 6.231707278969789 ], [ -75.58635410433665, 6.231692567488404 ], [ -75.586583904191926, 6.231685779544335 ], [ -75.587273302011226, 6.231667674325409 ], [ -75.587275570836155, 6.231953573696849 ], [ -75.587300996996191, 6.232459829946946 ], [ -75.587309472111684, 6.232636116057146 ], [ -75.58731795443272, 6.232981907379952 ], [ -75.587329263200189, 6.233447483013659 ], [ -75.587344525307671, 6.233913057574838 ], [ -75.587348482395811, 6.234044142426264 ], [ -75.587355269826858, 6.234386543644035 ], [ -75.587363189994619, 6.234810308147462 ], [ -75.587364321374963, 6.234860029785135 ], [ -75.587387506002131, 6.235844291984551 ], [ -75.587406715560363, 6.236190082848415 ], [ -75.587409541089045, 6.236245454707994 ], [ -75.587419153546193, 6.236629667982244 ], [ -75.587431589188625, 6.237013880231662 ], [ -75.58743272053259, 6.237062471810329 ], [ -75.587441199538546, 6.237326900701368 ], [ -75.587444592672725, 6.237472675437336 ], [ -75.587458166356441, 6.238103235949078 ], [ -75.587468908255715, 6.238489709291839 ], [ -75.587476258178569, 6.238757527503172 ], [ -75.587491522587896, 6.239290905591727 ], [ -75.587432236755461, 6.239293167341719 ], [ -75.586926896923231, 6.239312396074854 ], [ -75.586824699754516, 6.239318050627769 ], [ -75.586753556642705, 6.239322572912053 ], [ -75.586527142234473, 6.239330490849768 ], [ -75.586039305072859, 6.239347457897092 ], [ -75.585397325707746, 6.239364430507236 ], [ -75.584895938403477, 6.239389306532011 ], [ -75.584784142290459, 6.239392700935895 ], [ -75.584687026685472, 6.239394963802539 ], [ -75.584117883578486, 6.239413062176932 ], [ -75.583929298802389, 6.239419847561098 ], [ -75.583064291922042, 6.239451513387101 ], [ -75.583034917247105, 6.238952037422118 ], [ -75.583031527448227, 6.23889440544083 ], [ -75.583020795265995, 6.238722640479085 ], [ -75.582979005039292, 6.238434481424261 ], [ -75.582874537317352, 6.238031060310691 ], [ -75.582858161838573, 6.237973428770787 ], [ -75.582771765789232, 6.237663801002507 ], [ -75.58275764910158, 6.23761294973609 ], [ -75.582643020150371, 6.237237780392253 ], [ -75.582639631508243, 6.23721291921133 ] ] ] } },
{ "type": "Feature", "properties": { "NOMBRE": "Granada" }, "geometry": { "type": "Polygon", "coordinates": [ [ [ -75.589850215374454, 6.231556831019936 ], [ -75.589949021898832, 6.231522926378515 ], [ -75.590157925672202, 6.23139861355644 ], [ -75.590312623196013, 6.231216670264398 ], [ -75.590380372128081, 6.231102533762624 ], [ -75.590389404917204, 6.231076542876357 ], [ -75.590421582390121, 6.23092737626255 ], [ -75.590427227299799, 6.230899124517799 ], [ -75.590434564834496, 6.230844883145305 ], [ -75.590439081143643, 6.230830192161414 ], [ -75.590446983084831, 6.230771429621916 ], [ -75.590474079151861, 6.230627913545336 ], [ -75.590497787195844, 6.230497958338159 ], [ -75.590527141414057, 6.230347661796072 ], [ -75.590537867186072, 6.230303589883198 ], [ -75.590570042349114, 6.230127302751796 ], [ -75.590613507678171, 6.229884342499266 ], [ -75.590651895608389, 6.229747606216059 ], [ -75.590686333398097, 6.229657201632511 ], [ -75.590712868122878, 6.229601828354264 ], [ -75.590776101433278, 6.229503512846716 ], [ -75.590825784014939, 6.229430058388812 ], [ -75.590899181258962, 6.229364512265691 ], [ -75.591001938301133, 6.22928427572299 ], [ -75.591084934077472, 6.229235679981823 ], [ -75.591223826937494, 6.229170132365771 ], [ -75.591387562329615, 6.229103452503177 ], [ -75.591983220328871, 6.228850297202705 ], [ -75.592257619067297, 6.228742931064818 ], [ -75.592424741888863, 6.228675121549817 ], [ -75.592458617727843, 6.22866042991964 ], [ -75.592585654384024, 6.228618611992496 ], [ -75.592618401201975, 6.228608440646778 ], [ -75.593052016216078, 6.228407273530602 ], [ -75.593413926242704, 6.228238880742499 ], [ -75.593478856566193, 6.228227576639545 ], [ -75.593575970079698, 6.228225312154729 ], [ -75.593647111822747, 6.228224179127131 ], [ -75.593720512393745, 6.228245646239728 ], [ -75.593828355511235, 6.228275021866161 ], [ -75.59398814405327, 6.228336036256421 ], [ -75.594408789699756, 6.228501000579596 ], [ -75.594708606892738, 6.228620769959629 ], [ -75.594816450966391, 6.228680656973382 ], [ -75.595002216111638, 6.228804951974823 ], [ -75.595131518285172, 6.228920208775282 ], [ -75.595317289583548, 6.229164288096882 ], [ -75.595380529307846, 6.229224176661767 ], [ -75.59554766218946, 6.229349602606507 ], [ -75.595591703219924, 6.229368810142229 ], [ -75.595656633587623, 6.229372197440573 ], [ -75.595735115287297, 6.229365413409098 ], [ -75.595895464471297, 6.229333763266307 ], [ -75.596052426414445, 6.229311154649811 ], [ -75.596107758107507, 6.229298720731348 ], [ -75.596154620611642, 6.229289678389646 ], [ -75.596097041127635, 6.229498738167993 ], [ -75.596086881061964, 6.229552980690243 ], [ -75.596064876908187, 6.229859222518578 ], [ -75.596066576152509, 6.229965446143248 ], [ -75.5960682745973, 6.230058109061596 ], [ -75.596091436497872, 6.230295415533482 ], [ -75.596110641189682, 6.230435539888409 ], [ -75.596127021486353, 6.230554193291456 ], [ -75.596158652679719, 6.230803929906411 ], [ -75.596173339116305, 6.230922582504357 ], [ -75.596226437979169, 6.231385896255027 ], [ -75.596149085409635, 6.23138024964515 ], [ -75.595406049388387, 6.231411929367693 ], [ -75.595387981355373, 6.231413060471261 ], [ -75.594804732741551, 6.231436821482644 ], [ -75.594501533443605, 6.231447006403991 ], [ -75.593638234145345, 6.231478689469006 ], [ -75.593506113211674, 6.231483215982802 ], [ -75.592777192540225, 6.231496811199965 ], [ -75.592629262790652, 6.231499078211832 ], [ -75.592230078464524, 6.231527347807503 ], [ -75.592054483000112, 6.231533005363648 ], [ -75.591453730401383, 6.2315522433365 ], [ -75.591356616323949, 6.231555637489555 ], [ -75.590847895938026, 6.231568089794805 ], [ -75.590437418927777, 6.231578277647976 ], [ -75.590149463415898, 6.231586200116575 ], [ -75.590023552787713, 6.231560213871742 ], [ -75.589850215374454, 6.231556831019936 ] ] ] } },
{ "type": "Feature", "properties": { "NOMBRE": "La Gloria" }, "geometry": { "type": "Polygon", "coordinates": [ [ [ -75.597868407864809, 6.222378269648041 ], [ -75.597887603635343, 6.22237261905756 ], [ -75.597923174030953, 6.22236357636078 ], [ -75.59795535588222, 6.222355663932841 ], [ -75.597984715685428, 6.222350012701739 ], [ -75.598023108478728, 6.222344359997766 ], [ -75.59806206588965, 6.22233870815955 ], [ -75.598114009522277, 6.222333054596803 ], [ -75.598212815859696, 6.22233191921072 ], [ -75.598319527210919, 6.222336432695598 ], [ -75.59840478299391, 6.222339818367434 ], [ -75.598481570405568, 6.222343203660682 ], [ -75.598536337629255, 6.222345461192674 ], [ -75.598587152380659, 6.222345457949659 ], [ -75.598645307099019, 6.222344325077381 ], [ -75.598705719098248, 6.222338670914521 ], [ -75.598757098177956, 6.222334147383513 ], [ -75.598818639155269, 6.222310413097471 ], [ -75.598877920927734, 6.222275379265197 ], [ -75.598915747883183, 6.22223695572971 ], [ -75.599024709628424, 6.222102474398669 ], [ -75.599079473396699, 6.222051619107885 ], [ -75.599144964750522, 6.221998503901347 ], [ -75.599193518211919, 6.221955559413945 ], [ -75.599227958000952, 6.221926176547198 ], [ -75.599274253271233, 6.221887752434789 ], [ -75.599341438806746, 6.22184028648372 ], [ -75.599410318994842, 6.221805251964774 ], [ -75.599407489804449, 6.221697898365856 ], [ -75.599554851572321, 6.221686589019778 ], [ -75.59957969460217, 6.221684327269212 ], [ -75.599596632080932, 6.221682066037577 ], [ -75.599827548299515, 6.22153514766481 ], [ -75.599885135916551, 6.221497852809762 ], [ -75.600235744060782, 6.221289904935156 ], [ -75.60054965454313, 6.221095519111474 ], [ -75.600872593765018, 6.220842370328402 ], [ -75.600937519788133, 6.220783604643559 ], [ -75.601018251668165, 6.220675116182631 ], [ -75.601050432729352, 6.220644602388658 ], [ -75.601117619418375, 6.220618607329739 ], [ -75.601264977741792, 6.220562096959747 ], [ -75.601394270770783, 6.220528187168029 ], [ -75.601472748853169, 6.220502191282526 ], [ -75.6015512293189, 6.220497666503617 ], [ -75.601600350435561, 6.220503313382402 ], [ -75.601793447214106, 6.220525901992824 ], [ -75.601980899270288, 6.220568831084967 ], [ -75.602142377035548, 6.22057108163407 ], [ -75.602439922501958, 6.220542810877901 ], [ -75.602926610665406, 6.220512268042312 ], [ -75.603042354493411, 6.220502090059543 ], [ -75.603635193126848, 6.220532562062429 ], [ -75.603774086395902, 6.220537072983888 ], [ -75.603801753017777, 6.220542721238481 ], [ -75.60386837803469, 6.220570967792211 ], [ -75.603907901285751, 6.220584525577222 ], [ -75.60397678451443, 6.220596951126138 ], [ -75.604254009672687, 6.220648914127406 ], [ -75.604535187879208, 6.22070991715693 ], [ -75.605509734029326, 6.221212715607233 ], [ -75.606108690669245, 6.219935729756864 ], [ -75.606217660773709, 6.219949282842875 ], [ -75.606572801188676, 6.219992198046006 ], [ -75.606607806825835, 6.219996715514741 ], [ -75.606931893338697, 6.220038503775882 ], [ -75.606949396611967, 6.220040762498592 ], [ -75.607150398163313, 6.22006447857726 ], [ -75.607252027500422, 6.220079161192413 ], [ -75.607295504471594, 6.220109669289225 ], [ -75.607306797516245, 6.220118708852381 ], [ -75.607410115535842, 6.220057679165335 ], [ -75.608008581723581, 6.219840666525184 ], [ -75.60818304009149, 6.219777371654362 ], [ -75.608491871114779, 6.219665474915114 ], [ -75.60851276042699, 6.219658693739237 ], [ -75.608601456863568, 6.220351399827322 ], [ -75.608608233315977, 6.220375130502076 ], [ -75.608644970130044, 6.220863303846955 ], [ -75.608666450908331, 6.221202314301018 ], [ -75.608682278866951, 6.221449791359227 ], [ -75.608684556171539, 6.221688229070972 ], [ -75.608686829301092, 6.221887115626743 ], [ -75.608691923245459, 6.222047580850893 ], [ -75.608699306087104, 6.222608079491603 ], [ -75.608706688293211, 6.223160667720192 ], [ -75.608709526809804, 6.223368594699859 ], [ -75.608709548878451, 6.223656754284912 ], [ -75.608715231136031, 6.224124590047612 ], [ -75.608597794538824, 6.224156239629327 ], [ -75.608285572644064, 6.224261357259893 ], [ -75.60819128876112, 6.224333686965564 ], [ -75.608111122142148, 6.22443878539717 ], [ -75.608030391903498, 6.224567616002934 ], [ -75.607850856230129, 6.224703234099906 ], [ -75.607549368957535, 6.224898753321862 ], [ -75.607335956045759, 6.225037764158189 ], [ -75.607228684247119, 6.225093143853504 ], [ -75.606937917591949, 6.225203909258727 ], [ -75.606805237929876, 6.225261551009923 ], [ -75.606679333786971, 6.225320322250012 ], [ -75.606614970240159, 6.225350837125232 ], [ -75.606522374372531, 6.225354234616363 ], [ -75.606419048207897, 6.225325991287677 ], [ -75.606400415341284, 6.225321472518487 ], [ -75.606266034758974, 6.225278539932832 ], [ -75.606180777216451, 6.225259335611162 ], [ -75.606009700252955, 6.225255957891104 ], [ -75.605939688179006, 6.225257093401703 ], [ -75.605944744141198, 6.2248920903228 ], [ -75.605941897750697, 6.22456889913277 ], [ -75.605931706502261, 6.224172256495895 ], [ -75.605924353486827, 6.223993711383117 ], [ -75.60565559518831, 6.223934968251836 ], [ -75.605409986246215, 6.223886393736137 ], [ -75.605342798010042, 6.223883008715227 ], [ -75.605303839746284, 6.223889791149922 ], [ -75.605231006689337, 6.223904487488984 ], [ -75.605179063925576, 6.223922571495751 ], [ -75.605140106344891, 6.223938394389233 ], [ -75.605097197926057, 6.223962128897038 ], [ -75.605036788166373, 6.224010724220303 ], [ -75.604994444653585, 6.224050278596846 ], [ -75.604966782164325, 6.224089831855041 ], [ -75.604930652457909, 6.224168936910697 ], [ -75.604891135018278, 6.22424804222073 ], [ -75.604836376398723, 6.22437461025028 ], [ -75.604787827267273, 6.224471797178151 ], [ -75.604730243537972, 6.224572374960434 ], [ -75.604663624886328, 6.224648092122544 ], [ -75.604615071144266, 6.224696686503624 ], [ -75.604560307042448, 6.224739631956936 ], [ -75.604499896891184, 6.22478483794619 ], [ -75.604448519567143, 6.224815352486104 ], [ -75.604381333269657, 6.224851518498863 ], [ -75.604324874763876, 6.224887683701358 ], [ -75.604275191199008, 6.224917068038929 ], [ -75.60422889403182, 6.22494080182501 ], [ -75.604185984819068, 6.224955494883783 ], [ -75.604104683039424, 6.224992791971292 ], [ -75.604031851470481, 6.225030088417959 ], [ -75.603936435221073, 6.225082076387662 ], [ -75.603813354324657, 6.225146497029242 ], [ -75.603733182230329, 6.225190573425305 ], [ -75.603649623628669, 6.225239171197487 ], [ -75.603550255035998, 6.225292289446542 ], [ -75.603450887491604, 6.225347667794534 ], [ -75.603419834292339, 6.225361230769543 ], [ -75.603393863754007, 6.225377052585514 ], [ -75.603365069120358, 6.225391745451335 ], [ -75.603339663364892, 6.225409827341183 ], [ -75.603315386029863, 6.225429040110539 ], [ -75.603293367097706, 6.225447121751488 ], [ -75.603271349231576, 6.22546746441322 ], [ -75.603248766002565, 6.22549006632882 ], [ -75.603219972751447, 6.225523969283288 ], [ -75.60319174526748, 6.22556126237171 ], [ -75.603175373116912, 6.225587254913886 ], [ -75.603137547785991, 6.225647148969033 ], [ -75.603070931377715, 6.225771457557009 ], [ -75.602989636072294, 6.225901417491082 ], [ -75.602951246735202, 6.225957922301046 ], [ -75.602933181506984, 6.225995214642444 ], [ -75.602891968629351, 6.226058499100821 ], [ -75.602847932537827, 6.226133084347746 ], [ -75.602793735845822, 6.22621897090968 ], [ -75.60278357393652, 6.226237052581459 ], [ -75.602749700711541, 6.226294686207202 ], [ -75.602729376320113, 6.226322939136847 ], [ -75.602701714351809, 6.226373791960824 ], [ -75.602645258539965, 6.226464198904859 ], [ -75.602557753541234, 6.22661337021739 ], [ -75.602547591052755, 6.226623540568559 ], [ -75.602530654858711, 6.2266585736019 ], [ -75.602500167790097, 6.226694736755638 ], [ -75.602464600414763, 6.226736550563769 ], [ -75.602427902161921, 6.226768193920169 ], [ -75.602400238377385, 6.226794186337472 ], [ -75.602350553863886, 6.226826960670443 ], [ -75.602293530625758, 6.226866515872229 ], [ -75.602231424572309, 6.226889120544627 ], [ -75.602185692029977, 6.226903813640517 ], [ -75.602143911688771, 6.226916247239716 ], [ -75.602077288239244, 6.226933201918587 ], [ -75.602005018473065, 6.226949026927406 ], [ -75.60193613766269, 6.226969371923843 ], [ -75.601901131649683, 6.226978414851524 ], [ -75.601853704667235, 6.226985197625437 ], [ -75.601731749407861, 6.227007806428543 ], [ -75.601696179432764, 6.22701345920541 ], [ -75.601358519320144, 6.226673338550204 ], [ -75.600265367011701, 6.225638290808775 ], [ -75.599927711249151, 6.225336591239311 ], [ -75.599898927740128, 6.225534349835096 ], [ -75.599426910151536, 6.22549143599513 ], [ -75.598740327815207, 6.225243997600328 ], [ -75.598319119935866, 6.225097116803774 ], [ -75.598010272307505, 6.224999951219624 ], [ -75.597954939271261, 6.224983003807272 ], [ -75.597717799375062, 6.224926514768228 ], [ -75.59764552800219, 6.224914088612522 ], [ -75.597358138492226, 6.224868903117753 ], [ -75.597219242965508, 6.224845179506736 ], [ -75.597335528139482, 6.224394287922299 ], [ -75.597452942287731, 6.223942266183671 ], [ -75.59750205204034, 6.223744506465414 ], [ -75.597626803712828, 6.223241632489638 ], [ -75.597684945000665, 6.223007711214274 ], [ -75.597745346397716, 6.222800911204494 ], [ -75.597868407864809, 6.222378269648041 ] ] ] } },
{ "type": "Feature", "properties": { "NOMBRE": "La Hondonada" }, "geometry": { "type": "Polygon", "coordinates": [ [ [ -75.605605670928014, 6.206073010341576 ], [ -75.605505844818012, 6.206071331084306 ], [ -75.60547705132781, 6.2060747234768 ], [ -75.605399138881097, 6.206083769031808 ], [ -75.605369779885123, 6.20608716146187 ], [ -75.605289573557044, 6.206104885124739 ], [ -75.605200969713792, 6.206124464521753 ], [ -75.605153544382475, 6.206127858319878 ], [ -75.605139994041863, 6.206128989412702 ], [ -75.605015199468824, 6.206133458583092 ], [ -75.605013526447351, 6.20613351837744 ], [ -75.604935612568767, 6.206135783510908 ], [ -75.604827774935529, 6.206115450625685 ], [ -75.604587255583311, 6.206064615225245 ], [ -75.604494661386212, 6.206045411183604 ], [ -75.604417875372889, 6.206029596118143 ], [ -75.604203892678186, 6.205983278789535 ], [ -75.604123155462986, 6.205968594034472 ], [ -75.603954904682084, 6.205935833908444 ], [ -75.603943613317909, 6.205932444567806 ], [ -75.603778749087624, 6.205884994273704 ], [ -75.603679378914876, 6.205854489999765 ], [ -75.603665264467551, 6.205849970801862 ], [ -75.603483462593005, 6.205794611248035 ], [ -75.603405547116466, 6.205774275882417 ], [ -75.60336489660375, 6.20577201782676 ], [ -75.603337796508669, 6.205769759684683 ], [ -75.603285854964014, 6.205781064056098 ], [ -75.603266094265436, 6.205785584825287 ], [ -75.603229961211881, 6.205792367805581 ], [ -75.6031289022485, 6.205843225980919 ], [ -75.603063411492755, 6.205871481291247 ], [ -75.602949931290411, 6.205909910587437 ], [ -75.602868626134935, 6.205835333465563 ], [ -75.602761349111873, 6.205769797763041 ], [ -75.602714486463213, 6.205746069888773 ], [ -75.602689644050173, 6.205733641021747 ], [ -75.602607210862914, 6.205687315412053 ], [ -75.602492029596561, 6.205610479631157 ], [ -75.602460974885432, 6.205586751511497 ], [ -75.602410159927103, 6.205548333126401 ], [ -75.602318692548252, 6.205492967643133 ], [ -75.602221579900629, 6.205447772169247 ], [ -75.602206336275842, 6.20544325301222 ], [ -75.602141406073059, 6.205413876070378 ], [ -75.602105835410669, 6.205389017285755 ], [ -75.602083250368025, 6.20537432811321 ], [ -75.602036387659354, 6.205335910317526 ], [ -75.601938143259602, 6.205253423832661 ], [ -75.601738831670318, 6.205077150416583 ], [ -75.601559281831584, 6.204909916022966 ], [ -75.601494915439744, 6.204854548512541 ], [ -75.601465555364285, 6.204828559194945 ], [ -75.601415871211628, 6.204837602203994 ], [ -75.601239720329801, 6.204846653937099 ], [ -75.600879513938153, 6.204874927391904 ], [ -75.600777888092679, 6.204879453646189 ], [ -75.600681907404564, 6.204871549754478 ], [ -75.60044364900358, 6.204844442643986 ], [ -75.600337504852092, 6.204826368844675 ], [ -75.600290079303988, 6.204825241970211 ], [ -75.600243783633303, 6.204834284641505 ], [ -75.600173211224828, 6.204859149756997 ], [ -75.600164742378865, 6.204861410441045 ], [ -75.600086831444216, 6.204891926329928 ], [ -75.600014566268882, 6.204932612361233 ], [ -75.599943431178275, 6.204986858109878 ], [ -75.599911249357831, 6.204992510541484 ], [ -75.599899393514306, 6.20499025121064 ], [ -75.599845756832437, 6.204981214296317 ], [ -75.599834464760349, 6.204980084081478 ], [ -75.599714768809378, 6.204926980133587 ], [ -75.599508687587871, 6.204836588987587 ], [ -75.599364147722923, 6.204745064588431 ], [ -75.599241062298987, 6.204661449165228 ], [ -75.599094828292564, 6.204563144449423 ], [ -75.599031026114318, 6.204511165874424 ], [ -75.598929394990307, 6.20441850851878 ], [ -75.598914714539319, 6.204404949663457 ], [ -75.598811953246098, 6.204296471533984 ], [ -75.598762830992939, 6.204249013121957 ], [ -75.598682090273257, 6.204158614494718 ], [ -75.598609252416111, 6.204058044820296 ], [ -75.59854939957026, 6.203945044564064 ], [ -75.598521729832626, 6.203861423780857 ], [ -75.598503095471187, 6.203806052988153 ], [ -75.598500271976917, 6.203798142755992 ], [ -75.598495754400588, 6.203785712396273 ], [ -75.598453969287903, 6.203695311251241 ], [ -75.598401458151315, 6.203611692041565 ], [ -75.598383955005474, 6.203587961916948 ], [ -75.598328621348841, 6.203525813093586 ], [ -75.598264820132187, 6.203471575212216 ], [ -75.598193115191918, 6.203427507447853 ], [ -75.598182952140206, 6.203422987853854 ], [ -75.598106166183456, 6.203384570692619 ], [ -75.598034460011888, 6.2033348535165 ], [ -75.597970659482399, 6.20329078522525 ], [ -75.597934524630631, 6.203267056253692 ], [ -75.598143421448071, 6.203253484229572 ], [ -75.598163745932482, 6.203251222830358 ], [ -75.598413293035009, 6.203239908251712 ], [ -75.598510402777521, 6.203236512799527 ], [ -75.598622189613991, 6.203222945861453 ], [ -75.598720427395264, 6.203201469356659 ], [ -75.598889800532987, 6.203146088296094 ], [ -75.598908430709159, 6.203135916565333 ], [ -75.598923673983109, 6.203122354875823 ], [ -75.598946256303577, 6.203097493027566 ], [ -75.598964886872338, 6.203079410882736 ], [ -75.599003276443725, 6.203045507539914 ], [ -75.599044489829723, 6.203010473952625 ], [ -75.599080056693566, 6.202981091022405 ], [ -75.599123527484139, 6.202944927223776 ], [ -75.599150062044501, 6.202921195169183 ], [ -75.599172080186179, 6.202903112797033 ], [ -75.599186194178429, 6.202888422018504 ], [ -75.599192967716391, 6.20287712098948 ], [ -75.599202000401775, 6.202863559695713 ], [ -75.5992110327213, 6.20284434901154 ], [ -75.599215548771141, 6.202833048129084 ], [ -75.599219499857668, 6.20281609698903 ], [ -75.599221757443786, 6.202803667098658 ], [ -75.599223450432177, 6.202791236340975 ], [ -75.599224014909439, 6.202775415480137 ], [ -75.599220626446979, 6.202761855898327 ], [ -75.599214979375319, 6.202744905382809 ], [ -75.599205380413963, 6.202732475359753 ], [ -75.599192959588194, 6.202723435696605 ], [ -75.599174327214342, 6.202713266378001 ], [ -75.59915964753425, 6.202711007214043 ], [ -75.599142710440745, 6.202709878255112 ], [ -75.599124078797374, 6.202711009523329 ], [ -75.599107141237809, 6.202716660916471 ], [ -75.599091333921777, 6.202724571449479 ], [ -75.599071009358852, 6.20273926353194 ], [ -75.599048991220428, 6.202757344995825 ], [ -75.599032618765079, 6.202770906762035 ], [ -75.599012294884105, 6.202782208665599 ], [ -75.598996486661363, 6.202790119195823 ], [ -75.598979549025302, 6.20279464052601 ], [ -75.598963176744746, 6.202796901701411 ], [ -75.598940028390004, 6.202799163313689 ], [ -75.598921396670605, 6.202799164515889 ], [ -75.598901636731853, 6.202800295849031 ], [ -75.598889215440749, 6.202798036531949 ], [ -75.598878487870024, 6.202794647046593 ], [ -75.598866067193086, 6.202787867493468 ], [ -75.598858162321065, 6.202779957590448 ], [ -75.598848563367426, 6.202767527560901 ], [ -75.598842916596823, 6.20275509727684 ], [ -75.598838398949184, 6.202741536861197 ], [ -75.598837269573195, 6.202724586954955 ], [ -75.598839527167826, 6.202712156162173 ], [ -75.598845736944511, 6.202699725115021 ], [ -75.598858157003463, 6.202682774336561 ], [ -75.598873399507113, 6.202671472766281 ], [ -75.598892594950541, 6.202657910823071 ], [ -75.598928726686594, 6.202633048102103 ], [ -75.599004378563251, 6.202582192374772 ], [ -75.599055754446326, 6.202543767952762 ], [ -75.599126888981402, 6.202498561890666 ], [ -75.599171490338193, 6.202470308426759 ], [ -75.599218913626586, 6.202439794657737 ], [ -75.599260690938095, 6.202409281252312 ], [ -75.59930303352543, 6.202375377630116 ], [ -75.599317147719987, 6.202364076120612 ], [ -75.599343681486175, 6.202342604174059 ], [ -75.599359489323376, 6.202329042435085 ], [ -75.59937360336869, 6.202315481710397 ], [ -75.599401265809732, 6.202286098371072 ], [ -75.599430058565744, 6.202260106036939 ], [ -75.59945377001992, 6.202235244093025 ], [ -75.599481432452407, 6.202205861653544 ], [ -75.599517563706343, 6.202160657832714 ], [ -75.599535064586576, 6.202135795388704 ], [ -75.599583050648164, 6.202078161041286 ], [ -75.59962087500945, 6.202022786572256 ], [ -75.599557638069868, 6.201962898515753 ], [ -75.599548603342384, 6.201944818167543 ], [ -75.599541826928331, 6.201925608516033 ], [ -75.599534485991853, 6.201907528056325 ], [ -75.59951754671124, 6.201872497343642 ], [ -75.599507382572497, 6.20185102779631 ], [ -75.599494395986852, 6.201823907235553 ], [ -75.599480843902739, 6.201796787615601 ], [ -75.599467857687912, 6.201775317348489 ], [ -75.599456563844981, 6.201745937462173 ], [ -75.599443577853108, 6.201727857371042 ], [ -75.599428896066456, 6.20169282650765 ], [ -75.599417602962632, 6.201674747209092 ], [ -75.599409133818071, 6.201657796880343 ], [ -75.599392193650488, 6.201622767067742 ], [ -75.599383159837856, 6.201604686716641 ], [ -75.599373560452804, 6.201585476343488 ], [ -75.599363396325444, 6.201564006793383 ], [ -75.599353233322361, 6.201545926515554 ], [ -75.599340246362246, 6.20152671636308 ], [ -75.599326694586907, 6.201504116070563 ], [ -75.599311449707827, 6.20147812661562 ], [ -75.59929450999195, 6.201449876248994 ], [ -75.599278135777368, 6.201421626749011 ], [ -75.599264584300144, 6.201403546690337 ], [ -75.599252727515363, 6.201385466520932 ], [ -75.599242563762488, 6.201369647262798 ], [ -75.59923183541413, 6.201353827137174 ], [ -75.599219414035588, 6.201335747003774 ], [ -75.599204732859249, 6.201309757509069 ], [ -75.599184970493965, 6.2012724668516 ], [ -75.599165207884951, 6.201245347627236 ], [ -75.599151657173564, 6.201225007447884 ], [ -75.599140928830877, 6.201209187320411 ], [ -75.59913076591512, 6.201192237097158 ], [ -75.599118343421907, 6.201170767688907 ], [ -75.599105356406682, 6.201150427471792 ], [ -75.599095193347566, 6.201131217130134 ], [ -75.599074301556925, 6.201104097975574 ], [ -75.599058492615214, 6.201086018057881 ], [ -75.599040989056803, 6.201069068308279 ], [ -75.599024615666934, 6.201053248543838 ], [ -75.599007676924316, 6.201039689837227 ], [ -75.598990173732048, 6.201028390380238 ], [ -75.598970413133799, 6.201018221127365 ], [ -75.598953474683739, 6.201009181750403 ], [ -75.598923551075501, 6.200994492916426 ], [ -75.598906047958934, 6.200984323515506 ], [ -75.598884028836721, 6.20097189428729 ], [ -75.598852976041314, 6.20095720552207 ], [ -75.598832085137033, 6.20094364616019 ], [ -75.5988066782282, 6.200927826970106 ], [ -75.598781835013142, 6.200912008646632 ], [ -75.598762074206874, 6.200898449209378 ], [ -75.59874118330724, 6.200884889843898 ], [ -75.598721422503019, 6.200871330405122 ], [ -75.598703354582952, 6.200857770857105 ], [ -75.598684722971683, 6.200844211344579 ], [ -75.598667219648945, 6.200830651759158 ], [ -75.598653669254901, 6.200814832706502 ], [ -75.598641247077239, 6.200797882618411 ], [ -75.598620356585343, 6.200776412836073 ], [ -75.598597206953784, 6.200757203314985 ], [ -75.59857857542049, 6.20074477385757 ], [ -75.598560507365079, 6.20072895509099 ], [ -75.59854413378514, 6.20070974513506 ], [ -75.59852945316058, 6.200691665129539 ], [ -75.598517595728282, 6.200676975120253 ], [ -75.598507432914332, 6.2006611558479 ], [ -75.598495575268714, 6.200643075661541 ], [ -75.598485411338103, 6.200623865308198 ], [ -75.598476377573604, 6.20060578584562 ], [ -75.598460002311057, 6.200574145239682 ], [ -75.598450968691097, 6.200558324990342 ], [ -75.598439675644912, 6.200540245670857 ], [ -75.598426688599872, 6.200518775378181 ], [ -75.598413137935481, 6.200498435179863 ], [ -75.598400499792263, 6.200480224858182 ], [ -75.598399021773758, 6.200478095921164 ], [ -75.598386600158989, 6.200455495532721 ], [ -75.598383758843283, 6.200451163519459 ], [ -75.598374742522111, 6.200437415343647 ], [ -75.598363449124818, 6.200413685728234 ], [ -75.598353286035561, 6.200393345313429 ], [ -75.598334652264711, 6.200359444729128 ], [ -75.598322230299701, 6.20033119494892 ], [ -75.598308113505638, 6.200300684254007 ], [ -75.598300207968009, 6.200281474658079 ], [ -75.598291174002341, 6.200260004111706 ], [ -75.598281574539271, 6.20023853450502 ], [ -75.598265764797929, 6.200206893857262 ], [ -75.598255600813033, 6.200186553440632 ], [ -75.598243743044733, 6.200166214034942 ], [ -75.598241729252436, 6.200162687474553 ], [ -75.598234709438231, 6.200150393781898 ], [ -75.5982205931507, 6.200127793496661 ], [ -75.598207042504328, 6.2001074541971 ], [ -75.598195749263382, 6.200085983791769 ], [ -75.598186149878174, 6.200065643338157 ], [ -75.598172598880481, 6.200039653743413 ], [ -75.598168294808247, 6.200031579066313 ], [ -75.598163564304087, 6.200022703430351 ], [ -75.598155094110453, 6.200002362904955 ], [ -75.598152835148625, 6.199978632715289 ], [ -75.598152833732541, 6.199956031538098 ], [ -75.59815283252891, 6.199936821441534 ], [ -75.598161299888531, 6.199911959612583 ], [ -75.598173719196097, 6.199883708261638 ], [ -75.598187832356516, 6.199856586862356 ], [ -75.598209848862751, 6.199828334000678 ], [ -75.598228479058662, 6.199805732550455 ], [ -75.598243157589451, 6.199791040857421 ], [ -75.598257271099001, 6.19976956975058 ], [ -75.598274772315349, 6.199750357642671 ], [ -75.598289450701216, 6.199733406734676 ], [ -75.598302434257647, 6.199714194911842 ], [ -75.598310337368261, 6.199694984314606 ], [ -75.598325580274476, 6.199676902406932 ], [ -75.59833550295717, 6.19966697082066 ], [ -75.598335524638955, 6.199666992516415 ], [ -75.598336128030738, 6.199666253871687 ], [ -75.598340713141639, 6.199661530838977 ], [ -75.598356130766334, 6.199678040473196 ], [ -75.598370810453417, 6.199696120483595 ], [ -75.598386060084593, 6.199713070398535 ], [ -75.598402428968484, 6.199730020241935 ], [ -75.598419366964407, 6.199746969144609 ], [ -75.598436306696712, 6.199762787987769 ], [ -75.598452684545862, 6.199778608674222 ], [ -75.598469054337201, 6.199795557611454 ], [ -75.598484863148713, 6.199812508391992 ], [ -75.598502370117984, 6.199827197138045 ], [ -75.598553186551499, 6.1998735254073 ], [ -75.598570684491236, 6.199888215055708 ], [ -75.598587623401016, 6.199905164856972 ], [ -75.598605130304492, 6.199918724444801 ], [ -75.598622628318893, 6.199934543246299 ], [ -75.598639567160049, 6.199950363891085 ], [ -75.598657074138174, 6.199965052632002 ], [ -75.598675702176266, 6.199979742204594 ], [ -75.598694898351482, 6.199993302585306 ], [ -75.598714664542257, 6.200006861120678 ], [ -75.598734990667865, 6.200018160405707 ], [ -75.598776201192834, 6.200040758937559 ], [ -75.598798225405176, 6.200048667934484 ], [ -75.59882080962376, 6.200055445931564 ], [ -75.59884339279516, 6.200059965618108 ], [ -75.598865976039193, 6.200065614458499 ], [ -75.598888560331801, 6.200073523415583 ], [ -75.598932599802168, 6.200090471458579 ], [ -75.598954613106173, 6.200097250390818 ], [ -75.598998652580661, 6.200114199332348 ], [ -75.59901954602114, 6.200125497665689 ], [ -75.599041002177827, 6.200135665902914 ], [ -75.599061887489952, 6.200146965139153 ], [ -75.599082782667111, 6.200157135219106 ], [ -75.599105366675516, 6.200160523931473 ], [ -75.599119680281646, 6.200160523002955 ], [ -75.599128509640138, 6.200160521525959 ], [ -75.599151661419612, 6.200157130750354 ], [ -75.599174244771632, 6.200150348930037 ], [ -75.59919625991499, 6.200143568049751 ], [ -75.599219408079932, 6.200140178175457 ], [ -75.599233786726657, 6.20014017452747 ], [ -75.599242554656968, 6.20014017395661 ], [ -75.599284398738945, 6.200139153273204 ], [ -75.599288849544905, 6.200139041785221 ], [ -75.599335146385954, 6.200140168823323 ], [ -75.599350056203576, 6.200140167849627 ], [ -75.599358859364656, 6.200140168178581 ], [ -75.599377573136394, 6.200139253867993 ], [ -75.599382010385142, 6.200139035702553 ], [ -75.599405154325765, 6.200140165151798 ], [ -75.599428307226432, 6.200140163636529 ], [ -75.599451450190287, 6.20014016302494 ], [ -75.59949774620209, 6.200142420107693 ], [ -75.59956775511931, 6.200143545569346 ], [ -75.599614051961339, 6.200144672582976 ], [ -75.599651542858439, 6.200144671018036 ], [ -75.599660347826187, 6.200144669533742 ], [ -75.599683499749688, 6.200143538852523 ], [ -75.599706642639475, 6.200142406362786 ], [ -75.599729795466175, 6.200141276583523 ], [ -75.599800354376228, 6.20014014186026 ], [ -75.599823507202458, 6.200139009364744 ], [ -75.599934308549393, 6.200136841343606 ], [ -75.599939251682684, 6.200136743378138 ], [ -75.599970426396084, 6.200137513362293 ], [ -75.599970463446823, 6.20013771496233 ], [ -75.599970493309641, 6.200138505097502 ], [ -75.599970521323641, 6.2001386578796 ], [ -75.599976832146751, 6.200138794875075 ], [ -75.60000009363614, 6.200141614858467 ], [ -75.600023336094324, 6.200143511810018 ], [ -75.600046606617624, 6.200146330886708 ], [ -75.600070336977694, 6.200149610995724 ], [ -75.600093174016848, 6.200154301476748 ], [ -75.600116452732962, 6.200158051718317 ], [ -75.600139723288606, 6.200161340895385 ], [ -75.600163002005957, 6.200165100175371 ], [ -75.600186299755322, 6.20016978158109 ], [ -75.600210030116699, 6.200173052643351 ], [ -75.600233273449646, 6.200174488521579 ], [ -75.600256524974384, 6.200176847430316 ], [ -75.600264690398205, 6.200177273593087 ], [ -75.600269706717938, 6.200177395303058 ], [ -75.600279750209268, 6.20017781320322 ], [ -75.600303480541427, 6.200180632237736 ], [ -75.600326760163526, 6.200184382469965 ], [ -75.600349569108943, 6.200187671668787 ], [ -75.600372830603007, 6.200190499772169 ], [ -75.600396100258322, 6.200193788937992 ], [ -75.600418937302251, 6.200198479404913 ], [ -75.600442179763817, 6.200200367297543 ], [ -75.60046541406453, 6.200201795029728 ], [ -75.600469115995068, 6.200201726072502 ], [ -75.600474419607451, 6.200202243733779 ], [ -75.600482368185794, 6.200202048827455 ], [ -75.600520714498117, 6.200201110550252 ], [ -75.600530651366512, 6.200201109879036 ], [ -75.600543861981336, 6.200201108986396 ], [ -75.600566299214563, 6.200197899910472 ], [ -75.600582323761927, 6.200197782204493 ], [ -75.600629929555396, 6.200198730943145 ], [ -75.600637584565092, 6.200198844334429 ], [ -75.600640975736539, 6.200198684992345 ], [ -75.600645155531367, 6.200198486722765 ], [ -75.600685574066645, 6.200196580962742 ], [ -75.600698206495622, 6.200195977106058 ], [ -75.600707057506767, 6.200195555219277 ], [ -75.600723885209561, 6.200196562089053 ], [ -75.600732937697487, 6.200196575034801 ], [ -75.600732999125398, 6.200196575030628 ], [ -75.60073794045924, 6.200196578311075 ], [ -75.600748124846064, 6.200196580331086 ], [ -75.600756146608717, 6.200196577977693 ], [ -75.60075755222384, 6.200196576978084 ], [ -75.600766453851122, 6.200196576372809 ], [ -75.600779859589807, 6.200196575460991 ], [ -75.600780428701356, 6.200196575422273 ], [ -75.60079446230624, 6.200197118703717 ], [ -75.600817741932516, 6.200200868914282 ], [ -75.600840614368551, 6.200207882761571 ], [ -75.600863045129913, 6.200215836846958 ], [ -75.600885935696738, 6.200223772819078 ], [ -75.600907914846772, 6.200232658101877 ], [ -75.600930326576588, 6.200239681017202 ], [ -75.600952305728015, 6.200248566298153 ], [ -75.600994483781889, 6.200270088774572 ], [ -75.601016019453908, 6.200279914292195 ], [ -75.601038025803803, 6.200290191800234 ], [ -75.601060898246587, 6.200297205637971 ], [ -75.601075466933523, 6.20030207383654 ], [ -75.601083319950078, 6.200304698650601 ], [ -75.601106165165859, 6.200309841110764 ], [ -75.601129408538696, 6.200311738013528 ], [ -75.601152678204016, 6.200315027145984 ], [ -75.601160494909564, 6.200315053730045 ], [ -75.601170042431519, 6.200314996118587 ], [ -75.601191144695832, 6.200314479360137 ], [ -75.601207821446806, 6.200314072295213 ], [ -75.601221688757079, 6.200313425850769 ], [ -75.601225192847807, 6.200313262880965 ], [ -75.601246887748403, 6.20031329483605 ], [ -75.601249437886437, 6.200312940273841 ], [ -75.601255811033809, 6.200312939834567 ], [ -75.601278959192797, 6.200309547157771 ], [ -75.601290437024005, 6.200307250086341 ], [ -75.601301542679181, 6.200305026268164 ], [ -75.601314866037114, 6.200302424404954 ], [ -75.601324689856668, 6.200300504434611 ], [ -75.601347273264693, 6.200294853484185 ], [ -75.601355994103344, 6.200293107166525 ], [ -75.60136897599385, 6.200290507133643 ], [ -75.601369855846585, 6.200290333495762 ], [ -75.601393003926091, 6.200285809851056 ], [ -75.60140097770541, 6.200284251626138 ], [ -75.601416151101958, 6.200281288013492 ], [ -75.601426516924633, 6.200279263134266 ], [ -75.601439299180868, 6.200276767078899 ], [ -75.601447949498763, 6.200274168248192 ], [ -75.60146188250873, 6.200269985160661 ], [ -75.601470412648411, 6.200266918945573 ], [ -75.601483900259908, 6.200262073221823 ], [ -75.601497478353025, 6.200259354714253 ], [ -75.601506483742554, 6.20025755232344 ], [ -75.60152463459778, 6.20024168142068 ], [ -75.60155559962557, 6.200214606675299 ], [ -75.601631618349458, 6.200160545698743 ], [ -75.601642317163666, 6.200153580174726 ], [ -75.601717511887401, 6.200032591732925 ], [ -75.601725879273658, 6.200027437176285 ], [ -75.601761435469612, 6.200005536863787 ], [ -75.602019859358748, 6.19985574616148 ], [ -75.602153642917727, 6.199778140558807 ], [ -75.602160343709414, 6.199774355744334 ], [ -75.60216336566026, 6.199777801758349 ], [ -75.60217096984023, 6.199787413953773 ], [ -75.602177301064074, 6.199795106043037 ], [ -75.602181288807614, 6.19980012141444 ], [ -75.60218550512721, 6.199805538166564 ], [ -75.602199770326578, 6.199823852247946 ], [ -75.602214956912007, 6.199841697063317 ], [ -75.602235128661334, 6.199853403045624 ], [ -75.602249542807186, 6.19985732468541 ], [ -75.602257523163459, 6.199859494737283 ], [ -75.602280783716822, 6.199861852652124 ], [ -75.602286997878551, 6.199861987818723 ], [ -75.602303999875602, 6.199862357272547 ], [ -75.602324259304439, 6.199861985176079 ], [ -75.602327206031873, 6.199861930724153 ], [ -75.602330744473605, 6.199862150156486 ], [ -75.602350440323477, 6.199863367413799 ], [ -75.602357729687171, 6.19986653648526 ], [ -75.602371966937341, 6.199872722772231 ], [ -75.602393051912827, 6.199883487570594 ], [ -75.602396323039613, 6.199884794590143 ], [ -75.60241053134709, 6.199890465571287 ], [ -75.60242389768473, 6.199895473945437 ], [ -75.602427803878598, 6.199896937319752 ], [ -75.602428493170365, 6.199897429976373 ], [ -75.60244290867405, 6.199907739607535 ], [ -75.602457250135473, 6.199918501267118 ], [ -75.602460171728367, 6.199920693373263 ], [ -75.602468799344024, 6.199929335448983 ], [ -75.602469787715208, 6.19993081801581 ], [ -75.602477436298784, 6.199942289828523 ], [ -75.60248145404961, 6.199950027281316 ], [ -75.602481505546962, 6.199950116778311 ], [ -75.602484491476972, 6.199955117754053 ], [ -75.602488879629675, 6.199963245728738 ], [ -75.602496534728957, 6.199977418833422 ], [ -75.602507228197496, 6.199997213990223 ], [ -75.602508577981382, 6.199999711776092 ], [ -75.602522237272098, 6.200021181920361 ], [ -75.60253666871256, 6.200039594521909 ], [ -75.602537182765914, 6.200040249015323 ], [ -75.602543384622649, 6.200045174725323 ], [ -75.602543442440336, 6.200045219923553 ], [ -75.602557659243956, 6.200055966220503 ], [ -75.602581463191314, 6.200064941708007 ], [ -75.602606431172205, 6.200068465707249 ], [ -75.602631526454644, 6.200070986203932 ], [ -75.602656548601871, 6.200074012971029 ], [ -75.602666325533292, 6.200073430968761 ], [ -75.602679005823845, 6.200072674277263 ], [ -75.602701516601584, 6.200074959903491 ], [ -75.602717453834387, 6.200079259313014 ], [ -75.602723631070432, 6.200080925028847 ], [ -75.602744660754539, 6.200088852013306 ], [ -75.602751847010538, 6.200090183158983 ], [ -75.602766973830839, 6.200092981906998 ], [ -75.602781946275712, 6.200097146680823 ], [ -75.602788644760125, 6.200099010344769 ], [ -75.602803105198007, 6.200105877351533 ], [ -75.602803140429941, 6.200105894525897 ], [ -75.60280853723485, 6.200108456207489 ], [ -75.602825548403942, 6.200123290397324 ], [ -75.602840607006016, 6.200132176097206 ], [ -75.60284479873367, 6.200134643844216 ], [ -75.602866533835183, 6.200141115257247 ], [ -75.602871191496064, 6.200140838283538 ], [ -75.602888990156032, 6.200139775650561 ], [ -75.602897962919698, 6.200136598182717 ], [ -75.602910128046574, 6.200132288617707 ], [ -75.602918526331038, 6.2001298461812 ], [ -75.602932294928422, 6.200125841163962 ], [ -75.602955402264229, 6.200120307633043 ], [ -75.60297656706291, 6.200110162697131 ], [ -75.602984849594534, 6.200106003482499 ], [ -75.602988760989646, 6.200104374107185 ], [ -75.602997721968705, 6.200100641553581 ], [ -75.603004162556601, 6.200096346864628 ], [ -75.603008976213815, 6.200092128233107 ], [ -75.603012743855686, 6.200088825476837 ], [ -75.60301718157389, 6.200095170662679 ], [ -75.60301986299649, 6.200099004532603 ], [ -75.603020251477886, 6.200099565013724 ], [ -75.60302138982351, 6.200101273580452 ], [ -75.603028834242551, 6.200112446160343 ], [ -75.603033125415777, 6.200128546928823 ], [ -75.603033115484806, 6.200128629197826 ], [ -75.603031888632813, 6.20013980240454 ], [ -75.603032935179456, 6.200146281634386 ], [ -75.603035557871252, 6.200162501857688 ], [ -75.603037425944379, 6.200174266087426 ], [ -75.603039236176699, 6.20018566327822 ], [ -75.603040985650296, 6.200231510995953 ], [ -75.603041289473836, 6.200235648797523 ], [ -75.603042835616378, 6.20025528278046 ], [ -75.60304511370127, 6.200265510100462 ], [ -75.603048159843595, 6.200278635739883 ], [ -75.603056642019993, 6.20029963342812 ], [ -75.603060166130447, 6.200314073517363 ], [ -75.603062171258884, 6.200322287544164 ], [ -75.603068938381966, 6.200336435391478 ], [ -75.603069831931265, 6.200338302184059 ], [ -75.603070411066909, 6.200339512661201 ], [ -75.603073048295812, 6.200344304823973 ], [ -75.603075507416307, 6.200347037580346 ], [ -75.603087946662328, 6.20036084328703 ], [ -75.603101750329486, 6.200379636522408 ], [ -75.603108598610248, 6.200391759297847 ], [ -75.603134978953364, 6.200438509277436 ], [ -75.60313696658163, 6.200442030396768 ], [ -75.60314126799004, 6.200449651201899 ], [ -75.603146642717689, 6.200459170428058 ], [ -75.603198012312447, 6.200553403665322 ], [ -75.603201546883568, 6.200562507162876 ], [ -75.603206424085528, 6.200575063118735 ], [ -75.603210048772354, 6.20058112177908 ], [ -75.603218375975786, 6.200595041691292 ], [ -75.603231291570552, 6.200612619948506 ], [ -75.603231606871404, 6.200613047539867 ], [ -75.603231872482937, 6.200613406427257 ], [ -75.60323209924691, 6.200613718307024 ], [ -75.603246057376907, 6.200644707122676 ], [ -75.60324636941931, 6.20065004640212 ], [ -75.603246372132489, 6.200650089796181 ], [ -75.603247423123165, 6.200668013357425 ], [ -75.603248115450384, 6.20068548582524 ], [ -75.60324834622611, 6.200691309679829 ], [ -75.603252114776723, 6.200700543342812 ], [ -75.603252125618852, 6.200700569559392 ], [ -75.603257191613395, 6.200712979045428 ], [ -75.603259024864315, 6.20071780200334 ], [ -75.60326123036711, 6.20072360130503 ], [ -75.603265082996117, 6.200733749857462 ], [ -75.603265256472426, 6.200734200964342 ], [ -75.603265593487322, 6.200735091426214 ], [ -75.603267249730237, 6.200740591528245 ], [ -75.603272243758539, 6.200757166868375 ], [ -75.603276092722552, 6.200766595799508 ], [ -75.603279968790943, 6.20077607535528 ], [ -75.603281098181441, 6.200778836232915 ], [ -75.603293078121581, 6.200799347285473 ], [ -75.603301010215063, 6.200820908231165 ], [ -75.603305447335501, 6.200843825501883 ], [ -75.603306197141862, 6.200856633082442 ], [ -75.603306200759604, 6.200856692749285 ], [ -75.60330681308487, 6.200867130832425 ], [ -75.603307284545878, 6.20089086203427 ], [ -75.603309534647167, 6.200913742398275 ], [ -75.603313095515134, 6.200936641651795 ], [ -75.603317099026953, 6.200959549009476 ], [ -75.603322789954419, 6.200981791769588 ], [ -75.60332285501454, 6.200982050322319 ], [ -75.603329947031668, 6.201004135676088 ], [ -75.603330136754394, 6.201004392411638 ], [ -75.603343679351497, 6.201022820424686 ], [ -75.603359191152776, 6.201039778313226 ], [ -75.603369888837463, 6.201054684365566 ], [ -75.603372913569274, 6.201058898812484 ], [ -75.603382644223743, 6.201080151345693 ], [ -75.603387080446581, 6.201103068615791 ], [ -75.603385148786074, 6.201123963093142 ], [ -75.603384931248286, 6.201126311823362 ], [ -75.603384912286387, 6.201126429350865 ], [ -75.603384867137606, 6.201126689719723 ], [ -75.603381040350499, 6.201149084149467 ], [ -75.603373200859039, 6.201171360441732 ], [ -75.603373089760268, 6.20117154939568 ], [ -75.60337287388559, 6.201171918262639 ], [ -75.603361449682353, 6.201191366956897 ], [ -75.6033504611258, 6.201214006001337 ], [ -75.603346438190286, 6.201222294598344 ], [ -75.60334651860282, 6.201222488962607 ], [ -75.603355283591213, 6.201243973002769 ], [ -75.603367227403552, 6.201264385515149 ], [ -75.603372991526783, 6.201286885922801 ], [ -75.603375676145816, 6.201309767158875 ], [ -75.603377927155307, 6.201332647522523 ], [ -75.603381515138281, 6.201355664299729 ], [ -75.603383053994108, 6.201361794530785 ], [ -75.603387244055938, 6.201378490166748 ], [ -75.603394769691562, 6.201400584528477 ], [ -75.603404942997301, 6.201421846973489 ], [ -75.603406542198556, 6.201425500111037 ], [ -75.603414240048664, 6.20144308145683 ], [ -75.60342265094225, 6.201464750851385 ], [ -75.603432824250362, 6.201486013295859 ], [ -75.603436491572381, 6.201494394448513 ], [ -75.603438379895223, 6.201498707519218 ], [ -75.603448363613069, 6.201521522226103 ], [ -75.603451160861241, 6.201527914538643 ], [ -75.603452423034398, 6.201530498212978 ], [ -75.60346159976757, 6.201549311666166 ], [ -75.603472991543327, 6.201568371762062 ], [ -75.603482818259451, 6.201581225688912 ], [ -75.603482835424828, 6.201581248288833 ], [ -75.60348772664112, 6.201587541002817 ], [ -75.603501901593731, 6.201605792676359 ], [ -75.603512160089238, 6.201618299416978 ], [ -75.603516518255802, 6.20162360947053 ], [ -75.603515788166803, 6.201633563986516 ], [ -75.603514826168251, 6.201646988252224 ], [ -75.603516665925611, 6.201666660182259 ], [ -75.603518608252216, 6.201668242122458 ], [ -75.603534850619738, 6.201681466237852 ], [ -75.603545164606359, 6.201686845466488 ], [ -75.603555736962235, 6.201692358474954 ], [ -75.603570788163282, 6.201698073661395 ], [ -75.603577543633079, 6.201700637947647 ], [ -75.603585423783102, 6.20170325910629 ], [ -75.603599802821122, 6.201708040460554 ], [ -75.603621619398538, 6.201715885988093 ], [ -75.603642947452713, 6.201726344246714 ], [ -75.60364808775482, 6.201729306431423 ], [ -75.603663373152571, 6.201738113439072 ], [ -75.603681115898709, 6.201749987697384 ], [ -75.603682903724362, 6.201751184524277 ], [ -75.603683057304508, 6.201751320120046 ], [ -75.603700204073292, 6.201766416445379 ], [ -75.603704618171193, 6.201770636212465 ], [ -75.603717051906159, 6.201782516284425 ], [ -75.603732563741715, 6.201799474161992 ], [ -75.603745409936309, 6.201818575731089 ], [ -75.60375089447659, 6.201834676405841 ], [ -75.603752936496548, 6.201840670087645 ], [ -75.603763118826222, 6.201861488637966 ], [ -75.603772272243361, 6.201882409421243 ], [ -75.603772414997096, 6.201882733059581 ], [ -75.603775057062165, 6.201891691971539 ], [ -75.60377905630304, 6.201905252383144 ], [ -75.603779866090719, 6.201910465058983 ], [ -75.603782617198121, 6.20192815072945 ], [ -75.603783692696268, 6.201935057569949 ], [ -75.603783880682883, 6.20193626988324 ], [ -75.603786178093571, 6.201951049979779 ], [ -75.603788419186742, 6.201973930342411 ], [ -75.603787749382306, 6.201992869274336 ], [ -75.603787580804891, 6.201997643559461 ], [ -75.603787618677671, 6.20202136484833 ], [ -75.603791179573989, 6.202044264098628 ], [ -75.603797387271811, 6.202066774413459 ], [ -75.603804027645282, 6.202088849849651 ], [ -75.603810235344184, 6.202111360164333 ], [ -75.603812909140643, 6.202134165459029 ], [ -75.60381291637178, 6.202134224221555 ], [ -75.603812931086566, 6.202137784357921 ], [ -75.603812938823623, 6.202144740999728 ], [ -75.603812945219957, 6.2021580512846 ], [ -75.603812939805266, 6.202158125416861 ], [ -75.603810366032761, 6.202181205024968 ], [ -75.603806033802542, 6.202197077699355 ], [ -75.603804279055183, 6.202203508315758 ], [ -75.603802535884469, 6.202207662540725 ], [ -75.603795129666736, 6.202225313702379 ], [ -75.603790587011162, 6.202241966584798 ], [ -75.603790205897937, 6.202243366981845 ], [ -75.603789051720923, 6.202247607951859 ], [ -75.603788090048923, 6.202265406901923 ], [ -75.603787770693955, 6.20227131125703 ], [ -75.603788676678704, 6.20229486161699 ], [ -75.603788680297356, 6.202294933036445 ], [ -75.603790313844598, 6.202298766075669 ], [ -75.603797981905103, 6.202316286846908 ], [ -75.603804836308825, 6.202325113457166 ], [ -75.603812155984571, 6.202334537608135 ], [ -75.603827667839468, 6.202351496386956 ], [ -75.603844073953468, 6.202367587214081 ], [ -75.60386360455297, 6.202380658292597 ], [ -75.6038661485711, 6.202382964328788 ], [ -75.603880895926039, 6.202396324151046 ], [ -75.603895955268271, 6.202414158982932 ], [ -75.603907169874674, 6.202431232891095 ], [ -75.603908793386125, 6.202433703531727 ], [ -75.60391941747433, 6.20245452295041 ], [ -75.603932237592048, 6.20247495256207 ], [ -75.603943738809676, 6.202495356053687 ], [ -75.603954805513482, 6.202515750536758 ], [ -75.603958779187536, 6.202525476885172 ], [ -75.603963659993966, 6.202537418985798 ], [ -75.603971629185992, 6.202559079363851 ], [ -75.603986472668353, 6.20258964319221 ], [ -75.603995327119478, 6.202610878602165 ], [ -75.60400462331296, 6.20263212301969 ], [ -75.604007371012813, 6.202640192340315 ], [ -75.604012149895681, 6.202654216468506 ], [ -75.604015891367467, 6.202663374188087 ], [ -75.604021004380911, 6.202675885820631 ], [ -75.604035621090844, 6.202693712544941 ], [ -75.604051724575072, 6.202709498724195 ], [ -75.604051758001631, 6.20270953126741 ], [ -75.604051795945395, 6.202709569234572 ], [ -75.604052036255283, 6.202709802460883 ], [ -75.604056584278212, 6.202716971216703 ], [ -75.604064431741065, 6.202729338902326 ], [ -75.604071532758567, 6.20273800005019 ], [ -75.604071739645647, 6.202738251359916 ], [ -75.604053368596794, 6.202867453710176 ], [ -75.604052361878445, 6.20287455145863 ], [ -75.604052354654272, 6.202874587621053 ], [ -75.604052300481058, 6.202874969132947 ], [ -75.604041487001979, 6.202895321843684 ], [ -75.604041466227855, 6.202895363431392 ], [ -75.604033152448125, 6.202917251932458 ], [ -75.6040222685142, 6.202937720366057 ], [ -75.604016630407941, 6.202946453879146 ], [ -75.604009650067169, 6.20295726589597 ], [ -75.604007871789378, 6.20296311069228 ], [ -75.604005757581305, 6.202970561101129 ], [ -75.604003120443991, 6.202979560181409 ], [ -75.604004701475219, 6.202981697231517 ], [ -75.604021753123959, 6.203004748263825 ], [ -75.604032940511189, 6.20300774435001 ], [ -75.604043420556863, 6.203010556062846 ], [ -75.604054572584261, 6.203011801916028 ], [ -75.604066637009282, 6.203013149858541 ], [ -75.604077846788911, 6.203013546806718 ], [ -75.604090331207871, 6.203013988862305 ], [ -75.604104672009868, 6.203014234601395 ], [ -75.60411402627787, 6.203014394826385 ], [ -75.604130676964772, 6.203014672938721 ], [ -75.604130731166208, 6.203014673838736 ], [ -75.604137720443831, 6.203014790844949 ], [ -75.604161415513758, 6.203015194998808 ], [ -75.604185127682641, 6.203014723128693 ], [ -75.604208416078905, 6.203012923243918 ], [ -75.604222136117755, 6.203011047227552 ], [ -75.604231296962709, 6.203009794439279 ], [ -75.604254196719353, 6.203005352955857 ], [ -75.604260923908456, 6.20300391953923 ], [ -75.604277104573001, 6.20300046939181 ], [ -75.604298332758447, 6.20299116697005 ], [ -75.604301011059164, 6.202989132664022 ], [ -75.604317004082347, 6.202976990116601 ], [ -75.604331559022484, 6.20296566855097 ], [ -75.604335241793464, 6.202962803350394 ], [ -75.604345554258018, 6.202959416922893 ], [ -75.604345622911424, 6.20295939431658 ], [ -75.604356875746717, 6.202955696826327 ], [ -75.604380101199538, 6.202957856664947 ], [ -75.604402350547673, 6.202965702127819 ], [ -75.604423706573996, 6.202974849484506 ], [ -75.60443580025742, 6.202980905693646 ], [ -75.604444592050015, 6.202985306839849 ], [ -75.604452217730426, 6.202991328125742 ], [ -75.604462786719395, 6.202999670783691 ], [ -75.604468760104524, 6.203004930985629 ], [ -75.604468793530927, 6.203004960816677 ], [ -75.604480086228207, 6.203014901775247 ], [ -75.604493407142684, 6.203027274468005 ], [ -75.604496944028455, 6.203030558605577 ], [ -75.604515128763964, 6.203044923452409 ], [ -75.604532880824962, 6.203059720465638 ], [ -75.604540622520048, 6.203070866784507 ], [ -75.604546161595053, 6.203078840967582 ], [ -75.604562566850035, 6.20309493086839 ], [ -75.604572047233944, 6.203102415665321 ], [ -75.604580761526321, 6.203109293904118 ], [ -75.604598503654458, 6.203124091819935 ], [ -75.604616689332445, 6.203138899646274 ], [ -75.604638026464585, 6.203148923017342 ], [ -75.604658461242494, 6.203160258227903 ], [ -75.604678443504028, 6.203172453220584 ], [ -75.604697532444803, 6.203185956436058 ], [ -75.604717481249665, 6.203197693981957 ], [ -75.604717521902572, 6.203197718388158 ], [ -75.604737949522246, 6.203209919673295 ], [ -75.604757372424316, 6.20321964846477 ], [ -75.604758696793752, 6.203220292046217 ], [ -75.604758764548038, 6.20322032549084 ], [ -75.604759887459537, 6.203220844329009 ], [ -75.60478062470186, 6.20322997815731 ], [ -75.60480244045533, 6.203237813691579 ], [ -75.604814944155549, 6.203242307667633 ], [ -75.604824248079311, 6.203245650129608 ], [ -75.604846072835031, 6.203253052622832 ], [ -75.604867862492583, 6.203262208969175 ], [ -75.604870343185354, 6.203263201424897 ], [ -75.604889660247693, 6.20327092233093 ], [ -75.604899846791795, 6.20327479088006 ], [ -75.604911467907726, 6.203279201748424 ], [ -75.60491962000917, 6.20328196751405 ], [ -75.604933292666047, 6.203286604238043 ], [ -75.60495508232647, 6.203295760580782 ], [ -75.604976419471399, 6.203305784842216 ], [ -75.605006372079927, 6.203317757573272 ], [ -75.605006681037366, 6.203317881404231 ], [ -75.605020015892876, 6.203323211555783 ], [ -75.605041805556368, 6.20333236879899 ], [ -75.605055362727043, 6.203338869673716 ], [ -75.605062709092977, 6.203342392185888 ], [ -75.605083604499541, 6.203352407436154 ], [ -75.605105402262595, 6.203361129829466 ], [ -75.605115351980984, 6.203363026665778 ], [ -75.605128158155722, 6.2033654675204 ], [ -75.605151825371152, 6.20336762638731 ], [ -75.605174599231844, 6.203370644166115 ], [ -75.60518116128388, 6.203371516974499 ], [ -75.605197373093503, 6.203373670984408 ], [ -75.605205261228718, 6.203373950636281 ], [ -75.605221058276399, 6.203374509938087 ], [ -75.605237536888765, 6.203368889121367 ], [ -75.605243135750541, 6.203366978441641 ], [ -75.60526521228762, 6.203359012097692 ], [ -75.605283440986028, 6.203345261050096 ], [ -75.6052886139843, 6.203338333845175 ], [ -75.605297369330984, 6.203326609491964 ], [ -75.605309120481465, 6.203306602933679 ], [ -75.605322181533666, 6.203287056434717 ], [ -75.605331764522376, 6.2032656930674 ], [ -75.605335406083341, 6.203255538531292 ], [ -75.605339594962359, 6.20324386153789 ], [ -75.605346982756643, 6.203222027330066 ], [ -75.605354033765707, 6.203202389078357 ], [ -75.605354822228847, 6.203200194895587 ], [ -75.605355230463928, 6.203199117240139 ], [ -75.605355641408451, 6.203198031448061 ], [ -75.605363086278771, 6.203178371468892 ], [ -75.605370049459125, 6.203156086173821 ], [ -75.605373254722807, 6.203134424959526 ], [ -75.605370869406698, 6.203128467472215 ], [ -75.605370858564356, 6.203128440351635 ], [ -75.605368619619682, 6.20312284447192 ], [ -75.605364033306699, 6.203111377890465 ], [ -75.605364008911451, 6.203111317321182 ], [ -75.605365149315887, 6.203104303636343 ], [ -75.605366937688402, 6.203100717144318 ], [ -75.605367461555019, 6.203099665697358 ], [ -75.605368821072148, 6.203099212665454 ], [ -75.605374408190713, 6.203097350803779 ], [ -75.6054075061448, 6.20309566763935 ], [ -75.605420712461466, 6.203085759172847 ], [ -75.605426502445965, 6.203078805701809 ], [ -75.605428703617605, 6.203074769866452 ], [ -75.605430747627125, 6.203071021530138 ], [ -75.605434604049861, 6.203059114933566 ], [ -75.605436932308621, 6.203051336333446 ], [ -75.605437710803272, 6.203048736234172 ], [ -75.605444673978965, 6.203026452746211 ], [ -75.60545279333094, 6.203014424679484 ], [ -75.605457275278297, 6.203007787725157 ], [ -75.605460399079647, 6.203007718777368 ], [ -75.605502910976625, 6.203006966051436 ], [ -75.605515648036715, 6.203003493529938 ], [ -75.605531853718816, 6.202996541063672 ], [ -75.605546709862978, 6.202990593097232 ], [ -75.60554676677269, 6.202990570491671 ], [ -75.605555005130469, 6.20298727189293 ], [ -75.605575844851757, 6.202977995667075 ], [ -75.605592131066032, 6.202972803372438 ], [ -75.605605428146845, 6.202968564173628 ], [ -75.605627089952733, 6.202959703743966 ], [ -75.605647477821904, 6.202948193649804 ], [ -75.605666139204672, 6.202934450691978 ], [ -75.605671963446966, 6.202926652835611 ], [ -75.605680067525569, 6.202915800027788 ], [ -75.605685152022289, 6.202909350162686 ], [ -75.60569442045697, 6.202897592313468 ], [ -75.605709793593903, 6.202883509686706 ], [ -75.605711366226259, 6.202882068513955 ], [ -75.605730885896435, 6.202869663477125 ], [ -75.605738690660544, 6.202866628890835 ], [ -75.605752538696763, 6.202861246026084 ], [ -75.605775456399755, 6.202855485470536 ], [ -75.605789764423363, 6.202852435010663 ], [ -75.605798364232939, 6.202850601840439 ], [ -75.605810967392699, 6.202844562732494 ], [ -75.60582023276109, 6.202839948661431 ], [ -75.605821104448736, 6.20283928683133 ], [ -75.605838281663125, 6.202826244619056 ], [ -75.605856952070241, 6.202812501653779 ], [ -75.605871738638655, 6.202794745924507 ], [ -75.605885666947913, 6.202776085310371 ], [ -75.605888352389428, 6.202773030326561 ], [ -75.605900878126533, 6.202758780666784 ], [ -75.605909399222426, 6.20274371134738 ], [ -75.605912195630239, 6.202738765088302 ], [ -75.605916096333232, 6.202715548855632 ], [ -75.605916205146343, 6.202709172603023 ], [ -75.605916501010157, 6.202691836572957 ], [ -75.605909522545701, 6.202667945863062 ], [ -75.605909490016302, 6.202667834667799 ], [ -75.605906959046536, 6.202659166861049 ], [ -75.605891447985968, 6.202641774200686 ], [ -75.605877272923237, 6.202623521687288 ], [ -75.605867091399119, 6.202602702273643 ], [ -75.605860308484139, 6.202584267472115 ], [ -75.605859122129118, 6.202581042828262 ], [ -75.605855286803305, 6.202573519646178 ], [ -75.605855264215919, 6.202573474445576 ], [ -75.605848506091746, 6.202560214407531 ], [ -75.605842505848642, 6.202546504999167 ], [ -75.605839209825803, 6.202538970926536 ], [ -75.605837493126458, 6.202534777185315 ], [ -75.605834901813097, 6.202528434592028 ], [ -75.605834859347439, 6.202528331533955 ], [ -75.605830355268651, 6.202517301604917 ], [ -75.605819739233709, 6.202496473183609 ], [ -75.605815902105505, 6.202488990683493 ], [ -75.605814200830963, 6.202485671154542 ], [ -75.605810578858822, 6.20248022816794 ], [ -75.60580740741662, 6.202471613749172 ], [ -75.605819186928031, 6.202468439630147 ], [ -75.605831877925013, 6.202465265440123 ], [ -75.605843657681049, 6.20246526452583 ], [ -75.605860690369283, 6.202464225357298 ], [ -75.605860717469952, 6.202464225355194 ], [ -75.60588436192802, 6.202464620395131 ], [ -75.605907072791723, 6.202471163930872 ], [ -75.605914203103353, 6.202472798797654 ], [ -75.60592980975045, 6.20247637761033 ], [ -75.605943208597836, 6.202479970155057 ], [ -75.605952529613802, 6.202482469119869 ], [ -75.605958220855285, 6.202483780449201 ], [ -75.605963709741175, 6.202485040263547 ], [ -75.605975266574234, 6.202487692741887 ], [ -75.605998492012446, 6.202489843468794 ], [ -75.606011467791873, 6.202489585708184 ], [ -75.606022204156218, 6.202489371516115 ], [ -75.606045094909319, 6.202485799648968 ], [ -75.606067993724849, 6.20248135808689 ], [ -75.606079956664573, 6.202478808644269 ], [ -75.606079987378166, 6.20247880231354 ], [ -75.606090902442574, 6.202476474444018 ], [ -75.60609960337689, 6.202474075327506 ], [ -75.606113386480303, 6.202470271828627 ], [ -75.60612419772697, 6.202468825412446 ], [ -75.606136709974336, 6.202467151043188 ], [ -75.606144704716428, 6.202467738048693 ], [ -75.606153956936026, 6.202468409936147 ], [ -75.606160378023404, 6.202468875922182 ], [ -75.606166446892487, 6.202470503636212 ], [ -75.606183096985717, 6.202474967421863 ], [ -75.606198915029239, 6.202478666448298 ], [ -75.606205401240146, 6.202480182931407 ], [ -75.606213484452852, 6.202480018665806 ], [ -75.606229113382525, 6.202479701024917 ], [ -75.606252013099819, 6.202475262166922 ], [ -75.60626444301117, 6.202471915313969 ], [ -75.606268564029875, 6.202470770467144 ], [ -75.606278407681884, 6.202468035856583 ], [ -75.606284090564586, 6.202466408125959 ], [ -75.606289265772716, 6.202464925082645 ], [ -75.606299355890599, 6.202460268448235 ], [ -75.606310213799787, 6.202454834272848 ], [ -75.606320856718213, 6.202449503175493 ], [ -75.606321080741765, 6.202449392864156 ], [ -75.606330394033975, 6.202445512866606 ], [ -75.606343434214025, 6.202437065330157 ], [ -75.606343581453416, 6.202436968585548 ], [ -75.606349787263269, 6.202433867216366 ], [ -75.606353514471479, 6.202433400435145 ], [ -75.606356064624549, 6.202433151621763 ], [ -75.606356280540979, 6.202433336934447 ], [ -75.606361422784786, 6.202437744663877 ], [ -75.60636453111691, 6.202447843529605 ], [ -75.606369961436656, 6.202462597151238 ], [ -75.606373069168697, 6.202476571666852 ], [ -75.606377103463046, 6.202486956138579 ], [ -75.60637849942826, 6.202490548711951 ], [ -75.606382384828336, 6.202502969109401 ], [ -75.606382812433267, 6.202507032767453 ], [ -75.606384238082185, 6.202520552679605 ], [ -75.606390445895627, 6.202543062059887 ], [ -75.606396643772754, 6.20256557234493 ], [ -75.606399253545533, 6.202576841990661 ], [ -75.606401957298402, 6.202588507601617 ], [ -75.606405960956437, 6.202611414935866 ], [ -75.606408048475629, 6.202621222778506 ], [ -75.606410840871447, 6.202634341186117 ], [ -75.606413789496969, 6.20264680776346 ], [ -75.606416162493872, 6.202656832554901 ], [ -75.606426335944349, 6.202678085901193 ], [ -75.606432543761457, 6.202700595280981 ], [ -75.606430829205422, 6.202723847507227 ], [ -75.606428573392321, 6.202733685525311 ], [ -75.606427686599474, 6.202737553108596 ], [ -75.606427214306208, 6.202739621605533 ], [ -75.606425617719239, 6.202746602782887 ], [ -75.606419964490811, 6.202769349052798 ], [ -75.606416963662483, 6.202782431754498 ], [ -75.606414744873391, 6.202792102520898 ], [ -75.606414291488349, 6.202804921040319 ], [ -75.606413906607102, 6.20281580670166 ], [ -75.606415718874601, 6.2028290770663 ], [ -75.606417018645857, 6.202838598387978 ], [ -75.606417025875757, 6.202838637261433 ], [ -75.606425888563848, 6.2028599404335 ], [ -75.60643870788401, 6.202880362751959 ], [ -75.606442256209206, 6.20290269333975 ], [ -75.606442267054717, 6.20290276023838 ], [ -75.606440774188783, 6.202907638594072 ], [ -75.606435314768078, 6.202925111542191 ], [ -75.606429661538144, 6.20294785690816 ], [ -75.60643275350715, 6.20296812720862 ], [ -75.606433222589672, 6.202971200027752 ], [ -75.606438160276724, 6.202981984016692 ], [ -75.606442952498881, 6.202992452504605 ], [ -75.606455768671253, 6.203007237185226 ], [ -75.606458021845754, 6.203009835239046 ], [ -75.606474879704919, 6.203025501046653 ], [ -75.606483606365089, 6.203028518971963 ], [ -75.606496261829193, 6.203032894466038 ], [ -75.606506552879921, 6.203033067231391 ], [ -75.606519956901096, 6.20303329037755 ], [ -75.60654120100692, 6.203031648759356 ], [ -75.606542908337488, 6.203031480471802 ], [ -75.606546437682937, 6.203030609595792 ], [ -75.606565737476373, 6.203025287754408 ], [ -75.606578234079592, 6.203019810049797 ], [ -75.606586964719114, 6.203015982528495 ], [ -75.606605041059964, 6.203006755298926 ], [ -75.606607777216951, 6.203005360137904 ], [ -75.60662985462109, 6.202997383792265 ], [ -75.606651922157454, 6.202990294316679 ], [ -75.606674839890431, 6.202984967664667 ], [ -75.606679895821529, 6.20298300276987 ], [ -75.6066964917771, 6.202976550174958 ], [ -75.606707989423967, 6.202973081339072 ], [ -75.606718551215707, 6.202969894639832 ], [ -75.606732078393094, 6.202973938273854 ], [ -75.606740385854309, 6.202976421032284 ], [ -75.606754008700619, 6.202990809669042 ], [ -75.606761516218199, 6.202998739374354 ], [ -75.606769287729122, 6.203032259919675 ], [ -75.606768249232616, 6.203036865218003 ], [ -75.606761693159825, 6.203065954357652 ], [ -75.606749933070049, 6.203086394891612 ], [ -75.606740350141621, 6.203107758284691 ], [ -75.606735693217786, 6.20311768599522 ], [ -75.606730333600439, 6.203129111767465 ], [ -75.606725664168877, 6.203140810507152 ], [ -75.606721626962013, 6.203150926210206 ], [ -75.606714221193755, 6.203173212462261 ], [ -75.606712219894362, 6.20318005264122 ], [ -75.606707700714281, 6.203195495931896 ], [ -75.606702614759044, 6.203217705155899 ], [ -75.60670257050981, 6.203217898625485 ], [ -75.606702555159373, 6.203217982703081 ], [ -75.606700766594386, 6.203241945517087 ], [ -75.606698236554564, 6.203256744968506 ], [ -75.606696874017317, 6.203264718771842 ], [ -75.606696417155561, 6.203267724764631 ], [ -75.606689957893636, 6.203310291429782 ], [ -75.606688243347023, 6.203333542752816 ], [ -75.606688465550505, 6.203344726701803 ], [ -75.606688714961408, 6.203357264911181 ], [ -75.606691560579065, 6.203369276759448 ], [ -75.606694046540838, 6.20337976712494 ], [ -75.606702891210816, 6.203401434624761 ], [ -75.606710642041676, 6.203413235441168 ], [ -75.606715729456155, 6.203420979105266 ], [ -75.606723533405699, 6.203430497198361 ], [ -75.606723550571118, 6.203430517990083 ], [ -75.606730347180644, 6.203438805754859 ], [ -75.606747646768213, 6.203454027631597 ], [ -75.606767630027832, 6.203466673664587 ], [ -75.606772060297473, 6.20346928058472 ], [ -75.606787621348658, 6.203478433730026 ], [ -75.606808968437491, 6.20348801493349 ], [ -75.606829411370143, 6.2034989079803 ], [ -75.606835572609072, 6.203503236972007 ], [ -75.606841072152605, 6.203513452266883 ], [ -75.606841209483008, 6.203513706293197 ], [ -75.606841345909899, 6.203513958511487 ], [ -75.606839610508501, 6.203524726754408 ], [ -75.606837228621103, 6.203539516250196 ], [ -75.606833835640657, 6.203562747818118 ], [ -75.606830583508213, 6.20358502470109 ], [ -75.606827586279238, 6.20359785788784 ], [ -75.606825372899323, 6.203607336997555 ], [ -75.606825291627871, 6.203607725744265 ], [ -75.606825080314948, 6.203608646081002 ], [ -75.606820161421552, 6.203630091373065 ], [ -75.606815827105038, 6.203652864663809 ], [ -75.606814518165265, 6.203664617380039 ], [ -75.606813236304788, 6.203676099784037 ], [ -75.606813707925738, 6.203699829174665 ], [ -75.606820380140007, 6.203722878229106 ], [ -75.606820846315003, 6.203723415196029 ], [ -75.606823177190336, 6.203726104550872 ], [ -75.606834984248351, 6.203739722177693 ], [ -75.606855870705502, 6.203750180341565 ], [ -75.606876774292232, 6.203760195520172 ], [ -75.606888867338725, 6.203769037042234 ], [ -75.60688889986146, 6.203769060544868 ], [ -75.60689585431183, 6.203774143448003 ], [ -75.606916288258063, 6.203785469530722 ], [ -75.606934840200964, 6.203792884854911 ], [ -75.606938086971724, 6.203794182807778 ], [ -75.606960841995829, 6.203798530364262 ], [ -75.606964644274669, 6.203799108651179 ], [ -75.606983606886828, 6.203801990144729 ], [ -75.607006814389052, 6.203805016850325 ], [ -75.607015648363046, 6.203805495289988 ], [ -75.607030499629332, 6.203806299609899 ], [ -75.607052517364735, 6.203808759570987 ], [ -75.607052940139852, 6.203808805643603 ], [ -75.607053716131105, 6.203808892370107 ], [ -75.607076435161147, 6.203814983831324 ], [ -75.607090068025158, 6.203818643227705 ], [ -75.607099164129437, 6.203821085235286 ], [ -75.60710620587804, 6.203822018552504 ], [ -75.607123111489287, 6.203824187816529 ], [ -75.607124285861303, 6.203824273606991 ], [ -75.607128967992253, 6.203824615865998 ], [ -75.607131594068733, 6.203824807313723 ], [ -75.607145605230059, 6.203825826860869 ], [ -75.607159488051906, 6.203826058992904 ], [ -75.607169299434503, 6.203826222743293 ], [ -75.607182482212266, 6.203827185400876 ], [ -75.607189227624474, 6.203827676661714 ], [ -75.607192976581217, 6.203827948479296 ], [ -75.607211324734251, 6.203828597921658 ], [ -75.607216661787476, 6.203828786439344 ], [ -75.607240365894384, 6.203828748375177 ], [ -75.607246897271196, 6.203829995435828 ], [ -75.607253412387465, 6.20383124068961 ], [ -75.607263120922468, 6.203833095918624 ], [ -75.607285398248706, 6.203839622252971 ], [ -75.607299297765721, 6.203845287703021 ], [ -75.607306753421142, 6.203848325605922 ], [ -75.607314376553106, 6.203855805982672 ], [ -75.607314423531392, 6.203855852085293 ], [ -75.607323159687922, 6.203864425365348 ], [ -75.607337333930317, 6.203882676031886 ], [ -75.607348025021025, 6.203892083589702 ], [ -75.607354634453287, 6.203897898792699 ], [ -75.607371492367378, 6.203913565475711 ], [ -75.607377776646857, 6.20392007501277 ], [ -75.607377802846415, 6.203920102132074 ], [ -75.607387446089731, 6.203930089267664 ], [ -75.607396680077898, 6.203939647917729 ], [ -75.607403409750106, 6.203946613962379 ], [ -75.607407553701663, 6.203949710893776 ], [ -75.607413731234189, 6.203954329172491 ], [ -75.607420226767786, 6.203959183381788 ], [ -75.607422046239932, 6.203960542921938 ], [ -75.607432055081205, 6.20396724200796 ], [ -75.607441577889816, 6.203973613867946 ], [ -75.607461551247951, 6.203986250834986 ], [ -75.607479746033491, 6.204000614674798 ], [ -75.607498834172333, 6.204014120501144 ], [ -75.607517914181713, 6.204027623615315 ], [ -75.60752491029703, 6.204033964036298 ], [ -75.607535204813274, 6.204043289354085 ], [ -75.607548537625334, 6.204056367125496 ], [ -75.607551611092333, 6.204059380065934 ], [ -75.607569362368906, 6.204074178785175 ], [ -75.607576589746927, 6.204080540883896 ], [ -75.607586662905462, 6.204089409674808 ], [ -75.607594725111483, 6.204097318530295 ], [ -75.607603069187419, 6.204105499481011 ], [ -75.607618580312248, 6.204122458148463 ], [ -75.607628827960653, 6.204133067215091 ], [ -75.607634543985654, 6.204138982836184 ], [ -75.607646069994061, 6.204150922556227 ], [ -75.6076504977231, 6.204155507524233 ], [ -75.607681529915936, 6.204189415814613 ], [ -75.607692851608334, 6.204199382919448 ], [ -75.607698830459498, 6.204204646700568 ], [ -75.607713354469908, 6.204213516935984 ], [ -75.607718812831052, 6.204216849714535 ], [ -75.607731369898985, 6.204221613023179 ], [ -75.607740620573466, 6.204225119974631 ], [ -75.607763502356946, 6.204221557074137 ], [ -75.607781314500869, 6.204206928144354 ], [ -75.607802118022704, 6.204196737841899 ], [ -75.607813397045192, 6.204192888395885 ], [ -75.607824186460675, 6.204189205334139 ], [ -75.607849280498812, 6.20418480148609 ], [ -75.60787214431879, 6.204182548546586 ], [ -75.607895865534189, 6.204181633525896 ], [ -75.607900079675019, 6.204181308629452 ], [ -75.60791915396895, 6.204179832573288 ], [ -75.607923741235894, 6.204179989503326 ], [ -75.607924254344937, 6.204180007542414 ], [ -75.6079289238169, 6.204180157233322 ], [ -75.607930670880734, 6.204179770158641 ], [ -75.607934708820281, 6.204178873918533 ], [ -75.607940089834898, 6.204175279892274 ], [ -75.607940544199536, 6.204174976095373 ], [ -75.607947021174652, 6.204173683683512 ], [ -75.607946419378479, 6.204182849866109 ], [ -75.607946413962139, 6.204182896877001 ], [ -75.607946411255369, 6.204182937559339 ], [ -75.607946380579548, 6.204183410378474 ], [ -75.607945080269431, 6.204189892502253 ], [ -75.607939642772052, 6.204198772496529 ], [ -75.607939618384677, 6.204198813180638 ], [ -75.607938015845306, 6.204210175375274 ], [ -75.60793643775871, 6.204222303295797 ], [ -75.607933404358349, 6.20424552760908 ], [ -75.607926883918026, 6.204267821038306 ], [ -75.607922336278222, 6.204277322944212 ], [ -75.607919681757124, 6.204282869489643 ], [ -75.607916876400822, 6.204288733367895 ], [ -75.607907284500243, 6.20431053886193 ], [ -75.607905040448401, 6.204320337107302 ], [ -75.607902073965548, 6.20433329324806 ], [ -75.607911625080547, 6.204365520844134 ], [ -75.607920034250512, 6.204374232460174 ], [ -75.607927578833497, 6.204382045523802 ], [ -75.607946856617474, 6.204394499007655 ], [ -75.607947119509035, 6.204394673467291 ], [ -75.607966198640355, 6.204408178373419 ], [ -75.60798528770961, 6.204421683278047 ], [ -75.608005270095305, 6.20443387814474 ], [ -75.608010413135531, 6.20443656184023 ], [ -75.6080261566389, 6.204444778341314 ], [ -75.608037728923719, 6.20444794246388 ], [ -75.608048442095182, 6.204450870700182 ], [ -75.608073787126017, 6.204455702566031 ], [ -75.608093944086519, 6.204459545828027 ], [ -75.608104221918822, 6.204463447757567 ], [ -75.608104269798318, 6.204463465834587 ], [ -75.608115751845517, 6.204467825113089 ], [ -75.608122037718289, 6.204471522150648 ], [ -75.608135743234016, 6.204479584223408 ], [ -75.60814571591014, 6.204485674875166 ], [ -75.608155726529375, 6.204491787220753 ], [ -75.608173963611165, 6.204503726378858 ], [ -75.608175294330067, 6.204504597771078 ], [ -75.608178878129451, 6.204506732836267 ], [ -75.60817891065193, 6.204506751818588 ], [ -75.608195683220501, 6.204516617212074 ], [ -75.60821068323304, 6.204524446836523 ], [ -75.608216568868073, 6.204527519209279 ], [ -75.608219593434541, 6.204528993461692 ], [ -75.60823614543834, 6.204537064338528 ], [ -75.608256768960004, 6.204546089553911 ], [ -75.608258205352271, 6.204546717748567 ], [ -75.608274755680711, 6.204556380651259 ], [ -75.608288541504592, 6.204563277396744 ], [ -75.608294052333747, 6.204567416575035 ], [ -75.60829682858521, 6.20457021437238 ], [ -75.608296842138927, 6.204570255053383 ], [ -75.608296942436496, 6.20457055699686 ], [ -75.608297042734065, 6.204570858940337 ], [ -75.608298189379568, 6.204574315018036 ], [ -75.608295458513723, 6.204596259177827 ], [ -75.608295380875717, 6.204596881168611 ], [ -75.608293983588524, 6.204621522895204 ], [ -75.608294056848422, 6.204633637120232 ], [ -75.608300959078022, 6.204640543472133 ], [ -75.608307116597572, 6.204643268667422 ], [ -75.608313317479997, 6.204646012844061 ], [ -75.608335465705181, 6.204652932405192 ], [ -75.608335541589724, 6.204652961328447 ], [ -75.608336193845389, 6.204653331029997 ], [ -75.608355577256418, 6.204664741219876 ], [ -75.608364240812719, 6.204679923976977 ], [ -75.60837177591138, 6.204693126059765 ], [ -75.608371002872488, 6.204696013649893 ], [ -75.60836568913291, 6.204715862441748 ], [ -75.608359134301523, 6.204737229230881 ], [ -75.608358717061037, 6.20473859076018 ], [ -75.60835132394881, 6.204760412353972 ], [ -75.608360040178709, 6.204790002905338 ], [ -75.608373997035073, 6.204800441691011 ], [ -75.608378676724172, 6.204803940871581 ], [ -75.608396428952162, 6.204818738658878 ], [ -75.608403476516571, 6.204824306103706 ], [ -75.608414613854819, 6.204833103371323 ], [ -75.60843326030384, 6.204846598351744 ], [ -75.608439437974098, 6.204852657669507 ], [ -75.608449665731783, 6.204862689035746 ], [ -75.608468294224039, 6.204877504829217 ], [ -75.608483624977652, 6.204886516912189 ], [ -75.608484457915637, 6.204887008644985 ], [ -75.608488285635914, 6.204889264830225 ], [ -75.608510084420871, 6.20489797804234 ], [ -75.608532839468751, 6.204901881643911 ], [ -75.608540789056903, 6.204902161240836 ], [ -75.608556525628416, 6.204902719543741 ], [ -75.60858022082185, 6.204903558345804 ], [ -75.608597471567066, 6.20490584958037 ], [ -75.608598386680413, 6.204905970646867 ], [ -75.608602993865418, 6.204906585017178 ], [ -75.608625713863773, 6.204912677315661 ], [ -75.608648450954803, 6.204917900822493 ], [ -75.608672146112497, 6.204918296637354 ], [ -75.608695849364622, 6.204918258507879 ], [ -75.608719535526191, 6.204919107248955 ], [ -75.608742556161729, 6.204922980081816 ], [ -75.608742733222769, 6.204923010804699 ], [ -75.608764992619072, 6.204930422140181 ], [ -75.608776165854266, 6.204936249602477 ], [ -75.608785878293858, 6.204941314170334 ], [ -75.608805852623888, 6.204953950182367 ], [ -75.608824489223622, 6.204968332019985 ], [ -75.608831557502526, 6.204973063213809 ], [ -75.608844020945398, 6.204981403818128 ], [ -75.608863994374957, 6.204994039828034 ], [ -75.608867620662537, 6.204996466892216 ], [ -75.608883526098566, 6.20500711072067 ], [ -75.608902605275119, 6.20502060655247 ], [ -75.608920800136005, 6.205034978479019 ], [ -75.608923873579059, 6.205037540291971 ], [ -75.608929445888478, 6.205042183916776 ], [ -75.608936090561301, 6.205047731499088 ], [ -75.608938542450005, 6.205049777152952 ], [ -75.608950382643627, 6.205058907943956 ], [ -75.608957179959248, 6.205064149041289 ], [ -75.608962892259015, 6.205068419282599 ], [ -75.608975816529409, 6.205078078850019 ], [ -75.608994896614973, 6.205091583718877 ], [ -75.609015232259054, 6.205103731507346 ], [ -75.609015271105193, 6.205103751393135 ], [ -75.609017073381509, 6.205104629976169 ], [ -75.609036226281404, 6.205113810780192 ], [ -75.609040156028385, 6.205115382589248 ], [ -75.609058024181223, 6.205122523969747 ], [ -75.609069068027424, 6.205125760437702 ], [ -75.609080292550047, 6.205129048420979 ], [ -75.609086971175913, 6.205130067626653 ], [ -75.60909606541712, 6.205131452768915 ], [ -75.609103066545742, 6.205132509917343 ], [ -75.609126733820105, 6.205134235567403 ], [ -75.609132565939078, 6.205134551494841 ], [ -75.609132598460192, 6.205134553300207 ], [ -75.609150420028058, 6.205135516423646 ], [ -75.609153806718922, 6.205135443815745 ], [ -75.609156477950194, 6.205135390252845 ], [ -75.609174132286554, 6.205135036192899 ], [ -75.609196987108973, 6.205132792237213 ], [ -75.609209324276506, 6.205132541683974 ], [ -75.609220699367228, 6.205132311100327 ], [ -75.609221105884316, 6.205132371637322 ], [ -75.609221513304774, 6.205132432174242 ], [ -75.609243906977511, 6.205135780690599 ], [ -75.609265722876245, 6.205143625984848 ], [ -75.609278855209908, 6.205145873245221 ], [ -75.609288478842757, 6.205147519609238 ], [ -75.609318458101882, 6.205162496241778 ], [ -75.609318515919284, 6.205162524262371 ], [ -75.609321030273762, 6.205166144759239 ], [ -75.609331796914915, 6.205181643739823 ], [ -75.609343443705129, 6.205200431569359 ], [ -75.609344180043692, 6.205201624849477 ], [ -75.609344440246488, 6.205202043401357 ], [ -75.609344780858976, 6.205202588513054 ], [ -75.609356578529997, 6.205221599629218 ], [ -75.609373203460621, 6.205237052008764 ], [ -75.609373232369592, 6.205237069183222 ], [ -75.609393870600385, 6.205248582290526 ], [ -75.609414765261477, 6.205258607313868 ], [ -75.609435669859494, 6.205268622391026 ], [ -75.609456104821604, 6.205279954703645 ], [ -75.609474289805419, 6.205294754226219 ], [ -75.609476795009144, 6.205296960793462 ], [ -75.609491590436861, 6.20530998686149 ], [ -75.609509332775872, 6.205324783708138 ], [ -75.609527970273774, 6.205338721633713 ], [ -75.609531294801258, 6.20534063612416 ], [ -75.609548404373299, 6.205350482461149 ], [ -75.609581593757113, 6.205360269576684 ], [ -75.609592967267162, 6.205362665241951 ], [ -75.60969381932702, 6.205394686171404 ], [ -75.609712000133868, 6.20540269177223 ], [ -75.609715599256205, 6.205404277165048 ], [ -75.609725455500453, 6.205411148893535 ], [ -75.609743370196171, 6.205423638589484 ], [ -75.609747364987257, 6.205446547707255 ], [ -75.609746974004182, 6.20546994628739 ], [ -75.609746968611304, 6.205470269032659 ], [ -75.609740881845639, 6.205492562447441 ], [ -75.609725237968036, 6.20550943329591 ], [ -75.609717181970822, 6.20552217652426 ], [ -75.60971265314484, 6.205529569302134 ], [ -75.609717592107998, 6.205543689194063 ], [ -75.609722648536518, 6.205558142669345 ], [ -75.609744447406769, 6.205567298813535 ], [ -75.609765784734492, 6.205577331017722 ], [ -75.60977605997742, 6.205582257200277 ], [ -75.609786680318138, 6.205587346081741 ], [ -75.609807566039933, 6.205598238975503 ], [ -75.60982846166273, 6.20560869702094 ], [ -75.609842538429405, 6.205615746485004 ], [ -75.609849347349282, 6.205619154162352 ], [ -75.609870242973727, 6.205629612206135 ], [ -75.609892040909358, 6.205638335305752 ], [ -75.60991159169464, 6.205641257326035 ], [ -75.609915248546187, 6.205641804866501 ], [ -75.609921658732858, 6.205641068425063 ], [ -75.609927780750226, 6.205640365457889 ], [ -75.609938554127538, 6.205639126897621 ], [ -75.609959800310747, 6.205628936472294 ], [ -75.609978462579733, 6.205615202402334 ], [ -75.609986404431709, 6.20560935705908 ], [ -75.609997132977256, 6.205601459290552 ], [ -75.6100170772648, 6.205589505178343 ], [ -75.610037890734148, 6.205579308458554 ], [ -75.6100422356987, 6.205576946715706 ], [ -75.610058268707803, 6.205568231233356 ], [ -75.610078647584913, 6.205557164855861 ], [ -75.610088675338545, 6.205551831023054 ], [ -75.61009946910707, 6.20554608849513 ], [ -75.610117706751623, 6.205531904241179 ], [ -75.610136368109693, 6.205518169261665 ], [ -75.610167534062299, 6.205518257896649 ], [ -75.610185276427259, 6.205533055624615 ], [ -75.610192305977705, 6.205538915054311 ], [ -75.610203028730098, 6.205547852447084 ], [ -75.610214230793915, 6.205552418730758 ], [ -75.610224384019503, 6.205556557490048 ], [ -75.610246200853467, 6.205564402743681 ], [ -75.61025136827584, 6.205566724796395 ], [ -75.610258997450728, 6.205570148670779 ], [ -75.610267547185572, 6.205573983807303 ], [ -75.610277040969351, 6.205578248284842 ], [ -75.610288894422524, 6.205583573006406 ], [ -75.610310701358742, 6.205591852200829 ], [ -75.610314015956746, 6.205593802849086 ], [ -75.610330693741858, 6.205603612131958 ], [ -75.610341046818775, 6.205610162869432 ], [ -75.610350667230449, 6.205616248989634 ], [ -75.610370208009257, 6.205628875939341 ], [ -75.610392936151925, 6.205634534218428 ], [ -75.610416161745775, 6.205636683846836 ], [ -75.610426803457031, 6.205638076065004 ], [ -75.61043937747894, 6.205639719441224 ], [ -75.610470264755619, 6.205655619866065 ], [ -75.610493498480892, 6.205657768586319 ], [ -75.610514014676653, 6.205657360895381 ], [ -75.610517202631954, 6.20565729643234 ], [ -75.610540932904271, 6.205655939212929 ], [ -75.610554606988117, 6.205654882102545 ], [ -75.610564230428267, 6.205654137238745 ], [ -75.610569559283263, 6.205653309574293 ], [ -75.610573652356905, 6.205652672770731 ], [ -75.610587115867787, 6.205650574215487 ], [ -75.610594057100869, 6.205648340617893 ], [ -75.610609179847131, 6.205643475534234 ], [ -75.610619361051278, 6.205636782895261 ], [ -75.610628709403485, 6.20563063637274 ], [ -75.610646521476497, 6.20561555622673 ], [ -75.610655901209284, 6.205606670438311 ], [ -75.610664011823303, 6.205598984430331 ], [ -75.61066455198042, 6.205598374151678 ], [ -75.610678687285599, 6.205582284502974 ], [ -75.61070998582467, 6.205548553596652 ], [ -75.61072779793092, 6.205533916430973 ], [ -75.610749017070546, 6.205524611942363 ], [ -75.610771934872446, 6.205519294152862 ], [ -75.610778841830381, 6.205517697004975 ], [ -75.610785276340181, 6.205516210191839 ], [ -75.610794273513321, 6.205512747812759 ], [ -75.610804652948588, 6.205510675737659 ], [ -75.610814336735146, 6.205507900374271 ], [ -75.610821956328707, 6.205504966982182 ], [ -75.610823333907888, 6.205504437090647 ], [ -75.610829777899113, 6.205508124137666 ], [ -75.61082228124441, 6.205522434047804 ], [ -75.610809175144112, 6.205541654325865 ], [ -75.610794370615906, 6.20555961902997 ], [ -75.610786982387154, 6.205574210088816 ], [ -75.610780496485688, 6.205576859511004 ], [ -75.610760135726522, 6.20558835172022 ], [ -75.610740616148604, 6.205601615787847 ], [ -75.610704592716161, 6.205631704700568 ], [ -75.610688089764906, 6.205648529545788 ], [ -75.610643776369059, 6.205701726617654 ], [ -75.610628574293415, 6.205719012412212 ], [ -75.610599904746053, 6.205755365726553 ], [ -75.610585128188802, 6.205773095370114 ], [ -75.610568191577954, 6.205789478170113 ], [ -75.610550396695785, 6.205804965133181 ], [ -75.610531318849112, 6.205818238195302 ], [ -75.610512666522666, 6.205831953298969 ], [ -75.610493164055427, 6.205844774372885 ], [ -75.610472803280572, 6.205856275611478 ], [ -75.610449922460049, 6.205861140457193 ], [ -75.610428519992467, 6.205860774357828 ], [ -75.610427042091203, 6.205860749172074 ], [ -75.610426263392597, 6.205860735678577 ], [ -75.610403562340792, 6.205855078302636 ], [ -75.610385655210621, 6.205825825787223 ], [ -75.610382960029625, 6.205778399709065 ], [ -75.610381178373601, 6.205754678570985 ], [ -75.610372784292863, 6.205733036407266 ], [ -75.610358202443905, 6.205714360955246 ], [ -75.610340487133215, 6.205699147369097 ], [ -75.610321876703537, 6.205685226646781 ], [ -75.610303709787914, 6.205670871943027 ], [ -75.610284214140734, 6.205657819180794 ], [ -75.610262640228498, 6.205649062628369 ], [ -75.610240192999328, 6.205643023715698 ], [ -75.610216543803787, 6.205641742001149 ], [ -75.610208466841584, 6.205641600759615 ], [ -75.610206408982307, 6.205641564774495 ], [ -75.610192875711917, 6.205641328172371 ], [ -75.610169208562041, 6.205641366366 ], [ -75.610166527404004, 6.205641568198603 ], [ -75.610145504523217, 6.205643149372622 ], [ -75.610098522041298, 6.205648043391386 ], [ -75.610075668215543, 6.205651598254319 ], [ -75.610029931767826, 6.205660026984394 ], [ -75.610007086937017, 6.20566313886051 ], [ -75.609984223210702, 6.205667136703406 ], [ -75.609961333397948, 6.205672445415827 ], [ -75.609938876369839, 6.205678639152405 ], [ -75.609916834962533, 6.205685719722754 ], [ -75.609895201156874, 6.205694997091852 ], [ -75.609879990060222, 6.205712716808214 ], [ -75.609873128655025, 6.205729563406835 ], [ -75.609870958028253, 6.205741983390883 ], [ -75.609869543147582, 6.205750074733006 ], [ -75.609870673690665, 6.205765895460766 ], [ -75.609875755248027, 6.205778325675043 ], [ -75.60988876667939, 6.205803398311582 ], [ -75.609891001057065, 6.20580770500136 ], [ -75.609929962347863, 6.205852904031356 ], [ -75.609933446064232, 6.205857086759843 ], [ -75.609952547781006, 6.205880023515565 ], [ -75.609957288707122, 6.205891664525035 ], [ -75.609957579659067, 6.205892483566851 ], [ -75.609957436115792, 6.205893556683013 ], [ -75.609955778394536, 6.205903562817856 ], [ -75.609955577049092, 6.205904788722913 ], [ -75.609951421651573, 6.205916184591471 ], [ -75.609949447056167, 6.205917981101694 ], [ -75.609945210618591, 6.205921835416266 ], [ -75.609935420449872, 6.205927278615758 ], [ -75.609935135000413, 6.205927428711948 ], [ -75.609926517909798, 6.205928300044958 ], [ -75.60992617553859, 6.205928332619881 ], [ -75.609923509740611, 6.20592858688467 ], [ -75.609917636059038, 6.205928285434275 ], [ -75.60986458863897, 6.205925566969213 ], [ -75.609857694158677, 6.205925261084937 ], [ -75.609839347991795, 6.205927623115289 ], [ -75.609773013110285, 6.20593653905094 ], [ -75.609759070713849, 6.205937531976542 ], [ -75.609638217940542, 6.205946146961076 ], [ -75.609637842144394, 6.205946173210315 ], [ -75.609629770631287, 6.205946427932089 ], [ -75.609628682963503, 6.205946183931609 ], [ -75.609609725564567, 6.205941928381083 ], [ -75.60953954208739, 6.205926173168387 ], [ -75.609515332447486, 6.20592073918153 ], [ -75.609462474342905, 6.205902592192321 ], [ -75.609405588037632, 6.205883062345661 ], [ -75.609399735919027, 6.205881348766122 ], [ -75.609387896965771, 6.205887314667518 ], [ -75.609369891077748, 6.205897019323348 ], [ -75.609352956178341, 6.205934311789423 ], [ -75.609351230687835, 6.205965803511313 ], [ -75.609349297739243, 6.206001056086591 ], [ -75.609347318789133, 6.206037145813348 ], [ -75.609341937214438, 6.206055724434587 ], [ -75.609330949191161, 6.206093649231829 ], [ -75.609325343153586, 6.206107119101678 ], [ -75.609319538532475, 6.206111671467658 ], [ -75.609315935256916, 6.206114469796846 ], [ -75.609307803722302, 6.206120771689759 ], [ -75.609298138029359, 6.206124089452227 ], [ -75.609288687329425, 6.206127324024092 ], [ -75.609288075771062, 6.206127533814483 ], [ -75.609287686424878, 6.206127566392943 ], [ -75.609283571642351, 6.206127928358037 ], [ -75.609281906758653, 6.206128072241614 ], [ -75.609271214648089, 6.206129019678473 ], [ -75.6092622063573, 6.206129410984538 ], [ -75.609252249065321, 6.206124167444708 ], [ -75.609205385204163, 6.206078968124479 ], [ -75.609192029429437, 6.206073273749467 ], [ -75.609170943313799, 6.206064280251102 ], [ -75.60903965185345, 6.206014976389398 ], [ -75.608960344169788, 6.205985194668412 ], [ -75.608864926508843, 6.205951299056182 ], [ -75.608845259120187, 6.205947604046564 ], [ -75.608811682459077, 6.205941294786119 ], [ -75.608762733058327, 6.20593209746762 ], [ -75.608689927363272, 6.205929870520677 ], [ -75.608689796377064, 6.205929884996307 ], [ -75.608640443495148, 6.205935496895405 ], [ -75.608606929392948, 6.205942862233083 ], [ -75.608594147963274, 6.20594567126231 ], [ -75.608536797702641, 6.205974243898185 ], [ -75.608469378076748, 6.206007832108907 ], [ -75.608466368150189, 6.206008734596524 ], [ -75.608341218610747, 6.206046263777048 ], [ -75.608324153697197, 6.206052258110414 ], [ -75.608276855944212, 6.206068869347293 ], [ -75.608249746465646, 6.206084872305522 ], [ -75.608232820994132, 6.206094863416673 ], [ -75.608187636907289, 6.206120167788757 ], [ -75.608137974152967, 6.206147981254806 ], [ -75.608117647977707, 6.206152503156105 ], [ -75.608109974906043, 6.206153528070105 ], [ -75.608107304597581, 6.206153884483407 ], [ -75.608101309953852, 6.206154685056107 ], [ -75.608098270979497, 6.20615388431928 ], [ -75.608080159993733, 6.206149116953823 ], [ -75.608054752391425, 6.206142338679991 ], [ -75.60798022510663, 6.206120873653812 ], [ -75.607976796825298, 6.206120584638736 ], [ -75.607964795582333, 6.206119573990029 ], [ -75.607926107951798, 6.206116366876069 ], [ -75.607925932700425, 6.206116376834883 ], [ -75.607889147979833, 6.206118469087048 ], [ -75.607866967842696, 6.206119751025005 ], [ -75.607814878010331, 6.206128600462463 ], [ -75.607773810845345, 6.206135578525495 ], [ -75.607674634846092, 6.206141489101066 ], [ -75.607629469683758, 6.206144181397905 ], [ -75.607621529150052, 6.206144385451707 ], [ -75.607531940515088, 6.206127685910076 ], [ -75.607432004573553, 6.206085882703963 ], [ -75.607411757337758, 6.206072243169643 ], [ -75.607382912346296, 6.206052813001422 ], [ -75.607374977692743, 6.206047466201888 ], [ -75.607295367322934, 6.205981930096523 ], [ -75.607246284581109, 6.20594297865012 ], [ -75.607229869463708, 6.205929952649123 ], [ -75.607193731155959, 6.205893000815058 ], [ -75.607152513742136, 6.205850854730815 ], [ -75.607135101239649, 6.205836831642823 ], [ -75.607106215314744, 6.205813567399034 ], [ -75.607087635696288, 6.205799849066735 ], [ -75.607048059829481, 6.205770629812425 ], [ -75.607024910487468, 6.205750290602146 ], [ -75.606998926068798, 6.205725777631712 ], [ -75.606985386382476, 6.205713003622739 ], [ -75.606933439807648, 6.205671195586921 ], [ -75.606917430542694, 6.205661037181244 ], [ -75.606910290922102, 6.20565650756996 ], [ -75.606902915665216, 6.205653755333931 ], [ -75.606876979406209, 6.205644079574554 ], [ -75.606843926176666, 6.205642105957093 ], [ -75.606838700211156, 6.205641821597809 ], [ -75.606838248530707, 6.205641821633723 ], [ -75.60682921492139, 6.205641822351916 ], [ -75.606804147558918, 6.205641824344021 ], [ -75.606794662269152, 6.205641825097508 ], [ -75.606762593669814, 6.205650868114621 ], [ -75.60674709622127, 6.205658622452264 ], [ -75.606737752224419, 6.205663298925082 ], [ -75.606721536285804, 6.20567848368202 ], [ -75.606702749570402, 6.20569607340748 ], [ -75.606679532760495, 6.205724993905418 ], [ -75.60667536105808, 6.205725235616415 ], [ -75.606677638598157, 6.205727352714318 ], [ -75.606683114270766, 6.205732442969763 ], [ -75.606700414835643, 6.205747665752033 ], [ -75.606704525547073, 6.205752972182681 ], [ -75.606706576012641, 6.205762347892567 ], [ -75.60670655885221, 6.205762391288188 ], [ -75.606700826340372, 6.20577661601949 ], [ -75.606700813695312, 6.205776641333809 ], [ -75.606698541072376, 6.205779606788377 ], [ -75.606686443593603, 6.205795309236833 ], [ -75.606672081584975, 6.205813517882901 ], [ -75.606666565340106, 6.205820908904725 ], [ -75.60665816225719, 6.205832168572559 ], [ -75.606645178002296, 6.205852025186666 ], [ -75.606645090386635, 6.205852157184475 ], [ -75.60663203112739, 6.205871703716043 ], [ -75.606627695487049, 6.205877981762078 ], [ -75.606618537349718, 6.205891242145233 ], [ -75.606602883423307, 6.205908102053336 ], [ -75.606595758209181, 6.205914467108176 ], [ -75.606585503970564, 6.205923625915743 ], [ -75.606565107912658, 6.205935582646047 ], [ -75.606563363574722, 6.205936257202969 ], [ -75.606543454999809, 6.205943996514238 ], [ -75.606520970786178, 6.205949766109391 ], [ -75.606503539680588, 6.205951769044847 ], [ -75.606497665173919, 6.205952443927305 ], [ -75.606484487803229, 6.20595197214975 ], [ -75.606473978969817, 6.205951595990526 ], [ -75.606451259820375, 6.205945062424335 ], [ -75.606436959228873, 6.205940215146145 ], [ -75.606429443062183, 6.205937668133284 ], [ -75.606407627172629, 6.205929822721759 ], [ -75.606400954802595, 6.205928001591904 ], [ -75.606385340770345, 6.205923740238172 ], [ -75.606362576695346, 6.20592027862372 ], [ -75.606350283627549, 6.205918670386097 ], [ -75.606339369103466, 6.205917242849308 ], [ -75.606323853468439, 6.205912085575356 ], [ -75.606317100666644, 6.205909840452671 ], [ -75.606297118263285, 6.205897637385617 ], [ -75.606283837057561, 6.205886231161605 ], [ -75.606279384091053, 6.205882407391762 ], [ -75.606275827246009, 6.205878416302878 ], [ -75.606263872922582, 6.205865004797822 ], [ -75.606256946098213, 6.205855348309946 ], [ -75.606250158406894, 6.205845886181192 ], [ -75.606234638241446, 6.205828927474222 ], [ -75.606213742715312, 6.205818912269533 ], [ -75.606195084721207, 6.205819283485893 ], [ -75.606195039553228, 6.205819284393475 ], [ -75.606190030422923, 6.205819384230807 ], [ -75.606179168440335, 6.20581980727099 ], [ -75.606166308228637, 6.205820307311289 ], [ -75.606144961993678, 6.205811150983878 ], [ -75.6061338865876, 6.205808611477491 ], [ -75.606122223986347, 6.205805937313748 ], [ -75.606115493102067, 6.205806710800014 ], [ -75.606098918378407, 6.205808615114051 ], [ -75.60607727446353, 6.205816598635992 ], [ -75.606057735756508, 6.205829436725665 ], [ -75.606048217975925, 6.205841511017195 ], [ -75.606043382758969, 6.205847645353914 ], [ -75.606036538988434, 6.205860508669753 ], [ -75.606032497939168, 6.205868104788579 ], [ -75.606032088787259, 6.205869017004003 ], [ -75.606022924869251, 6.205889467263801 ], [ -75.606021197238647, 6.205895910542126 ], [ -75.606016828943112, 6.205912203619381 ], [ -75.606012494574117, 6.205934976903521 ], [ -75.606009036466006, 6.205957758255754 ], [ -75.606008119288688, 6.205965986963879 ], [ -75.606008115677625, 6.205966017701762 ], [ -75.606006445620537, 6.205981002412488 ], [ -75.606004363938439, 6.205999959538214 ], [ -75.606003845774651, 6.206004677800373 ], [ -75.606001263961588, 6.206027912011857 ], [ -75.606000141134743, 6.206040232453138 ], [ -75.605999106763235, 6.206051597309746 ], [ -75.606003553044658, 6.206074071574007 ], [ -75.606010107870262, 6.206086152748507 ], [ -75.606014619903107, 6.206094465109834 ], [ -75.606020156150421, 6.206111874817176 ], [ -75.606020188679366, 6.206111976971963 ], [ -75.606020249219256, 6.206112165913084 ], [ -75.606020250444772, 6.206127968656177 ], [ -75.606013674788514, 6.206138510357881 ], [ -75.606007180109287, 6.206144856370637 ], [ -75.605995240443065, 6.206157371120889 ], [ -75.605991092542496, 6.206161718102472 ], [ -75.60597673953383, 6.206179927632954 ], [ -75.605966026272455, 6.20618780633354 ], [ -75.605966000979734, 6.206187824416452 ], [ -75.605960947663263, 6.206177318878598 ], [ -75.605960414593881, 6.206176209654313 ], [ -75.605945101982229, 6.206144752719434 ], [ -75.605909530567956, 6.206113113838073 ], [ -75.605884123112432, 6.206096165833957 ], [ -75.605827662862453, 6.206082608607594 ], [ -75.605689337619594, 6.206073578851941 ], [ -75.605639653631243, 6.206073581787779 ], [ -75.605605670928014, 6.206073010341576 ] ] ] } },
{ "type": "Feature", "properties": { "NOMBRE": "La Loma de Los Bernal" }, "geometry": { "type": "Polygon", "coordinates": [ [ [ -75.599056700103077, 6.21880954046457 ], [ -75.599257092528887, 6.218090824476289 ], [ -75.599294350432459, 6.217989118558325 ], [ -75.599295477404993, 6.217940526857713 ], [ -75.599292088547841, 6.217922447040913 ], [ -75.599288698148712, 6.217880635083995 ], [ -75.599254234875971, 6.217488514136298 ], [ -75.599220901810043, 6.217124643680376 ], [ -75.599220335072161, 6.217091872914235 ], [ -75.5992186354692, 6.216989039476267 ], [ -75.599225406717125, 6.216925756643285 ], [ -75.599242905821654, 6.2168658632884 ], [ -75.599265487241652, 6.216818400249327 ], [ -75.599333798200661, 6.216722343502745 ], [ -75.599368236833499, 6.216680529979362 ], [ -75.59948002127453, 6.216559609076034 ], [ -75.599560754293876, 6.216473721111232 ], [ -75.599597450215484, 6.216428518151997 ], [ -75.599624549148658, 6.216391225330126 ], [ -75.599662374370084, 6.216333590740467 ], [ -75.599753267065608, 6.216197980390509 ], [ -75.599760606126367, 6.216184420103167 ], [ -75.599818188993666, 6.2160838428633 ], [ -75.599947470922942, 6.215897379096182 ], [ -75.600011830784581, 6.215822792738694 ], [ -75.600084660324086, 6.21575611531643 ], [ -75.600112324852475, 6.215734643255874 ], [ -75.600174992418772, 6.215683788227612 ], [ -75.600242742153057, 6.215643102477117 ], [ -75.600273793961563, 6.215629539689113 ], [ -75.600485513851325, 6.215531213942239 ], [ -75.600523905439331, 6.215515390526533 ], [ -75.600589397671456, 6.215489395649231 ], [ -75.600650937467236, 6.215461140913987 ], [ -75.600696667918882, 6.215429497068162 ], [ -75.60081466473693, 6.215341347167421 ], [ -75.600879026943574, 6.215304051742462 ], [ -75.600947906720336, 6.215276926530702 ], [ -75.600991380081794, 6.215265623873149 ], [ -75.60108058462454, 6.215233977017455 ], [ -75.601144948888276, 6.215227193149265 ], [ -75.601176565957019, 6.215223800799065 ], [ -75.601231895282524, 6.21520006665862 ], [ -75.601555962557342, 6.214986468535282 ], [ -75.601692025607804, 6.214896057064715 ], [ -75.601743967566492, 6.214864412694784 ], [ -75.60202851441187, 6.214689238137675 ], [ -75.602038112547874, 6.214685848189402 ], [ -75.60207706871789, 6.214671154679783 ], [ -75.602147079320417, 6.214668890526782 ], [ -75.602336223958375, 6.214723119961527 ], [ -75.602426562195291, 6.214757015307926 ], [ -75.602440112259401, 6.214761534579167 ], [ -75.602511819833879, 6.214803341648692 ], [ -75.602534971649376, 6.21485532180102 ], [ -75.602601035052587, 6.214936680417355 ], [ -75.602616280662573, 6.214952499247483 ], [ -75.602634348503287, 6.214969448838185 ], [ -75.602651288188611, 6.214988658626747 ], [ -75.602666533059519, 6.215006738477253 ], [ -75.602681778754132, 6.215023687364351 ], [ -75.602697588318335, 6.215042897232375 ], [ -75.602712834095769, 6.21506097708148 ], [ -75.602728643662232, 6.215080186948575 ], [ -75.602743889522515, 6.215099395951592 ], [ -75.602758571015713, 6.215121996075323 ], [ -75.602770428634102, 6.215145726460268 ], [ -75.602779463860642, 6.215166065967005 ], [ -75.602790756627599, 6.215186406215464 ], [ -75.602801486011543, 6.215211265835578 ], [ -75.602804157023314, 6.215220046653047 ], [ -75.602809392423467, 6.215237256621287 ], [ -75.602815604019369, 6.215262117469846 ], [ -75.60281955791389, 6.21528471745887 ], [ -75.602824640949621, 6.215306188211859 ], [ -75.602830288596593, 6.215327658020152 ], [ -75.60283650019457, 6.215352518868466 ], [ -75.602839889074872, 6.215369469507696 ], [ -75.602841018944588, 6.215378508993298 ], [ -75.602844973084132, 6.215404500062756 ], [ -75.602845539395943, 6.215428230354141 ], [ -75.602847799378992, 6.215449701309993 ], [ -75.602850058539858, 6.21547230232476 ], [ -75.602854012437462, 6.215494902313528 ], [ -75.602857401724364, 6.215517503246942 ], [ -75.602861355541606, 6.215538973176789 ], [ -75.602866437678159, 6.215560443929443 ], [ -75.602872085410723, 6.215583044700193 ], [ -75.60287210348443, 6.215583130583368 ], [ -75.602877168613574, 6.215606774666352 ], [ -75.60288094447516, 6.215628360326894 ], [ -75.602881122513452, 6.215629375558962 ], [ -75.602886769181779, 6.215649715307856 ], [ -75.602892981446359, 6.215671185978861 ], [ -75.602899193873597, 6.215694915863462 ], [ -75.602905405235845, 6.215716386534386 ], [ -75.602912746724655, 6.215737857123793 ], [ -75.602919523602637, 6.215759326849749 ], [ -75.602924041954537, 6.215779667583621 ], [ -75.60292855924105, 6.215797748199798 ], [ -75.602937029711143, 6.215815827626825 ], [ -75.602945500506735, 6.215838428193201 ], [ -75.602963570338389, 6.215882498281215 ], [ -75.602966394127193, 6.21589266860722 ], [ -75.602982205434984, 6.215935608798724 ], [ -75.602990675990512, 6.215954819187798 ], [ -75.603000840462755, 6.215975159513242 ], [ -75.603010440242755, 6.215994368916379 ], [ -75.603021733614298, 6.216010188924391 ], [ -75.603032462374856, 6.216026008972982 ], [ -75.603044884149085, 6.216042958957786 ], [ -75.603059565192694, 6.216058777815938 ], [ -75.603074810930437, 6.216075727595728 ], [ -75.60309005576579, 6.216092677375141 ], [ -75.603106430647401, 6.216108497013396 ], [ -75.603113603209138, 6.216117329937941 ], [ -75.603107473070438, 6.216119959350971 ], [ -75.603107473430754, 6.21612495149899 ], [ -75.603107473439437, 6.216125071737251 ], [ -75.603103923453773, 6.216129132069883 ], [ -75.603094584190899, 6.216139813158595 ], [ -75.603081554357146, 6.216159304453223 ], [ -75.603075534889797, 6.216168309197966 ], [ -75.603073900896021, 6.216183867966687 ], [ -75.603073786245801, 6.216184961871964 ], [ -75.603073070357866, 6.216191778438853 ], [ -75.603077569949264, 6.216214902733765 ], [ -75.603080702582119, 6.216223471065355 ], [ -75.603085565527167, 6.216236771054146 ], [ -75.603089157988151, 6.216245449646141 ], [ -75.603094439158838, 6.21625820536822 ], [ -75.603100425752743, 6.216269352739378 ], [ -75.603105498004453, 6.216278797856026 ], [ -75.603117431291267, 6.216298966282151 ], [ -75.60313011416099, 6.216316050949051 ], [ -75.603131127851029, 6.216317416890734 ], [ -75.603134530305468, 6.216321966713122 ], [ -75.603145249031215, 6.216336300506726 ], [ -75.603160246428885, 6.216354335158566 ], [ -75.603176128173089, 6.216371501860597 ], [ -75.60318335578647, 6.216379515713535 ], [ -75.603192010853732, 6.216389111545157 ], [ -75.603205738719666, 6.21640318113732 ], [ -75.603208336127764, 6.216405843367369 ], [ -75.60321148188352, 6.216408455834984 ], [ -75.603226421062089, 6.216420867316258 ], [ -75.60325444533251, 6.216440799517591 ], [ -75.603275196699869, 6.21645105984678 ], [ -75.603297744576025, 6.21645699689118 ], [ -75.603311405740612, 6.21646060394845 ], [ -75.603318572386584, 6.216462496501113 ], [ -75.603319801909393, 6.216462820060413 ], [ -75.603320266257683, 6.216462975522691 ], [ -75.60332050837458, 6.216463130097108 ], [ -75.603340593098892, 6.216474062179274 ], [ -75.603360457445248, 6.216485624397571 ], [ -75.603380315531766, 6.21649805269269 ], [ -75.603399294693546, 6.216511340800001 ], [ -75.603412460391709, 6.216521638743348 ], [ -75.603417382283155, 6.216525486912426 ], [ -75.603435919725925, 6.216539209897326 ], [ -75.603451209495674, 6.216552595909388 ], [ -75.603453563852938, 6.216554657868723 ], [ -75.603472985612044, 6.216567088000343 ], [ -75.603479929373947, 6.21657239244084 ], [ -75.60347995647686, 6.216572413231941 ], [ -75.603491514958819, 6.216581243118391 ], [ -75.603506420770472, 6.216594294659521 ], [ -75.603509158185545, 6.216596691992045 ], [ -75.603521165784869, 6.216607395030548 ], [ -75.603525075808079, 6.21661008338029 ], [ -75.603530948973699, 6.216614120424489 ], [ -75.603537680502114, 6.21662024033025 ], [ -75.603537968711748, 6.216620672443646 ], [ -75.603540127122059, 6.216623909678171 ], [ -75.603542460869491, 6.216628262493953 ], [ -75.603543099572107, 6.216628443256579 ], [ -75.603552381086359, 6.216631067025219 ], [ -75.603574911872556, 6.216637872848285 ], [ -75.603597911323035, 6.216642074980378 ], [ -75.603621381211894, 6.216643231342279 ], [ -75.603644859199449, 6.216643952855891 ], [ -75.603656716971912, 6.216644098440368 ], [ -75.603656790145749, 6.216644099339039 ], [ -75.603668347092452, 6.216644240425123 ], [ -75.603691825048188, 6.216644526185949 ], [ -75.603692543235823, 6.216644536981694 ], [ -75.603693262326715, 6.216644545969278 ], [ -75.603715312941361, 6.216644815561187 ], [ -75.603728589942605, 6.216645223213264 ], [ -75.603731966783499, 6.216645326930086 ], [ -75.603734521547025, 6.216645405394092 ], [ -75.6037387909291, 6.216645537070617 ], [ -75.603762260818371, 6.216646692522205 ], [ -75.603785738806323, 6.216647414933596 ], [ -75.603809217697659, 6.216648136439824 ], [ -75.603824562539884, 6.216648608124288 ], [ -75.603825125346702, 6.21664862525965 ], [ -75.60382568905689, 6.216648642394945 ], [ -75.603832696589066, 6.216648857945009 ], [ -75.603856174577146, 6.216649579449219 ], [ -75.603868764088034, 6.21664973401536 ], [ -75.603868833648264, 6.216649734010221 ], [ -75.603879662470518, 6.216649867009046 ], [ -75.603903140426937, 6.216650157280704 ], [ -75.603903637286038, 6.216650160860151 ], [ -75.603904135048651, 6.216650166247625 ], [ -75.603926628320224, 6.216650443030347 ], [ -75.603950106276486, 6.216650730587772 ], [ -75.603960534901191, 6.216650858190283 ], [ -75.603960562905954, 6.216650858188209 ], [ -75.603973594169972, 6.216651018143417 ], [ -75.603997081160088, 6.216651305698085 ], [ -75.604020577990525, 6.216650282382694 ], [ -75.604044100890519, 6.2166475232939 ], [ -75.604067208977838, 6.216642586385419 ], [ -75.604089909510577, 6.216635894750795 ], [ -75.604112177291739, 6.216628769204764 ], [ -75.604134878727436, 6.216622087512659 ], [ -75.604156720950584, 6.216614085070721 ], [ -75.604178139422928, 6.216605205733755 ], [ -75.604198283966298, 6.216594130560448 ], [ -75.604219276880229, 6.216584374327837 ], [ -75.604307372144547, 6.216565437911427 ], [ -75.604315746273059, 6.216562752265856 ], [ -75.604329639015774, 6.216558303315816 ], [ -75.604352331476605, 6.216552489500232 ], [ -75.604375845369091, 6.216550164339929 ], [ -75.604399342194981, 6.216549150048138 ], [ -75.604422829180137, 6.216549428543384 ], [ -75.60444631703696, 6.216549282135384 ], [ -75.604452840328477, 6.216549120725881 ], [ -75.604463760360076, 6.216548851404924 ], [ -75.604469813895108, 6.216548701783058 ], [ -75.604493085748089, 6.216547270738262 ], [ -75.604493410059845, 6.216547250824882 ], [ -75.604516797673483, 6.216547532939589 ], [ -75.604540284659308, 6.216547820470077 ], [ -75.604553667335864, 6.216547984000737 ], [ -75.604554662860906, 6.21654799477446 ], [ -75.604563763514733, 6.216548108000131 ], [ -75.604587250500799, 6.216548398240668 ], [ -75.604587725678641, 6.216548400917057 ], [ -75.604588200856739, 6.21654840720963 ], [ -75.604610729356082, 6.216548683056487 ], [ -75.604625074254542, 6.216550481030038 ], [ -75.604678004242132, 6.216575555307411 ], [ -75.604695114860831, 6.216583663319184 ], [ -75.604716768542701, 6.216591328004405 ], [ -75.604742606828196, 6.21661296894072 ], [ -75.604753222185366, 6.216633553291074 ], [ -75.604762537611904, 6.216654561737545 ], [ -75.604772720251788, 6.216675146120211 ], [ -75.604781158530159, 6.216696580438839 ], [ -75.604786968972661, 6.216719279717937 ], [ -75.604789735056286, 6.216742386952452 ], [ -75.604792058515969, 6.216765918218512 ], [ -75.604794381072551, 6.21678945038868 ], [ -75.604795394630329, 6.216812963672855 ], [ -75.604798151713766, 6.216836504850611 ], [ -75.604801342419861, 6.216860045995548 ], [ -75.604807160963432, 6.216882320371679 ], [ -75.604814723902592, 6.216904170617661 ], [ -75.604822286842975, 6.216926028999957 ], [ -75.604830726030784, 6.216947463317722 ], [ -75.604839597938437, 6.216968897602593 ], [ -75.604850214209904, 6.216989481046881 ], [ -75.604859529646703, 6.217010490395688 ], [ -75.604870596674573, 6.217030649807333 ], [ -75.604883399065514, 6.217050392321493 ], [ -75.604896209555122, 6.21706970179617 ], [ -75.604909463572653, 6.217088577294292 ], [ -75.604923160215378, 6.217107026952313 ], [ -75.604938599415831, 6.217124627577491 ], [ -75.604954482144322, 6.217141794225927 ], [ -75.604970364004004, 6.217159403857033 ], [ -75.6049858041102, 6.217176994536241 ], [ -75.605003004776847, 6.217192877336191 ], [ -75.605021091595873, 6.217207901223436 ], [ -75.605038301297725, 6.217223774981073 ], [ -75.60505637011704, 6.21723966675369 ], [ -75.605074023315737, 6.217254681631661 ], [ -75.605090781363202, 6.217270988460547 ], [ -75.60510842559674, 6.217286880263731 ], [ -75.605124741022067, 6.21730361293146 ], [ -75.605140632796505, 6.217320788614078 ], [ -75.605157833471822, 6.217336662368509 ], [ -75.605174592427872, 6.217352969194662 ], [ -75.605191359516141, 6.217369285964184 ], [ -75.605209012723009, 6.217384300837638 ], [ -75.60522621430583, 6.217400174589771 ], [ -75.605244291201103, 6.217415198470126 ], [ -75.605263272216291, 6.217428051663607 ], [ -75.605283146577662, 6.217439612904718 ], [ -75.60530434061468, 6.21744901337144 ], [ -75.605325976372654, 6.217457979860852 ], [ -75.605348507250071, 6.217465219550789 ], [ -75.605371046192161, 6.217471591353936 ], [ -75.605425122564256, 6.217483119226782 ], [ -75.605425583292501, 6.21748316981802 ], [ -75.605444165094866, 6.217485207016248 ], [ -75.605444647504399, 6.217485259413898 ], [ -75.605481498008146, 6.217482401599333 ], [ -75.605481973183771, 6.217482364496843 ], [ -75.605487174820681, 6.217481952755192 ], [ -75.605555289633884, 6.217480348250273 ], [ -75.605561754217447, 6.217480195872056 ], [ -75.60556996774379, 6.217480003580843 ], [ -75.605610781118486, 6.217473753466987 ], [ -75.605626373214719, 6.217470353046275 ], [ -75.605647791696981, 6.21746147364965 ], [ -75.605669209275206, 6.217452595156277 ], [ -75.605691061446507, 6.217444592650057 ], [ -75.605712479926652, 6.217435713250808 ], [ -75.605733897536226, 6.217427268697411 ], [ -75.605754882357857, 6.217417946346934 ], [ -75.605775451556482, 6.217407756142624 ], [ -75.605795604160221, 6.2173958130225 ], [ -75.605815748700365, 6.217384745923861 ], [ -75.605835902172146, 6.217372368859523 ], [ -75.605856045806462, 6.217361292718945 ], [ -75.605876623966864, 6.217350225584316 ], [ -75.605898042440145, 6.217341347081581 ], [ -75.605920318323371, 6.217333787516006 ], [ -75.605942983833017, 6.217329708500485 ], [ -75.605958661932917, 6.217328742662081 ], [ -75.605959581570204, 6.217328685635527 ], [ -75.605960505724397, 6.217328628608622 ], [ -75.605966488787246, 6.217328260195674 ], [ -75.605989976711228, 6.21732853952514 ], [ -75.606013454698683, 6.217328826990757 ], [ -75.606036924691338, 6.217330859266842 ], [ -75.606059924157051, 6.21733461830855 ], [ -75.606081569826557, 6.217343150823603 ], [ -75.606101877758576, 6.217353853155287 ], [ -75.606122629250734, 6.217364546411051 ], [ -75.606143370841068, 6.217375682649853 ], [ -75.606163228123108, 6.217388111744359 ], [ -75.606181314947833, 6.217402700745188 ], [ -75.60619719682164, 6.217419867356297 ], [ -75.60621307960055, 6.217437043007325 ], [ -75.606228961476432, 6.217454209617475 ], [ -75.606245286880181, 6.217470950386202 ], [ -75.606262487593511, 6.217486824104625 ], [ -75.606280574492303, 6.217502281891302 ], [ -75.606298660420151, 6.217516862751754 ], [ -75.606314985828135, 6.217533604422375 ], [ -75.606329107155304, 6.21755249699364 ], [ -75.606342802955581, 6.217570938478461 ], [ -75.606358423605286, 6.217586098120695 ], [ -75.606364196480186, 6.21758952400541 ], [ -75.606366571785514, 6.21759355586872 ], [ -75.606368514407379, 6.217598048830055 ], [ -75.606370447995459, 6.217602541792092 ], [ -75.606372381583554, 6.217607034754121 ], [ -75.606373872516272, 6.217611545831889 ], [ -75.606376248724388, 6.217615567750566 ], [ -75.606377730623336, 6.217620078829036 ], [ -75.606380106831594, 6.217624101651744 ], [ -75.606382049453686, 6.217628594613028 ], [ -75.606384425662725, 6.217632626476187 ], [ -75.606386368284873, 6.217637119437454 ], [ -75.606388744493984, 6.217641151300593 ], [ -75.606390678082391, 6.217645644262555 ], [ -75.606393063324688, 6.217649667084494 ], [ -75.606395438630514, 6.217653698947674 ], [ -75.606397814839056, 6.217657721770302 ], [ -75.606399296738317, 6.21766223284871 ], [ -75.606401239360707, 6.217666725809922 ], [ -75.606403172949314, 6.217671218771839 ], [ -75.606404654848575, 6.217675728946185 ], [ -75.606406136747225, 6.217680230984104 ], [ -75.606408079369743, 6.217684723945292 ], [ -75.606409561269174, 6.21768923502367 ], [ -75.606411494857937, 6.217693727985556 ], [ -75.606413437480541, 6.217698220946726 ], [ -75.606414919379333, 6.217702722984618 ], [ -75.606416852968906, 6.217707224986957 ], [ -75.606418795591608, 6.217711717948105 ], [ -75.606420729180542, 6.217716210909958 ], [ -75.60642311351998, 6.217720233731831 ], [ -75.606425047108985, 6.217724726693666 ], [ -75.606427423318792, 6.217728758556632 ], [ -75.606429365941665, 6.217733251517743 ], [ -75.606432193840817, 6.217737264360135 ], [ -75.606434579084549, 6.217741296222358 ], [ -75.606436955293788, 6.217745319044807 ], [ -75.606439331503779, 6.217749350907718 ], [ -75.606441716747611, 6.217753382769908 ], [ -75.606444092956963, 6.217757405592328 ], [ -75.606446469167054, 6.217761437455207 ], [ -75.606449306100387, 6.217765451200843 ], [ -75.606452133999937, 6.217769464947176 ], [ -75.60645541265076, 6.217773017593965 ], [ -75.606458683170473, 6.217776561200904 ], [ -75.606461962724765, 6.217780113847579 ], [ -75.606465233244563, 6.217783657454476 ], [ -75.606468512798941, 6.217787210101114 ], [ -75.606471783319549, 6.217790762748443 ], [ -75.606475071943336, 6.21779476741787 ], [ -75.606477908877068, 6.217798781163351 ], [ -75.606481179397022, 6.217802323866102 ], [ -75.606483555607596, 6.217806355728814 ], [ -75.606486835162244, 6.217809908375338 ], [ -75.60648966215895, 6.21781392212154 ], [ -75.606492950783007, 6.217817926790855 ], [ -75.606495787716995, 6.21782194053624 ], [ -75.606499058237276, 6.217825484142927 ], [ -75.606502337792151, 6.217829036789355 ], [ -75.606506050933334, 6.217832119297072 ], [ -75.606509330488279, 6.217835671943455 ], [ -75.606513043629533, 6.217838754451122 ], [ -75.606516323183868, 6.21784229805699 ], [ -75.606520036325207, 6.21784538056461 ], [ -75.606523749466618, 6.217848463072201 ], [ -75.606527470738484, 6.217851545579126 ], [ -75.606531183879952, 6.217854628086667 ], [ -75.606534906055998, 6.217857719633939 ], [ -75.606538619197579, 6.217860802141426 ], [ -75.606542332339188, 6.217863884648889 ], [ -75.606546054514652, 6.217866967155611 ], [ -75.606549767656347, 6.21787004966302 ], [ -75.606553480798084, 6.217873132170403 ], [ -75.606557645593753, 6.217875744537602 ], [ -75.60656135873559, 6.21787882704493 ], [ -75.606565505428108, 6.217880987389951 ], [ -75.606569217666561, 6.217884068993246 ], [ -75.606573364359875, 6.217886238378676 ], [ -75.60657708653568, 6.21788932088518 ], [ -75.606581242297779, 6.217891933252906 ], [ -75.606584964473669, 6.217895015759353 ], [ -75.606589120235853, 6.21789762812702 ], [ -75.606593285068229, 6.217900701557952 ], [ -75.606597007244261, 6.217903784064315 ], [ -75.606601163007269, 6.217906405472357 ], [ -75.606604876149575, 6.217909487979378 ], [ -75.6066090400424, 6.217912100346242 ], [ -75.606613186735387, 6.217914260690889 ], [ -75.606616899877807, 6.217917343197827 ], [ -75.606621055641028, 6.21791996460571 ], [ -75.606625202334129, 6.217922124950261 ], [ -75.606628924510503, 6.217925207456398 ], [ -75.606632637653078, 6.217928289963225 ], [ -75.60663679341576, 6.217930902330514 ], [ -75.606640515592247, 6.21793398483657 ], [ -75.60664378611493, 6.217937537482833 ], [ -75.606647507388132, 6.21794061998891 ], [ -75.606650777910886, 6.217944172635129 ], [ -75.606654500087544, 6.217947255141086 ], [ -75.606658213230446, 6.217950337647732 ], [ -75.606662387096733, 6.217953402036935 ], [ -75.606666100239707, 6.217956484543525 ], [ -75.60670678114748, 6.217988420400562 ], [ -75.606802025173963, 6.218017098257378 ], [ -75.606889518965801, 6.218055522341677 ], [ -75.606894099211303, 6.218056760521566 ], [ -75.606898688527224, 6.218058459764714 ], [ -75.606902835222542, 6.218060620107083 ], [ -75.606907423634425, 6.218062310309755 ], [ -75.606911570329814, 6.218064470652056 ], [ -75.606916150612037, 6.218066169895771 ], [ -75.606920739928128, 6.218067869138726 ], [ -75.606925320173787, 6.218069107318343 ], [ -75.606929909489921, 6.218070806561216 ], [ -75.606934480701824, 6.218072044741477 ], [ -75.606939042844019, 6.218072830898874 ], [ -75.606943623089776, 6.218074069078334 ], [ -75.606948185231985, 6.21807485523565 ], [ -75.606952746471563, 6.218075650433471 ], [ -75.606957326717392, 6.218076888612811 ], [ -75.606961888859658, 6.218077674770013 ], [ -75.606966469105515, 6.218078912949275 ], [ -75.606971031247809, 6.218079699106394 ], [ -75.606975602460594, 6.218080946326767 ], [ -75.606980191776273, 6.218082636528734 ], [ -75.606984781092706, 6.218084335771129 ], [ -75.606989370409167, 6.218086035013488 ], [ -75.606993959724932, 6.218087725215334 ], [ -75.60699853003446, 6.218088972435584 ], [ -75.607003110280488, 6.218090210614527 ], [ -75.607007699596338, 6.218091900816256 ], [ -75.607012270809321, 6.21809314803631 ], [ -75.607016860125228, 6.218094838237957 ], [ -75.607021449441874, 6.218096537480036 ], [ -75.607025596138001, 6.218098697821441 ], [ -75.607030185454718, 6.218100397063444 ], [ -75.607034332150889, 6.218102557404781 ], [ -75.607038478847116, 6.218104717746083 ], [ -75.607043058226708, 6.218106416988766 ], [ -75.607047647542842, 6.218108107190147 ], [ -75.607051794239155, 6.218110267531347 ], [ -75.60705594093622, 6.218112436912984 ], [ -75.607060530252426, 6.218114127114251 ], [ -75.607065119569398, 6.21811582635595 ], [ -75.607069690781998, 6.218117064535038 ], [ -75.607074271029163, 6.218118311753834 ], [ -75.607078860345482, 6.218120001954942 ], [ -75.607083422488301, 6.218120788111092 ], [ -75.607088001832153, 6.218122035329841 ], [ -75.607092573044866, 6.218123273508732 ], [ -75.60709715329142, 6.21812451168686 ], [ -75.607101724504886, 6.21812575890614 ], [ -75.607106304751483, 6.218126997084189 ], [ -75.607110875964295, 6.218128235262922 ], [ -75.607115456211645, 6.21812948248136 ], [ -75.607120018354607, 6.218130268637192 ], [ -75.607124589567462, 6.218131506815804 ], [ -75.607129169814172, 6.218132744993655 ], [ -75.607133731054503, 6.21813354018991 ], [ -75.607138311301256, 6.218134778367682 ], [ -75.607142873444289, 6.218135564523315 ], [ -75.607147444657244, 6.218136802701729 ], [ -75.607152033974671, 6.218138501942673 ], [ -75.607156614221495, 6.218139740120283 ], [ -75.607161203538979, 6.218141439361146 ], [ -75.607165792855781, 6.218143129561498 ], [ -75.60717037313951, 6.218144828803005 ], [ -75.607174519836619, 6.218146989143239 ], [ -75.607178665630386, 6.218149149483515 ], [ -75.607183264017962, 6.218151300747004 ], [ -75.60718741071517, 6.218153461087138 ], [ -75.607191557413145, 6.218155630467711 ], [ -75.607196146730161, 6.218157320667798 ], [ -75.607200745117879, 6.218159471931136 ], [ -75.607204891815215, 6.218161632271133 ], [ -75.607209038512607, 6.218163792611096 ], [ -75.607213627830475, 6.218165491851504 ], [ -75.607217774527911, 6.218167652191397 ], [ -75.607221920322019, 6.218169812531332 ], [ -75.60722606702025, 6.218171981911632 ], [ -75.607230213717813, 6.218174142251431 ], [ -75.60723436041539, 6.218176302591194 ], [ -75.60723850711301, 6.218178462930925 ], [ -75.607242653810644, 6.218180623270626 ], [ -75.60724680050906, 6.218182792650762 ], [ -75.607250947206779, 6.218184952990397 ], [ -75.607255093904527, 6.218187113329999 ], [ -75.607259240602318, 6.218189273669567 ], [ -75.607263386396752, 6.218191434009175 ], [ -75.607267533095325, 6.21819360338915 ], [ -75.607271679793229, 6.218195763728621 ], [ -75.607275826491133, 6.218197924068059 ], [ -75.607279973189094, 6.218200084407465 ], [ -75.607284571577537, 6.218202235670073 ], [ -75.607288718275555, 6.218204396009412 ], [ -75.60729330759402, 6.218206095249124 ], [ -75.607297896911803, 6.218207785448328 ], [ -75.607302486230353, 6.218209484687961 ], [ -75.607306632025114, 6.218211645027229 ], [ -75.607311230413771, 6.218213796289605 ], [ -75.607315377111988, 6.218215956628733 ], [ -75.607319966430651, 6.218217655868214 ], [ -75.607324564818668, 6.218219798090005 ], [ -75.607329163207467, 6.218221949352223 ], [ -75.607333761596294, 6.218224100614401 ], [ -75.607337908294681, 6.218226260953353 ], [ -75.607342054993836, 6.218228430332744 ], [ -75.607346644311974, 6.218230120531522 ], [ -75.607350790107091, 6.218232280870444 ], [ -75.607355388496089, 6.218234432132435 ], [ -75.607359535194661, 6.218236592471215 ], [ -75.607364124513651, 6.218238291710314 ], [ -75.607368722902763, 6.218240442972188 ], [ -75.607373312221085, 6.218242133170734 ], [ -75.607377910610268, 6.218244284432528 ], [ -75.607382057308996, 6.218246444771132 ], [ -75.607386646628143, 6.218248144010034 ], [ -75.607390793326942, 6.218250304348571 ], [ -75.607394939122401, 6.218252464687146 ], [ -75.607399085821982, 6.218254634066085 ], [ -75.607403675140532, 6.218256324264369 ], [ -75.60740827352997, 6.2182584755259 ], [ -75.607412420228925, 6.218260635864263 ], [ -75.607416566927938, 6.218262796202596 ], [ -75.607421156247327, 6.218264495441197 ], [ -75.607425302946396, 6.218266655779462 ], [ -75.607429449645508, 6.218268816117693 ], [ -75.607433596345373, 6.218270985496362 ], [ -75.607437751211322, 6.218273597857418 ], [ -75.607441897910533, 6.218275758195552 ], [ -75.607446053680675, 6.218278379596937 ], [ -75.607450209450121, 6.218280991957822 ], [ -75.607454356149447, 6.218283152295857 ], [ -75.607458520953529, 6.218285773696416 ], [ -75.607462676723102, 6.218288386057202 ], [ -75.607466389873096, 6.218291468558161 ], [ -75.607470554677306, 6.218294089958627 ], [ -75.607474710447008, 6.218296702319316 ], [ -75.60747842269376, 6.218299784820264 ], [ -75.607482587497358, 6.218302397180161 ], [ -75.607486300647523, 6.218305478776935 ], [ -75.607490022832323, 6.21830857031747 ], [ -75.607494178602238, 6.218311182678009 ], [ -75.607497891752573, 6.218314265178746 ], [ -75.607501613936805, 6.218317347678728 ], [ -75.607505778777778, 6.218320421102458 ], [ -75.607509952651895, 6.218323485484956 ], [ -75.607513665802443, 6.218326567985583 ], [ -75.607517387083448, 6.218329650485527 ], [ -75.607521100234067, 6.2183327329861 ], [ -75.607524813384728, 6.218335815486649 ], [ -75.607528544640203, 6.218339359049725 ], [ -75.607532275895025, 6.218342893572305 ], [ -75.607535989045815, 6.218345976072776 ], [ -75.607539711230473, 6.21834905857249 ], [ -75.607543424381376, 6.218352141072907 ], [ -75.607547137532279, 6.218355223573298 ], [ -75.60755085971708, 6.218358306072933 ], [ -75.607554590068801, 6.218361840595427 ], [ -75.607558303219847, 6.21836492309574 ], [ -75.607561573751369, 6.218368475736315 ], [ -75.607565305006617, 6.218372010258659 ], [ -75.60756902719163, 6.218375092758166 ], [ -75.60757274034286, 6.218378175258378 ], [ -75.607576471598975, 6.218381718821115 ], [ -75.607580193820581, 6.218385253344088 ], [ -75.60758436769639, 6.218388326766468 ], [ -75.607587647261241, 6.21839186946163 ], [ -75.607591360412698, 6.218394951961711 ], [ -75.60759509076567, 6.218398495524391 ], [ -75.607598803917227, 6.218401578024419 ], [ -75.607602535172958, 6.218405112546502 ], [ -75.607606248324601, 6.218408195046477 ], [ -75.607609979580431, 6.218411729568507 ], [ -75.607614153456609, 6.21841480299065 ], [ -75.607617866608379, 6.218417885490545 ], [ -75.607621579760206, 6.218420967990412 ], [ -75.607625744565468, 6.218423580349183 ], [ -75.607629900337685, 6.21842620174912 ], [ -75.607634055205835, 6.21842881410863 ], [ -75.607638644527356, 6.218430513345341 ], [ -75.607643233848194, 6.21843220354154 ], [ -75.607647823169785, 6.218433902778171 ], [ -75.607652412491404, 6.21843560201476 ], [ -75.607657001812328, 6.218437292210842 ], [ -75.607661573029105, 6.218438530384802 ], [ -75.607666153280462, 6.218439777598461 ], [ -75.607670724497268, 6.218441015772344 ], [ -75.607675304748653, 6.218442262985922 ], [ -75.607679893166335, 6.218443953181876 ], [ -75.607684455312835, 6.218444739332828 ], [ -75.607689026530466, 6.218445986547023 ], [ -75.607693588676995, 6.218446772697894 ], [ -75.607698159857392, 6.218447558847996 ], [ -75.607702722003935, 6.218448344998788 ], [ -75.607707284150521, 6.218449131149542 ], [ -75.607711846297121, 6.218449917300258 ], [ -75.607716851063969, 6.218450242350985 ], [ -75.607719747349563, 6.218450742053924 ], [ -75.607720581183429, 6.218450884825674 ], [ -75.607726426107178, 6.218451344511124 ], [ -75.607731412769084, 6.218451208499169 ], [ -75.607736408465541, 6.218451081526902 ], [ -75.607741386057015, 6.218450493492042 ], [ -75.607745902887416, 6.218449462511485 ], [ -75.607750419717775, 6.218448431530889 ], [ -75.607754909372773, 6.218446488368945 ], [ -75.60775939902841, 6.218444553343385 ], [ -75.607763888684005, 6.218442618317787 ], [ -75.607767917577746, 6.218440231306051 ], [ -75.607772407233256, 6.218438296280381 ], [ -75.607776436127665, 6.218435918309051 ], [ -75.607780455084082, 6.218433531298028 ], [ -75.607784465874118, 6.218430701304561 ], [ -75.607788485697228, 6.21842786226986 ], [ -75.607792496487178, 6.218425032276331 ], [ -75.607796507276348, 6.218422193242302 ], [ -75.607800508995027, 6.218418902185435 ], [ -75.607804059023834, 6.218415630150264 ], [ -75.607808051708574, 6.218412339094073 ], [ -75.607811601736472, 6.218409057114332 ], [ -75.607815603455677, 6.21840577509782 ], [ -75.607819153483504, 6.218402493118031 ], [ -75.6078231642731, 6.21839966312427 ], [ -75.607826705266987, 6.218396381145165 ], [ -75.607830255295411, 6.21839310820577 ], [ -75.60783380532304, 6.218389826225882 ], [ -75.607837798007424, 6.218386535169465 ], [ -75.607841348035706, 6.218383262229998 ], [ -75.607844898063277, 6.218379981154082 ], [ -75.607848899782056, 6.218376699137316 ], [ -75.607852439872261, 6.21837341715811 ], [ -75.607856441590215, 6.218370126100819 ], [ -75.607859521823357, 6.21836641021641 ], [ -75.60786307185063, 6.218363128236326 ], [ -75.607866152083673, 6.218359412351878 ], [ -75.607869693077774, 6.218356139412955 ], [ -75.607872773309992, 6.218352414487998 ], [ -75.607875853542922, 6.218348698603497 ], [ -75.607878933775055, 6.218344973678503 ], [ -75.607882014007956, 6.218341258698011 ], [ -75.607885564035655, 6.218337985758242 ], [ -75.607888644267661, 6.218334260833195 ], [ -75.607892194295275, 6.218330987893384 ], [ -75.607895274527195, 6.218327262968296 ], [ -75.607898806450351, 6.218323538006372 ], [ -75.607901886682185, 6.218319813081245 ], [ -75.607905418604503, 6.218316079078802 ], [ -75.607908498836991, 6.218312363194109 ], [ -75.607911579069423, 6.218308647309397 ], [ -75.607914659301144, 6.218304923288243 ], [ -75.607917739533491, 6.218301207403494 ], [ -75.607921289559982, 6.218297925423015 ], [ -75.607924369792244, 6.218294209538231 ], [ -75.607927910785548, 6.218290936598914 ], [ -75.607931460811898, 6.218287654618369 ], [ -75.607935009935559, 6.218284381678345 ], [ -75.607938550927997, 6.218281099698487 ], [ -75.607942100954943, 6.218277826758342 ], [ -75.607945650981137, 6.2182745447777 ], [ -75.607949643663943, 6.218271253720437 ], [ -75.607953193690832, 6.218267981684265 ], [ -75.60795720447797, 6.218265142649012 ], [ -75.607960754504703, 6.21826186970874 ], [ -75.607964765291754, 6.218259030673434 ], [ -75.607968315318388, 6.218255757733108 ], [ -75.607972317034736, 6.218252466674938 ], [ -75.607975858027473, 6.218249193735303 ], [ -75.607979877848166, 6.218246354699142 ], [ -75.60798387053056, 6.218243063641619 ], [ -75.60798787224671, 6.218239772583331 ], [ -75.607991422273088, 6.218236499642852 ], [ -75.60799543305977, 6.21823366060731 ], [ -75.607998983086134, 6.218230388570828 ], [ -75.608002524077818, 6.218227106590542 ], [ -75.608006524891096, 6.218223824572656 ], [ -75.608010074916507, 6.218220542591582 ], [ -75.608013615908803, 6.218217269651691 ], [ -75.608017617624569, 6.218213978593175 ], [ -75.608021619340306, 6.21821068753463 ], [ -75.608025621055972, 6.218207396476055 ], [ -75.60802962277161, 6.21820410541745 ], [ -75.608033172797491, 6.218200832476688 ], [ -75.608036713789573, 6.218197560440692 ], [ -75.60804026381463, 6.218194278459415 ], [ -75.608043795735142, 6.218190544456045 ], [ -75.608047327656351, 6.218186819493125 ], [ -75.608050877681265, 6.218183537511776 ], [ -75.608054427706875, 6.218180264570873 ], [ -75.608057968697878, 6.218176982590215 ], [ -75.608061518723417, 6.218173709649266 ], [ -75.608065068748147, 6.21817042766782 ], [ -75.60806860973976, 6.218167154727563 ], [ -75.608072611454816, 6.21816386366863 ], [ -75.608076143374987, 6.218160130569092 ], [ -75.608079683426197, 6.218156405605289 ], [ -75.608083215346184, 6.218152671601658 ], [ -75.608086756336832, 6.218149389620809 ], [ -75.608090306361987, 6.218146116679662 ], [ -75.608093856386361, 6.218142834698025 ], [ -75.60809739737762, 6.218139561757571 ], [ -75.608100947401908, 6.218136279775886 ], [ -75.608104497426893, 6.218133006834647 ], [ -75.608108038418024, 6.218129733894124 ], [ -75.608111588442185, 6.218126451912368 ], [ -75.608115129433287, 6.218123179875843 ], [ -75.60811820966245, 6.218119454949453 ], [ -75.608121759687222, 6.218116182008098 ], [ -75.608124839916272, 6.218112457081669 ], [ -75.608128371836386, 6.218108732118206 ], [ -75.608131912789545, 6.218104998113507 ], [ -75.608132398767125, 6.218104483670882 ], [ -75.608135444708822, 6.218101264109529 ], [ -75.608138994733352, 6.218097991168055 ], [ -75.608142074962203, 6.218094266241526 ], [ -75.608145615952836, 6.218090993300751 ], [ -75.608149147871984, 6.218087260200724 ], [ -75.608152228101432, 6.218083544314608 ], [ -75.608155778125024, 6.218080262332554 ], [ -75.608158857450988, 6.218076546446471 ], [ -75.608162389369895, 6.218072812442309 ], [ -75.608166689088733, 6.218068163479487 ], [ -75.608167446951526, 6.218067248521664 ], [ -75.608169010551777, 6.218065362551168 ], [ -75.608172551542054, 6.21806208961021 ], [ -75.60817563177045, 6.218058364683484 ], [ -75.608179181794455, 6.218055091741745 ], [ -75.608182713713063, 6.218051357737446 ], [ -75.608186263737053, 6.218048085699705 ], [ -75.608189343965279, 6.2180443607729 ], [ -75.608192884955287, 6.218041087831807 ], [ -75.608195974217239, 6.218037362904222 ], [ -75.608199515207161, 6.218034089963085 ], [ -75.608202595435202, 6.218030365036204 ], [ -75.608206145458851, 6.218027092094278 ], [ -75.608209686447907, 6.218023810112602 ], [ -75.608213236471471, 6.218020537170632 ], [ -75.608216786494992, 6.218017264228638 ], [ -75.608220797278818, 6.218014425191383 ], [ -75.608224338267775, 6.218011144113655 ], [ -75.608227888291168, 6.218007871171586 ], [ -75.608231899074866, 6.218005032134246 ], [ -75.608235908955876, 6.218002202137423 ], [ -75.608239910668658, 6.21799891107722 ], [ -75.60824393048604, 6.217996072039046 ], [ -75.608247471475394, 6.21799279909759 ], [ -75.608251482258879, 6.2179899600601 ], [ -75.608281173098774, 6.217949384889585 ], [ -75.608308415887265, 6.217910247353739 ], [ -75.608311026319683, 6.21790608852228 ], [ -75.60831364578587, 6.217901929690065 ], [ -75.608316256218203, 6.217897770858579 ], [ -75.608318414960394, 6.217893622008777 ], [ -75.6083214951868, 6.217889897081202 ], [ -75.608324575413903, 6.217886181194078 ], [ -75.608327654736811, 6.217882456266541 ], [ -75.608330734963829, 6.217878740379382 ], [ -75.608334284985688, 6.217875467436595 ], [ -75.608337835006751, 6.217872185453317 ], [ -75.6083418276841, 6.217868894393084 ], [ -75.608345377705817, 6.217865621450225 ], [ -75.608348927726738, 6.217862339466869 ], [ -75.608352468714557, 6.217859066524707 ], [ -75.608356488530347, 6.217856228389723 ], [ -75.608360198539032, 6.217854033961764 ], [ -75.608360508383896, 6.217853850414676 ], [ -75.608363447959164, 6.217853497594104 ], [ -75.608367672130626, 6.21785299097965 ], [ -75.608374592112042, 6.217853930618335 ], [ -75.608379172359264, 6.217855168785336 ], [ -75.608383734501729, 6.217855954930239 ], [ -75.608388322917307, 6.217857654160505 ], [ -75.608392912235558, 6.217859344350182 ], [ -75.608397058936148, 6.217861513721282 ], [ -75.608400772088586, 6.217864596215665 ], [ -75.608404927859482, 6.217867208569029 ], [ -75.608409092664246, 6.217869820921615 ], [ -75.608413248435966, 6.217872442315384 ], [ -75.608417422312542, 6.217875515731175 ], [ -75.608421135465193, 6.217878598225415 ], [ -75.608424415032545, 6.217882141819422 ], [ -75.608428127281897, 6.217885224313689 ], [ -75.60843139781619, 6.217888776044828 ], [ -75.608434234765241, 6.217892789779789 ], [ -75.608437071714363, 6.217896803514741 ], [ -75.608440342248855, 6.217900356149868 ], [ -75.608443630888232, 6.217904360807028 ], [ -75.608446458803641, 6.217908374542672 ], [ -75.608449295752919, 6.217912388277554 ], [ -75.608452584392438, 6.217916392934658 ], [ -75.608455854927158, 6.21791994556969 ], [ -75.608458691876578, 6.217923959304525 ], [ -75.608461979612855, 6.217927963961643 ], [ -75.608464807528549, 6.217931977697189 ], [ -75.608467192787899, 6.217936000509754 ], [ -75.608470020704416, 6.217940023285742 ], [ -75.60847285765405, 6.2179440370205 ], [ -75.6084756855699, 6.217948050755988 ], [ -75.608478974209845, 6.217952055412927 ], [ -75.608481811159535, 6.217956068243589 ], [ -75.608484639075527, 6.21796008197903 ], [ -75.608487476026113, 6.217964104754177 ], [ -75.608490312976016, 6.217968118488843 ], [ -75.608493140892136, 6.217972132224237 ], [ -75.608495976938741, 6.217976145958943 ], [ -75.608498353165459, 6.217980177812583 ], [ -75.608501632733962, 6.217983721406113 ], [ -75.608504460650991, 6.217987744181919 ], [ -75.60850729760115, 6.21799175791649 ], [ -75.608510568135955, 6.21799530151071 ], [ -75.608513847705382, 6.217998854144636 ], [ -75.608516675621843, 6.218002867879906 ], [ -75.608519955191355, 6.21800642051379 ], [ -75.608522783107901, 6.218010434249027 ], [ -75.608526062677498, 6.218013986882878 ], [ -75.608528890594144, 6.21801800061808 ], [ -75.608532169260442, 6.218021553251964 ], [ -75.608535439795531, 6.218025095941986 ], [ -75.608538719365313, 6.218028648575754 ], [ -75.60854154728213, 6.218032662310889 ], [ -75.608544835923084, 6.218036666967418 ], [ -75.608548115492255, 6.218040210560658 ], [ -75.608551828646839, 6.21804329305398 ], [ -75.608555541801451, 6.218046375547275 ], [ -75.608559263990671, 6.218049467080268 ], [ -75.60856299525031, 6.218053001595559 ], [ -75.608566717476194, 6.218056536111573 ], [ -75.608570438761419, 6.218059618604089 ], [ -75.608574151916258, 6.218062701097254 ], [ -75.60857786507114, 6.218065783590392 ], [ -75.608581587259891, 6.218068866082754 ], [ -75.608585300414859, 6.21807194857584 ], [ -75.608589456189051, 6.218074569968222 ], [ -75.608593620996359, 6.218077182319353 ], [ -75.608597776769884, 6.218079794671199 ], [ -75.608601498959601, 6.218082886203893 ], [ -75.60861761523077, 6.218093019236353 ], [ -75.608638023781339, 6.218106903707867 ], [ -75.608642170484885, 6.218109073077041 ], [ -75.608646317187706, 6.218111233405708 ], [ -75.6086504629872, 6.218113393734419 ], [ -75.608654618761207, 6.218116005181767 ], [ -75.608658783569908, 6.218118626572855 ], [ -75.60866294841604, 6.218121699987453 ], [ -75.608667113224087, 6.218124312338003 ], [ -75.60867126899835, 6.218126924689268 ], [ -75.608675415702194, 6.218129094058178 ], [ -75.608679580547744, 6.218132158432173 ], [ -75.60868330273756, 6.21813524092382 ], [ -75.608687458512733, 6.218137862315431 ], [ -75.608691613383812, 6.218140474666612 ], [ -75.608695778192896, 6.218143096057404 ], [ -75.608699933967458, 6.218145708408448 ], [ -75.608704089742048, 6.218148320759456 ], [ -75.608708263622503, 6.218151394172943 ], [ -75.608712419397932, 6.218154015564356 ], [ -75.608716593277705, 6.218157079937312 ], [ -75.608720749053234, 6.21815970132866 ], [ -75.608724471243477, 6.218162783820016 ], [ -75.608728627018309, 6.218165396170829 ], [ -75.608732781890581, 6.218168017562157 ], [ -75.60873692859424, 6.218170177890115 ], [ -75.608741093403026, 6.218172790240079 ], [ -75.608744806559656, 6.218175872732044 ], [ -75.608748962335468, 6.218178494123169 ], [ -75.608753109039284, 6.218180654450999 ], [ -75.608757255743129, 6.218182814778795 ], [ -75.608761411519055, 6.21818543616982 ], [ -75.60876513370971, 6.21818851866089 ], [ -75.608768846866596, 6.218191601152685 ], [ -75.608772568153952, 6.218194683643777 ], [ -75.608776281310924, 6.218197766135519 ], [ -75.608780437086324, 6.218200378485927 ], [ -75.608784610967618, 6.218203451898812 ], [ -75.608788324124717, 6.218206534390468 ], [ -75.608791603696574, 6.218210077982197 ], [ -75.608795316853758, 6.218213160473804 ], [ -75.608799048116808, 6.218216703123852 ], [ -75.608802770307918, 6.218219785614655 ], [ -75.608806040846119, 6.218223329207046 ], [ -75.608809771206012, 6.218226872761138 ], [ -75.608813484363438, 6.218229955252617 ], [ -75.608817206554704, 6.218233037743318 ], [ -75.60882047709309, 6.218236581335622 ], [ -75.60882419928447, 6.218239663826271 ], [ -75.608827469823694, 6.218243216458999 ], [ -75.608831182981334, 6.218246298950354 ], [ -75.608834905172827, 6.218249381440931 ], [ -75.608838175712194, 6.218252934073595 ], [ -75.608841455284661, 6.218256477665013 ], [ -75.608844725824113, 6.218260030297633 ], [ -75.608848456183765, 6.218263564810981 ], [ -75.608852187446857, 6.218267099324226 ], [ -75.608855457986451, 6.218270651956782 ], [ -75.608858728526073, 6.218274204589315 ], [ -75.608862459789307, 6.21827773910249 ], [ -75.608866191052599, 6.218281273615636 ], [ -75.608869461592363, 6.218284826248104 ], [ -75.608872741165257, 6.218288369839328 ], [ -75.608876011705107, 6.218291922471757 ], [ -75.608879291278754, 6.218295474199361 ], [ -75.60888256181795, 6.218299017791277 ], [ -75.608885840488384, 6.218302570422966 ], [ -75.608889129133644, 6.218306575077349 ], [ -75.608892417778947, 6.218310579731711 ], [ -75.608895245699969, 6.21831459346495 ], [ -75.608898534345371, 6.218318598119274 ], [ -75.608902265609188, 6.218322132632168 ], [ -75.60890553614945, 6.218325685264411 ], [ -75.608909258341939, 6.218328767754463 ], [ -75.608912528881547, 6.218332311346193 ], [ -75.608916260146302, 6.218335854899458 ], [ -75.608919539719835, 6.21833939849039 ], [ -75.608922818428368, 6.218343403145394 ], [ -75.608926098002712, 6.218346955776754 ], [ -75.608929368542547, 6.21835049936838 ], [ -75.608932648117005, 6.218354051999702 ], [ -75.608935476038553, 6.218358065732728 ], [ -75.608938750193246, 6.218361623788746 ], [ -75.608939031171118, 6.218361934757488 ], [ -75.608939307632525, 6.21836225115089 ], [ -75.608983973324086, 6.2184134065409 ], [ -75.608991634538953, 6.218419761351638 ], [ -75.608995789414507, 6.218422382740895 ], [ -75.608999963298075, 6.218425447111605 ], [ -75.609011111811782, 6.218434694581198 ], [ -75.609015276624774, 6.218437315969472 ], [ -75.609019441474729, 6.218440380340784 ], [ -75.609023163669477, 6.218443471870506 ], [ -75.609027328519446, 6.218446535337708 ], [ -75.609031050713497, 6.218449617826902 ], [ -75.609034772041923, 6.218453152339687 ], [ -75.609045920557591, 6.218462408849017 ], [ -75.609050085370228, 6.218465021196543 ], [ -75.609061233885654, 6.218474268665077 ], [ -75.609076149013518, 6.218488415753189 ], [ -75.609079862174326, 6.218491498242796 ], [ -75.609083141750673, 6.218495050873183 ], [ -75.609086854911581, 6.218498133362741 ], [ -75.609090134488, 6.218501685993084 ], [ -75.609093865754389, 6.218505220504621 ], [ -75.609097578915424, 6.218508302994103 ], [ -75.60910175280101, 6.218511376404479 ], [ -75.609105465962131, 6.218514458893905 ], [ -75.609109620838254, 6.218517071241794 ], [ -75.609113794723967, 6.218520144652079 ], [ -75.60911795050356, 6.218522756999826 ], [ -75.609132821216591, 6.218535086051356 ], [ -75.609136091759723, 6.218538638682169 ], [ -75.609143527116629, 6.218544803659754 ], [ -75.609147258383686, 6.218548338170915 ], [ -75.609150970641949, 6.218551420660095 ], [ -75.609153644796521, 6.21855310738763 ], [ -75.609155126422721, 6.218554042048021 ], [ -75.609158848618279, 6.218557124536313 ], [ -75.609163004398383, 6.21855973688371 ], [ -75.6091667175602, 6.218562819372703 ], [ -75.6091750381552, 6.21856805310705 ], [ -75.60917918486382, 6.218570213431528 ], [ -75.609183783263191, 6.218572364677587 ], [ -75.609196258735565, 6.218580210758867 ], [ -75.609200432622288, 6.218583284168465 ], [ -75.60920458840279, 6.218585896515533 ], [ -75.609210456283392, 6.218590768836481 ], [ -75.609212023761913, 6.218592070532623 ], [ -75.609216188576397, 6.218594682878839 ], [ -75.609224481994417, 6.218599003527122 ], [ -75.609238240040881, 6.218604092155998 ], [ -75.609246533459981, 6.218608421844408 ], [ -75.609250689240923, 6.21861103419111 ], [ -75.60925986789681, 6.218614423595898 ], [ -75.609264466296906, 6.218616574841253 ], [ -75.609269046552811, 6.218617813000528 ], [ -75.609278215271715, 6.218621202405833 ], [ -75.609291947007407, 6.218624934964883 ], [ -75.609295703390316, 6.218626318744843 ], [ -75.609296536335208, 6.218626625146705 ], [ -75.609301107557457, 6.218627863306461 ], [ -75.609328642624689, 6.218638040558265 ], [ -75.609333222881702, 6.218639287757454 ], [ -75.609342347183002, 6.218640860030727 ], [ -75.609347351951897, 6.218641176025521 ], [ -75.60935236579337, 6.218641953083521 ], [ -75.609366060375947, 6.218644311492191 ], [ -75.609388943591966, 6.218650520366224 ], [ -75.609393948360989, 6.218650836360577 ], [ -75.609398519584417, 6.218652083559959 ], [ -75.609416776318369, 6.218655228103406 ], [ -75.609439650501628, 6.218661436976004 ], [ -75.609448829159604, 6.218664826377506 ], [ -75.609457131615201, 6.218669156061839 ], [ -75.609461701934805, 6.218670394220283 ], [ -75.609470835270869, 6.218671966490572 ], [ -75.609475840040901, 6.218672291524616 ], [ -75.609484964343196, 6.218673863795424 ], [ -75.609494115823992, 6.218676349151341 ], [ -75.609507882908133, 6.218681428731954 ], [ -75.609517034389171, 6.218683914087475 ], [ -75.609522039159359, 6.218684239121083 ], [ -75.609535725613341, 6.218686597526036 ], [ -75.609540730382804, 6.218686913518994 ], [ -75.609549863719366, 6.218688485787914 ], [ -75.609554867586226, 6.218688810821286 ], [ -75.609563991889047, 6.218690383090727 ], [ -75.609568572147055, 6.218691630287875 ], [ -75.609573576916574, 6.218691946280521 ], [ -75.609576373831572, 6.218692427900742 ], [ -75.609577260966688, 6.218692579705515 ], [ -75.609585812379038, 6.218692427101247 ], [ -75.609585862968416, 6.218692426192914 ], [ -75.609597467811483, 6.218692220895045 ], [ -75.60960310762006, 6.218692071249349 ], [ -75.60960864448559, 6.218692426070593 ], [ -75.60961312619375, 6.218692712273645 ], [ -75.609618140035337, 6.218693480288648 ], [ -75.609642699355305, 6.218692825484045 ], [ -75.609643431094085, 6.218692806436987 ], [ -75.609648096154331, 6.218692682186808 ], [ -75.609652985290637, 6.218692995476371 ], [ -75.60965378207888, 6.218693046035407 ], [ -75.609658113824707, 6.218693323210328 ], [ -75.609663100450163, 6.218692735156572 ], [ -75.609668096147672, 6.218692599125544 ], [ -75.60967486879629, 6.218692420453427 ], [ -75.609674904028239, 6.218692420450435 ], [ -75.609678078512374, 6.218692368650283 ], [ -75.609678737079477, 6.218692377634848 ], [ -75.609679246590346, 6.21869241013729 ], [ -75.609679395649337, 6.218692419165109 ], [ -75.609683083279208, 6.218692652096196 ], [ -75.609688078977484, 6.218692525105452 ], [ -75.609698043194456, 6.218691348998094 ], [ -75.60972300271159, 6.218690677882917 ], [ -75.609728016515874, 6.218691003817849 ], [ -75.609742994574461, 6.218690595723549 ], [ -75.609747240432952, 6.218690094520494 ], [ -75.609747726448262, 6.218690037524206 ], [ -75.609747982104253, 6.218690020325574 ], [ -75.60975297690139, 6.218689920455705 ], [ -75.609753720386365, 6.218689927624862 ], [ -75.609754260612405, 6.218689961932715 ], [ -75.609754465681476, 6.218689974571936 ], [ -75.609757980764243, 6.218690196668609 ], [ -75.6097971992493, 6.218689147349502 ], [ -75.609807268335359, 6.218688877990385 ], [ -75.609812905433628, 6.218688727438633 ], [ -75.609824768726313, 6.218689490348196 ], [ -75.609825180671251, 6.218689516530479 ], [ -75.609827928777932, 6.21868969348965 ], [ -75.609832924475356, 6.218689557457064 ], [ -75.609837432269885, 6.218688526459371 ], [ -75.609842427967308, 6.218688390426696 ], [ -75.609844476835974, 6.218688338721441 ], [ -75.609845150758346, 6.218688321487124 ], [ -75.609846287211937, 6.218688292460785 ], [ -75.609847420057193, 6.21868832490995 ], [ -75.60985920565281, 6.218689015501596 ], [ -75.609862437071925, 6.2186892213489 ], [ -75.609872428467554, 6.218688958323496 ], [ -75.609875090712492, 6.218688660665019 ], [ -75.609877857748941, 6.218688352149028 ], [ -75.609903074729672, 6.218687678291239 ], [ -75.609908725378588, 6.218687526833257 ], [ -75.609913730149032, 6.218687851863148 ], [ -75.609918725846427, 6.218687715829748 ], [ -75.609923748723006, 6.218688492881546 ], [ -75.609926747095841, 6.218689010644598 ], [ -75.609927528533674, 6.218689144376864 ], [ -75.609938302269782, 6.218689006945976 ], [ -75.60995324407736, 6.218687242778164 ], [ -75.609957553205462, 6.218687129404215 ], [ -75.609958282234061, 6.21868711035695 ], [ -75.609963225535694, 6.21868697975189 ], [ -75.60997093233955, 6.218687472703158 ], [ -75.609971213293264, 6.218687490760092 ], [ -75.609972088676329, 6.218687546736216 ], [ -75.609993217866176, 6.218687085674456 ], [ -75.609998222635895, 6.218687401663075 ], [ -75.610018195489786, 6.218686876511834 ], [ -75.610022712317758, 6.218685845511784 ], [ -75.61002722007332, 6.218684362488929 ], [ -75.610031709721881, 6.218682418403563 ], [ -75.610040716199052, 6.218679452358429 ], [ -75.610058774476556, 6.218675328358007 ], [ -75.610063760198017, 6.218674740300539 ], [ -75.610066373611915, 6.218673878519894 ], [ -75.610067315814064, 6.218673568351062 ], [ -75.610068270667767, 6.21867330699969 ], [ -75.610072775747284, 6.218672226277628 ], [ -75.610077274468765, 6.218670743255118 ], [ -75.610087211505771, 6.218668663095643 ], [ -75.610096245161188, 6.218666601998374 ], [ -75.610106209376767, 6.218665425883305 ], [ -75.610110735238209, 6.218664394881731 ], [ -75.610114754186611, 6.218662016893397 ], [ -75.610123733483434, 6.21865813776161 ], [ -75.610128241238485, 6.21865665473789 ], [ -75.610132758065987, 6.2186556237369 ], [ -75.610146263262479, 6.21865116562647 ], [ -75.610164321538974, 6.218647050662906 ], [ -75.610169308163492, 6.218646463508413 ], [ -75.61017382408744, 6.218645432507149 ], [ -75.61018283056319, 6.218642466459587 ], [ -75.610187320210827, 6.218640522372898 ], [ -75.610200834441088, 6.218636073300766 ], [ -75.610205324089378, 6.218634138254395 ], [ -75.610221421559757, 6.218624608215189 ], [ -75.610225911207877, 6.218622673168644 ], [ -75.610229939189267, 6.218620295178656 ], [ -75.61023442883662, 6.218618351995612 ], [ -75.610238927557191, 6.218616868971722 ], [ -75.610252405534098, 6.218611054790273 ], [ -75.61025688610863, 6.218608658680226 ], [ -75.61026137575648, 6.218606723633377 ], [ -75.61026587447688, 6.218605240609258 ], [ -75.610274853771642, 6.218601361474899 ], [ -75.610292874850074, 6.218595420335005 ], [ -75.610297364497683, 6.21859348528785 ], [ -75.610306370971941, 6.218590520142226 ], [ -75.610310860618682, 6.218588576054487 ], [ -75.610319867092699, 6.218585610004588 ], [ -75.610324383919206, 6.218584579001956 ], [ -75.610329361509059, 6.218583990942681 ], [ -75.610338395162017, 6.218581928937221 ], [ -75.610348358472081, 6.218580752817657 ], [ -75.610352875298489, 6.218579721814784 ], [ -75.610357852888271, 6.218579133755239 ], [ -75.610362821405374, 6.218578093672883 ], [ -75.610371855058091, 6.218576031666846 ], [ -75.610376841681656, 6.218575443606344 ], [ -75.61038134040146, 6.218573960581241 ], [ -75.610385839082454, 6.218572026436601 ], [ -75.610399379624013, 6.218568933427757 ], [ -75.610403878343703, 6.218567450402461 ], [ -75.610426462475289, 6.218562304425796 ], [ -75.610430961155188, 6.218560360336255 ], [ -75.610434981004744, 6.218557982345402 ], [ -75.610439470651514, 6.218556047297039 ], [ -75.610453021129544, 6.218552954285959 ], [ -75.610457518945566, 6.218551471260285 ], [ -75.610466552597543, 6.218549410156673 ], [ -75.61047152111415, 6.218548370073296 ], [ -75.610494096209663, 6.218543215054045 ], [ -75.610498622070082, 6.218542193089612 ], [ -75.610503117172399, 6.218540671189757 ], [ -75.610503547170197, 6.218540526505048 ], [ -75.610507914863916, 6.218538638477093 ], [ -75.610511082909838, 6.218537269475869 ], [ -75.610516597857185, 6.218534886834878 ], [ -75.610521105649056, 6.218533855831346 ], [ -75.610526092272053, 6.218533267769433 ], [ -75.610531060788375, 6.218532227685492 ], [ -75.610536038377518, 6.218531639624268 ], [ -75.610540555203144, 6.218530608619786 ], [ -75.610545062956035, 6.21852912649655 ], [ -75.610549579781619, 6.218528095491992 ], [ -75.610554069427721, 6.218526160442656 ], [ -75.610555689160336, 6.218525778794591 ], [ -75.610557318830089, 6.218525396241616 ], [ -75.610562058349316, 6.218529713560287 ], [ -75.610638093453062, 6.218593287700969 ], [ -75.610643646950493, 6.218597938541702 ], [ -75.610684447597535, 6.218632222796076 ], [ -75.610684711866611, 6.218637784470865 ], [ -75.610684940834517, 6.218642546067038 ], [ -75.610685221385438, 6.218648350025033 ], [ -75.61068858023674, 6.218670073081115 ], [ -75.610690006868893, 6.218672270695761 ], [ -75.610693792549597, 6.218678109607307 ], [ -75.610697109060908, 6.218680325138804 ], [ -75.610701652437726, 6.218683362342565 ], [ -75.610705095108031, 6.218681941785643 ], [ -75.610714759155215, 6.218677945962261 ], [ -75.61072042297117, 6.218673367375819 ], [ -75.610720527756413, 6.218673284194387 ], [ -75.610729799431638, 6.21866578522232 ], [ -75.610730242967705, 6.218665495888714 ], [ -75.610733177891149, 6.218663551932458 ], [ -75.610746069333899, 6.218655033784501 ], [ -75.610746628495946, 6.218654663076594 ], [ -75.610746881428327, 6.218654491285662 ], [ -75.610749880488811, 6.218652512065903 ], [ -75.610753150613618, 6.218651103276278 ], [ -75.610754370135211, 6.218650577014857 ], [ -75.610754744136528, 6.218650585118768 ], [ -75.610763919815369, 6.218650775979037 ], [ -75.610764795237088, 6.218651277649056 ], [ -75.61077873513085, 6.21865926278885 ], [ -75.610785139532155, 6.218662933567036 ], [ -75.610786861542366, 6.218664801178539 ], [ -75.610787229253873, 6.21866519983132 ], [ -75.610787596965451, 6.218665599388148 ], [ -75.610791680642095, 6.218670037000072 ], [ -75.610795828261487, 6.218672197311771 ], [ -75.610799630666307, 6.218672948244054 ], [ -75.6108072011464, 6.218674438358915 ], [ -75.610807584187356, 6.218674513361488 ], [ -75.610807775707798, 6.218674550410752 ], [ -75.610809242826818, 6.218674835961947 ], [ -75.610814093174156, 6.218675794733751 ], [ -75.610819959325482, 6.218681377617972 ], [ -75.610821140144793, 6.218682501245715 ], [ -75.610829330255129, 6.218693353618027 ], [ -75.610832328922669, 6.218697256128229 ], [ -75.610833034507166, 6.218697742444124 ], [ -75.610838438868583, 6.218701464839429 ], [ -75.610844865880594, 6.218705425814043 ], [ -75.610847178555787, 6.218705589245126 ], [ -75.610851522951506, 6.21870588720223 ], [ -75.610854421925396, 6.218706084935998 ], [ -75.610858422176008, 6.218706888285355 ], [ -75.610863383643036, 6.218707883208908 ], [ -75.610874243401838, 6.218710061016022 ], [ -75.610881587131985, 6.218711533972686 ], [ -75.610886393214813, 6.218712501788154 ], [ -75.610888439441908, 6.218713239312191 ], [ -75.610894668464269, 6.218715483518024 ], [ -75.610897577450245, 6.218716541903516 ], [ -75.610904589730396, 6.218719067199578 ], [ -75.610905608778594, 6.218719434153822 ], [ -75.610907452641683, 6.218720100275716 ], [ -75.610912961645695, 6.218722090506899 ], [ -75.610915698982566, 6.218723075679446 ], [ -75.610916869804186, 6.218723500479444 ], [ -75.610918039722506, 6.218723926183563 ], [ -75.610923685183693, 6.218726447982422 ], [ -75.610936686277498, 6.218732258966691 ], [ -75.610942604571548, 6.218734906404079 ], [ -75.610945438595095, 6.218736173630731 ], [ -75.610948900494563, 6.218737722865245 ], [ -75.610954201754041, 6.218740095526054 ], [ -75.610958122590134, 6.21874184993913 ], [ -75.610962339742954, 6.218743684786494 ], [ -75.610968069988004, 6.218744660656943 ], [ -75.610970914784431, 6.218745148593919 ], [ -75.610985938271938, 6.218747716583407 ], [ -75.610988476816587, 6.218748148496124 ], [ -75.610995233320111, 6.218749296045558 ], [ -75.611005857264956, 6.218751103211261 ], [ -75.61100940761483, 6.218751717652953 ], [ -75.611011305650592, 6.218752032999475 ], [ -75.611012064504038, 6.218752164924015 ], [ -75.611021097520293, 6.218753160394193 ], [ -75.611021913283281, 6.218753250727575 ], [ -75.611022190624553, 6.218753280536879 ], [ -75.611023514996816, 6.218753422356474 ], [ -75.611037548273174, 6.218754802513192 ], [ -75.611048628268051, 6.218754788887298 ], [ -75.611054342012153, 6.218753009222709 ], [ -75.611055976188126, 6.218752500101205 ], [ -75.611061319582177, 6.218751146275129 ], [ -75.611074025386998, 6.218747924947331 ], [ -75.611086948959667, 6.218745306599572 ], [ -75.611092101766687, 6.218744261973976 ], [ -75.611097580703188, 6.218743310436621 ], [ -75.61111063891029, 6.218741041942715 ], [ -75.611116505406173, 6.218740182584012 ], [ -75.611129645850852, 6.218738255812233 ], [ -75.611146361910997, 6.218736610789352 ], [ -75.611149597795844, 6.218736221765395 ], [ -75.611166755487446, 6.218733171813962 ], [ -75.611171590353166, 6.218732697669195 ], [ -75.611185788705413, 6.218731298766721 ], [ -75.611202633149603, 6.218730842552721 ], [ -75.61120374250163, 6.218730812621788 ], [ -75.611204849143405, 6.218730781787044 ], [ -75.611206667669066, 6.218730955204448 ], [ -75.611223523134356, 6.218732561120237 ], [ -75.611232070172278, 6.218734033966346 ], [ -75.611241779881922, 6.218735705600536 ], [ -75.611245876749578, 6.218735986399248 ], [ -75.611251169703905, 6.218736349361109 ], [ -75.611260894683085, 6.218737015693239 ], [ -75.611279974132671, 6.218736959773198 ], [ -75.611296442770396, 6.21873651353376 ], [ -75.611299034570848, 6.218736443694164 ], [ -75.611317716732415, 6.218738675046851 ], [ -75.611335965310545, 6.218741366597018 ], [ -75.611355062004819, 6.218742224664355 ], [ -75.611364177239579, 6.218743335839447 ], [ -75.611399218770885, 6.218745583828929 ], [ -75.611418298220684, 6.218745526999839 ], [ -75.611437386744143, 6.218745923096849 ], [ -75.611445665473994, 6.218747349856768 ], [ -75.611455643493429, 6.218749067569751 ], [ -75.611456799889325, 6.218749809690351 ], [ -75.611467946459115, 6.218756932597542 ], [ -75.61147135421254, 6.21875911014614 ], [ -75.611485311668289, 6.218771459101044 ], [ -75.611500155262448, 6.21878288494521 ], [ -75.611504407709688, 6.218785404148776 ], [ -75.611516308599761, 6.218792456472626 ], [ -75.611534186171511, 6.218798340239015 ], [ -75.611545987950294, 6.218798096006858 ], [ -75.611567078299771, 6.218797658390733 ], [ -75.61160142503725, 6.218798813435314 ], [ -75.61161965460721, 6.218801044817382 ], [ -75.611628701206385, 6.218802382005758 ], [ -75.611632320207335, 6.218802915976987 ], [ -75.611637902286617, 6.218803747205752 ], [ -75.611647288623587, 6.218805826586372 ], [ -75.61165617809003, 6.218807795717122 ], [ -75.611657111313022, 6.218808112050885 ], [ -75.611673594939859, 6.21881369669652 ], [ -75.611682441135002, 6.21881669373221 ], [ -75.611691021727367, 6.21881959857851 ], [ -75.611705644429023, 6.218825679710066 ], [ -75.611708475736734, 6.21882685652815 ], [ -75.611715565766701, 6.218829986614041 ], [ -75.611725937917029, 6.218834566500035 ], [ -75.611743410035928, 6.218842286414977 ], [ -75.61175858747076, 6.218848983151875 ], [ -75.611760881251797, 6.218850004521327 ], [ -75.611778326189324, 6.218856811349963 ], [ -75.611792912578693, 6.218860872841118 ], [ -75.611796177487136, 6.218861782022245 ], [ -75.611799469481241, 6.218862512199618 ], [ -75.611814452391101, 6.218865838664638 ], [ -75.611832682868467, 6.218868079079735 ], [ -75.611851736043661, 6.218867110957838 ], [ -75.611860728203808, 6.218865769455539 ], [ -75.611870289487953, 6.218864342921982 ], [ -75.611888356832267, 6.218860679922157 ], [ -75.61189917460581, 6.218857937887629 ], [ -75.611924454319222, 6.218851528652874 ], [ -75.611951068886185, 6.218851381632073 ], [ -75.611973119352925, 6.218859063161037 ], [ -75.611982956441537, 6.218860704032622 ], [ -75.611991323703421, 6.218862099134429 ], [ -75.612009174177373, 6.218867938588838 ], [ -75.612026732890328, 6.218874131551125 ], [ -75.61202748994414, 6.218874338510272 ], [ -75.612039233316281, 6.218877594742652 ], [ -75.612044857920935, 6.218879154625268 ], [ -75.612058968881698, 6.218880393716534 ], [ -75.612063475897187, 6.21888078838216 ], [ -75.612104466788011, 6.218879265916457 ], [ -75.612119078064367, 6.218878723084516 ], [ -75.612133604572762, 6.218879861787357 ], [ -75.612147480362481, 6.218877835479207 ], [ -75.612152659352446, 6.218876629920524 ], [ -75.61215857277783, 6.218875252527047 ], [ -75.612160561080799, 6.218874758739198 ], [ -75.612167125804035, 6.218872915703016 ], [ -75.612167844882592, 6.218872751102011 ], [ -75.612171775423874, 6.218871852126977 ], [ -75.612177020359027, 6.218870627577157 ], [ -75.61217744674714, 6.218870528093763 ], [ -75.612184472135098, 6.218868005172663 ], [ -75.612190046013581, 6.218868031794408 ], [ -75.612193074245255, 6.218869041343527 ], [ -75.612193433802616, 6.218869161549551 ], [ -75.612194301282656, 6.218871756086938 ], [ -75.612194301512048, 6.218874322676622 ], [ -75.612194301536533, 6.218874596602889 ], [ -75.612191859829849, 6.218876150878757 ], [ -75.612191792983182, 6.218876192470916 ], [ -75.612177022002143, 6.218889018607062 ], [ -75.612174341871139, 6.218891345864487 ], [ -75.612157793314083, 6.218907348076841 ], [ -75.612139898640336, 6.218922519589949 ], [ -75.612121985859091, 6.218937256257418 ], [ -75.612104552849431, 6.218952843589665 ], [ -75.612085736606829, 6.218966731436531 ], [ -75.612066576738911, 6.218976821411603 ], [ -75.612044545705515, 6.218994678311188 ], [ -75.612026704319504, 6.219009785628352 ], [ -75.612016090360939, 6.219018772804621 ], [ -75.612003156008328, 6.219032244261473 ], [ -75.611961775339125, 6.219069810207704 ], [ -75.611947549018709, 6.219081861520469 ], [ -75.611903575376118, 6.219116570904576 ], [ -75.611897581830632, 6.219121150437143 ], [ -75.611892914362613, 6.219124716414716 ], [ -75.611888463691997, 6.219128116932316 ], [ -75.611873050084782, 6.219137497793714 ], [ -75.611872537893774, 6.21913780973557 ], [ -75.611864617370458, 6.219141720444503 ], [ -75.611857194193888, 6.21914092463987 ], [ -75.611846148413164, 6.219139739513246 ], [ -75.609896589392051, 6.21942127780361 ], [ -75.609577591621715, 6.219463114384623 ], [ -75.609275531686919, 6.219519640113406 ], [ -75.608928303601672, 6.219568258125166 ], [ -75.608679315086945, 6.219607829101223 ], [ -75.60851276042699, 6.219658693739237 ], [ -75.608491871114779, 6.219665474915114 ], [ -75.60818304009149, 6.219777371654362 ], [ -75.608008581723581, 6.219840666525184 ], [ -75.607410115535842, 6.220057679165335 ], [ -75.607306797516245, 6.220118708852381 ], [ -75.607295504471594, 6.220109669289225 ], [ -75.607252027500422, 6.220079161192413 ], [ -75.607150398163313, 6.22006447857726 ], [ -75.606949396611967, 6.220040762498592 ], [ -75.606931893338697, 6.220038503775882 ], [ -75.606607806825835, 6.219996715514741 ], [ -75.606572801188676, 6.219992198046006 ], [ -75.606217660773709, 6.219949282842875 ], [ -75.606108690669245, 6.219935729756864 ], [ -75.605509734029326, 6.221212715607233 ], [ -75.604535187879208, 6.22070991715693 ], [ -75.604254009672687, 6.220648914127406 ], [ -75.60397678451443, 6.220596951126138 ], [ -75.603907901285751, 6.220584525577222 ], [ -75.60386837803469, 6.220570967792211 ], [ -75.603801753017777, 6.220542721238481 ], [ -75.603774086395902, 6.220537072983888 ], [ -75.603635193126848, 6.220532562062429 ], [ -75.603042354493411, 6.220502090059543 ], [ -75.602926610665406, 6.220512268042312 ], [ -75.602439922501958, 6.220542810877901 ], [ -75.602142377035548, 6.22057108163407 ], [ -75.601980899270288, 6.220568831084967 ], [ -75.601793447214106, 6.220525901992824 ], [ -75.601600350435561, 6.220503313382402 ], [ -75.6015512293189, 6.220497666503617 ], [ -75.601472748853169, 6.220502191282526 ], [ -75.601394270770783, 6.220528187168029 ], [ -75.601264977741792, 6.220562096959747 ], [ -75.601117619418375, 6.220618607329739 ], [ -75.601050432729352, 6.220644602388658 ], [ -75.601018251668165, 6.220675116182631 ], [ -75.600937519788133, 6.220783604643559 ], [ -75.600872593765018, 6.220842370328402 ], [ -75.60054965454313, 6.221095519111474 ], [ -75.600235744060782, 6.221289904935156 ], [ -75.599885135916551, 6.221497852809762 ], [ -75.599827548299515, 6.22153514766481 ], [ -75.599596632080932, 6.221682066037577 ], [ -75.59957969460217, 6.221684327269212 ], [ -75.599554851572321, 6.221686589019778 ], [ -75.599407489804449, 6.221697898365856 ], [ -75.599324418860462, 6.220436779798601 ], [ -75.599306899772998, 6.220163312120826 ], [ -75.599258864168704, 6.219414098881752 ], [ -75.599237400254438, 6.219254764691793 ], [ -75.599210293331282, 6.219157583201561 ], [ -75.599077593471577, 6.218850220326185 ], [ -75.599056700103077, 6.21880954046457 ] ] ] } },
{ "type": "Feature", "properties": { "NOMBRE": "La Mota" }, "geometry": { "type": "Polygon", "coordinates": [ [ [ -75.599040889755656, 6.218777900744045 ], [ -75.598626987479875, 6.217955256272807 ], [ -75.598472833027515, 6.217649024675762 ], [ -75.59841184921909, 6.217532634299127 ], [ -75.598123306120868, 6.216978931846567 ], [ -75.597974799641577, 6.216693040807839 ], [ -75.597690773243343, 6.216135947659009 ], [ -75.597277440795111, 6.215344943742414 ], [ -75.597191047971222, 6.215179963156852 ], [ -75.596908716911031, 6.214620609365716 ], [ -75.596896859635436, 6.214598008907918 ], [ -75.596499904333044, 6.21382508433053 ], [ -75.596379067650687, 6.213591172988012 ], [ -75.596163368899795, 6.213177590602344 ], [ -75.595983244184382, 6.212821637227093 ], [ -75.595568787224323, 6.212022721626838 ], [ -75.59552305080274, 6.211935711560063 ], [ -75.595456419497197, 6.211771859601673 ], [ -75.595102383793431, 6.211107414423706 ], [ -75.595137947611164, 6.210995539270566 ], [ -75.595159398841673, 6.210928865471358 ], [ -75.595184803085075, 6.210875753054707 ], [ -75.595198916881742, 6.210852021007936 ], [ -75.595220370233179, 6.210822639148613 ], [ -75.595228274265722, 6.210814728282105 ], [ -75.595248033604577, 6.21079777716657 ], [ -75.595262712714828, 6.210786475733056 ], [ -75.595279085642588, 6.210775174201571 ], [ -75.595297152387829, 6.210763873476002 ], [ -75.595318041258992, 6.210752571683009 ], [ -75.595352480992403, 6.210731099481203 ], [ -75.595433215564555, 6.210691543657187 ], [ -75.595664694948383, 6.210597738935733 ], [ -75.595792855113743, 6.210536710073742 ], [ -75.595941340857294, 6.210472289808119 ], [ -75.596356873345343, 6.210286941862282 ], [ -75.596509310689882, 6.210229301554279 ], [ -75.596640859993983, 6.210196523754744 ], [ -75.596665136717732, 6.210189741939966 ], [ -75.596817576878337, 6.210164872345723 ], [ -75.596920332844533, 6.210158086668038 ], [ -75.59700841036927, 6.21017277298257 ], [ -75.597137704222732, 6.210204406743599 ], [ -75.597186825232271, 6.210224744798372 ], [ -75.597339833504677, 6.210286888646928 ], [ -75.597528413914048, 6.210380670995792 ], [ -75.597729979908792, 6.210482362881161 ], [ -75.597719247983221, 6.210396480883517 ], [ -75.597715856703303, 6.210323029076473 ], [ -75.597719241746759, 6.210281216687879 ], [ -75.597722627489787, 6.210250705791907 ], [ -75.597742949014588, 6.210181772744244 ], [ -75.597774563272012, 6.210123008617753 ], [ -75.597831018479411, 6.210051813195471 ], [ -75.597859811028911, 6.21001452035846 ], [ -75.597885215591447, 6.20997157743746 ], [ -75.597898763582535, 6.209930895374924 ], [ -75.597911181798125, 6.209881172911841 ], [ -75.597915692794771, 6.209787379551863 ], [ -75.597914558081044, 6.209684546074368 ], [ -75.597913990941549, 6.209643864894812 ], [ -75.59789874025428, 6.209512780829095 ], [ -75.597893088578545, 6.20942237828165 ], [ -75.597843388379871, 6.209137611074881 ], [ -75.59780385538734, 6.20892177591589 ], [ -75.597793124683506, 6.208869794781545 ], [ -75.59777335981984, 6.208795213936922 ], [ -75.597765451572741, 6.208719501389941 ], [ -75.597759238548093, 6.20868108067974 ], [ -75.597756975711633, 6.208595197251105 ], [ -75.597755279658713, 6.208559036377164 ], [ -75.5977569689787, 6.208472023547498 ], [ -75.597760915808848, 6.208385010577175 ], [ -75.597786311318785, 6.208182732073817 ], [ -75.597793082552485, 6.208103629339179 ], [ -75.597802115370541, 6.208104758834616 ], [ -75.597808889617895, 6.208074246822642 ], [ -75.597816227213443, 6.208038085385147 ], [ -75.597820177399981, 6.208005314335593 ], [ -75.597825257002697, 6.207975932488046 ], [ -75.597850655710687, 6.207840326550313 ], [ -75.597857991463258, 6.207760093720705 ], [ -75.597880569459633, 6.207661778996251 ], [ -75.59788168845904, 6.207483233241962 ], [ -75.597879422304516, 6.207344237951498 ], [ -75.597889581198459, 6.207266265062637 ], [ -75.597913845292553, 6.207030085762027 ], [ -75.597922875265013, 6.206971323039828 ], [ -75.597924000315643, 6.206904650400459 ], [ -75.597913834302688, 6.206839109430894 ], [ -75.597879388657873, 6.206745317604271 ], [ -75.597846072289315, 6.206637965902537 ], [ -75.597840990102142, 6.206625535572483 ], [ -75.597829131072345, 6.206572424450484 ], [ -75.597829127773494, 6.20651931349218 ], [ -75.597839285115057, 6.206416479309374 ], [ -75.59784436392961, 6.206374667718237 ], [ -75.597840972881016, 6.206319295949759 ], [ -75.597825161719669, 6.206267315133363 ], [ -75.597799187950287, 6.206218724223069 ], [ -75.597740465429439, 6.206139625570469 ], [ -75.597631489796257, 6.205957694675884 ], [ -75.59756937839974, 6.205842434330914 ], [ -75.597524207276081, 6.205778024675842 ], [ -75.597377402106289, 6.205557675874219 ], [ -75.597295527526782, 6.205390434005927 ], [ -75.597288751011547, 6.205368964207763 ], [ -75.597291571873086, 6.205333933113792 ], [ -75.597301732398932, 6.205296640547159 ], [ -75.597337299723961, 6.205255957145783 ], [ -75.59742480692384, 6.205190410150498 ], [ -75.597501587188006, 6.205118083450711 ], [ -75.597569898848079, 6.20503784685235 ], [ -75.597672647176879, 6.204923707244524 ], [ -75.597761846672483, 6.204820869049705 ], [ -75.597840319293596, 6.20471238121556 ], [ -75.597891128838654, 6.204655876000537 ], [ -75.597969039993316, 6.204612930692427 ], [ -75.598042434495753, 6.20458693563557 ], [ -75.598057678398561, 6.204582414441961 ], [ -75.598136720215024, 6.204563199370099 ], [ -75.598208987135976, 6.204563194810956 ], [ -75.598268269813275, 6.204573362497391 ], [ -75.598355782275164, 6.204594828071778 ], [ -75.598452893578951, 6.204626463550852 ], [ -75.598509353628458, 6.204642280780036 ], [ -75.598550004464101, 6.204651318658896 ], [ -75.598582750620523, 6.204655836804055 ], [ -75.598612674683139, 6.204660355127581 ], [ -75.598653324874675, 6.204659223372789 ], [ -75.598679859717663, 6.204652441320755 ], [ -75.598701878811227, 6.204647919674549 ], [ -75.5987250256956, 6.204635488447098 ], [ -75.598750431158876, 6.204611755580982 ], [ -75.598786563648673, 6.204582372634257 ], [ -75.598819307273189, 6.204547339608697 ], [ -75.598866165044299, 6.204485185163622 ], [ -75.598897214280115, 6.20444111177143 ], [ -75.598914714539319, 6.204404949663457 ], [ -75.598929394990307, 6.20441850851878 ], [ -75.599031026114318, 6.204511165874424 ], [ -75.599094828292564, 6.204563144449423 ], [ -75.599241062298987, 6.204661449165228 ], [ -75.599364147722923, 6.204745064588431 ], [ -75.599508687587871, 6.204836588987587 ], [ -75.599714768809378, 6.204926980133587 ], [ -75.599834464760349, 6.204980084081478 ], [ -75.599845756832437, 6.204981214296317 ], [ -75.599899393514306, 6.20499025121064 ], [ -75.599927064416988, 6.205100993334306 ], [ -75.599927629763386, 6.20511229298136 ], [ -75.599960386338452, 6.205287447216732 ], [ -75.599981850709554, 6.205445651318337 ], [ -75.599989191480546, 6.205473902301622 ], [ -75.599993144505987, 6.205486331782074 ], [ -75.600014037116097, 6.205522492275188 ], [ -75.600043397383658, 6.205551870946084 ], [ -75.600060899919669, 6.205564300427064 ], [ -75.600160835557645, 6.205611756227627 ], [ -75.600207698080183, 6.205635484328702 ], [ -75.600249479954869, 6.205670513354804 ], [ -75.600281099551168, 6.205713452567423 ], [ -75.600287310912591, 6.205724752739355 ], [ -75.600349426364389, 6.205905555274271 ], [ -75.6003590290413, 6.20598578700006 ], [ -75.600356211401817, 6.206066019560779 ], [ -75.600339286969785, 6.206282988384081 ], [ -75.600321799058037, 6.206530467929977 ], [ -75.600320672270882, 6.206566628985271 ], [ -75.600318420661679, 6.20668189333258 ], [ -75.600318994099098, 6.206827668175467 ], [ -75.600321257640658, 6.206904510218155 ], [ -75.600321823979229, 6.206930501534006 ], [ -75.600331988252364, 6.206965531772032 ], [ -75.600347799907283, 6.207020902689901 ], [ -75.600408221343841, 6.207182494331072 ], [ -75.600457912567407, 6.207302275414897 ], [ -75.600549389801358, 6.207515847653061 ], [ -75.600584397833202, 6.207568957148265 ], [ -75.600661751619072, 6.207643534890059 ], [ -75.600842429242135, 6.207780257922997 ], [ -75.601097075299705, 6.208008510590932 ], [ -75.601152407920395, 6.208057098417751 ], [ -75.601193061539149, 6.20810229707245 ], [ -75.60122016360279, 6.208131676737324 ], [ -75.601271548262488, 6.208228856450646 ], [ -75.601337614164436, 6.208374627676113 ], [ -75.601353990959396, 6.20843564881913 ], [ -75.601357947537309, 6.208498930938041 ], [ -75.60136585917067, 6.208616453800915 ], [ -75.601377187221615, 6.209191643035327 ], [ -75.601407698370409, 6.20955777366822 ], [ -75.601410535003581, 6.209781520606894 ], [ -75.601412238115557, 6.209929555488163 ], [ -75.601426362623428, 6.210078720472273 ], [ -75.601494140790976, 6.210513780300698 ], [ -75.601501494862731, 6.210745438241546 ], [ -75.601390834482117, 6.210740924769691 ], [ -75.600940850544276, 6.210725132173722 ], [ -75.600865758850247, 6.21072513729956 ], [ -75.600476753001416, 6.210731941323471 ], [ -75.600252610067628, 6.210762466176141 ], [ -75.600293839524696, 6.210987340604834 ], [ -75.600328862656895, 6.211290189508899 ], [ -75.60037122715768, 6.211614507227309 ], [ -75.600379702094543, 6.21171508008814 ], [ -75.600378013122068, 6.211800963771418 ], [ -75.600368985007051, 6.21188458692651 ], [ -75.600249883124434, 6.212351300193052 ], [ -75.600115506114818, 6.21230497676874 ], [ -75.600054528413864, 6.21229029007131 ], [ -75.599986777151258, 6.212288033560941 ], [ -75.599918461424153, 6.212301597903452 ], [ -75.599893057960955, 6.212360361746388 ], [ -75.599672329140191, 6.212846291711877 ], [ -75.59948660285653, 6.213289277958029 ], [ -75.599256244496175, 6.213264430814515 ], [ -75.599183975876997, 6.21325652420096 ], [ -75.59912808110407, 6.213265568302176 ], [ -75.599001068377589, 6.213641877994868 ], [ -75.599007845330917, 6.213681428712862 ], [ -75.59902309094295, 6.213699508668568 ], [ -75.599132066129513, 6.213828326509404 ], [ -75.599176108116495, 6.213880306356854 ], [ -75.599219019696932, 6.21392776513468 ], [ -75.599276613134833, 6.213992173835262 ], [ -75.599397444710263, 6.214126641142729 ], [ -75.599519971153811, 6.214262238370147 ], [ -75.599608619376468, 6.214358286643408 ], [ -75.599638544871965, 6.214389926321474 ], [ -75.599683151342845, 6.214438515008792 ], [ -75.599692184866996, 6.214448684942755 ], [ -75.599717594247352, 6.214478063892451 ], [ -75.599749213809389, 6.214513093629004 ], [ -75.599888114718169, 6.214671290866088 ], [ -75.599956436581792, 6.214759430016853 ], [ -75.60000160772347, 6.214808018639727 ], [ -75.600068797250231, 6.214848696283038 ], [ -75.600077831917403, 6.214862255482871 ], [ -75.600093641382344, 6.214881465428912 ], [ -75.600125261294153, 6.214921014474326 ], [ -75.600209393380496, 6.215024973360321 ], [ -75.600347151712626, 6.214952642160887 ], [ -75.600385542732809, 6.214928909247277 ], [ -75.600416029500181, 6.214896136392259 ], [ -75.600427320419882, 6.214876924631148 ], [ -75.600439169956942, 6.214768440893987 ], [ -75.600474739806444, 6.214772958731538 ], [ -75.600746888337625, 6.214946967562618 ], [ -75.601080581434957, 6.215174084801884 ], [ -75.601144948888276, 6.215227193149265 ], [ -75.60108058462454, 6.215233977017455 ], [ -75.600991380081794, 6.215265623873149 ], [ -75.600947906720336, 6.215276926530702 ], [ -75.600879026943574, 6.215304051742462 ], [ -75.60081466473693, 6.215341347167421 ], [ -75.600696667918882, 6.215429497068162 ], [ -75.600650937467236, 6.215461140913987 ], [ -75.600589397671456, 6.215489395649231 ], [ -75.600523905439331, 6.215515390526533 ], [ -75.600485513851325, 6.215531213942239 ], [ -75.600273793961563, 6.215629539689113 ], [ -75.600242742153057, 6.215643102477117 ], [ -75.600174992418772, 6.215683788227612 ], [ -75.600112324852475, 6.215734643255874 ], [ -75.600084660324086, 6.21575611531643 ], [ -75.600011830784581, 6.215822792738694 ], [ -75.599947470922942, 6.215897379096182 ], [ -75.599818188993666, 6.2160838428633 ], [ -75.599760606126367, 6.216184420103167 ], [ -75.599753267065608, 6.216197980390509 ], [ -75.599662374370084, 6.216333590740467 ], [ -75.599624549148658, 6.216391225330126 ], [ -75.599597450215484, 6.216428518151997 ], [ -75.599560754293876, 6.216473721111232 ], [ -75.59948002127453, 6.216559609076034 ], [ -75.599368236833499, 6.216680529979362 ], [ -75.599333798200661, 6.216722343502745 ], [ -75.599265487241652, 6.216818400249327 ], [ -75.599242905821654, 6.2168658632884 ], [ -75.599225406717125, 6.216925756643285 ], [ -75.5992186354692, 6.216989039476267 ], [ -75.599220335072161, 6.217091872914235 ], [ -75.599220901810043, 6.217124643680376 ], [ -75.599254234875971, 6.217488514136298 ], [ -75.599288698148712, 6.217880635083995 ], [ -75.599292088547841, 6.217922447040913 ], [ -75.599295477404993, 6.217940526857713 ], [ -75.599294350432459, 6.217989118558325 ], [ -75.599257092528887, 6.218090824476289 ], [ -75.599056700103077, 6.21880954046457 ], [ -75.599040889755656, 6.218777900744045 ] ] ] } },
{ "type": "Feature", "properties": { "NOMBRE": "La Palma" }, "geometry": { "type": "Polygon", "coordinates": [ [ [ -75.598660911646107, 6.228628467512559 ], [ -75.598799805219926, 6.228591168469727 ], [ -75.598939262641352, 6.228556128567623 ], [ -75.599024517533465, 6.228530132609042 ], [ -75.599040326814176, 6.228526742313464 ], [ -75.599094528812344, 6.228509787919445 ], [ -75.599184866437255, 6.228487181782015 ], [ -75.599285930730375, 6.228460055598529 ], [ -75.599398851766708, 6.228427277421956 ], [ -75.599432727617526, 6.228415975520612 ], [ -75.599497656649902, 6.228386590639316 ], [ -75.59953040340892, 6.228363987313067 ], [ -75.599576699885873, 6.228335733703893 ], [ -75.599615656384614, 6.228309740691527 ], [ -75.599645579712956, 6.228282618212536 ], [ -75.599726880449509, 6.22821707124471 ], [ -75.599762448364103, 6.228178647797723 ], [ -75.599879317498647, 6.228069027062661 ], [ -75.599930129578254, 6.228020432063435 ], [ -75.599980376874058, 6.227969576979146 ], [ -75.600019898252853, 6.227934543428444 ], [ -75.600055466428003, 6.227900640197141 ], [ -75.600097244938794, 6.227845266334685 ], [ -75.600133942651979, 6.227802322551798 ], [ -75.6001937867821, 6.227725476356203 ], [ -75.600250243604222, 6.227655410734029 ], [ -75.600305572066802, 6.227585344277508 ], [ -75.60032702475317, 6.227553702092919 ], [ -75.600354124882841, 6.22752657976335 ], [ -75.600382353726289, 6.227491546944409 ], [ -75.600459701199185, 6.227415829599781 ], [ -75.60052124025232, 6.227355933231689 ], [ -75.600565277407057, 6.227317510062599 ], [ -75.600620041856672, 6.22725761414101 ], [ -75.600667467273013, 6.227227100241931 ], [ -75.600699648842905, 6.227211278138663 ], [ -75.60073634845601, 6.227197714940176 ], [ -75.600787162599232, 6.227181891565334 ], [ -75.600860561680733, 6.22716606664634 ], [ -75.600959932381983, 6.227147979824514 ], [ -75.601078500120494, 6.22712763154989 ], [ -75.601178999821229, 6.227106154432777 ], [ -75.60123997763084, 6.227097110668367 ], [ -75.601281758552233, 6.227092587552762 ], [ -75.601423474454705, 6.227065458154346 ], [ -75.601545429662195, 6.227041719363632 ], [ -75.601570836498126, 6.227037197362451 ], [ -75.601632943382739, 6.227025893356403 ], [ -75.601669078728861, 6.227017980426658 ], [ -75.601696179432764, 6.22701345920541 ], [ -75.601731749407861, 6.227007806428543 ], [ -75.601853704667235, 6.226985197625437 ], [ -75.601901131649683, 6.226978414851524 ], [ -75.60193613766269, 6.226969371923843 ], [ -75.602005018473065, 6.226949026927406 ], [ -75.602077288239244, 6.226933201918587 ], [ -75.602143911688771, 6.226916247239716 ], [ -75.602185692029977, 6.226903813640517 ], [ -75.602231424572309, 6.226889120544627 ], [ -75.602293530625758, 6.226866515872229 ], [ -75.602350553863886, 6.226826960670443 ], [ -75.602400238377385, 6.226794186337472 ], [ -75.602427902161921, 6.226768193920169 ], [ -75.602464600414763, 6.226736550563769 ], [ -75.602500167790097, 6.226694736755638 ], [ -75.602530654858711, 6.2266585736019 ], [ -75.602547591052755, 6.226623540568559 ], [ -75.602557753541234, 6.22661337021739 ], [ -75.602645258539965, 6.226464198904859 ], [ -75.602701714351809, 6.226373791960824 ], [ -75.602729376320113, 6.226322939136847 ], [ -75.602749700711541, 6.226294686207202 ], [ -75.60278357393652, 6.226237052581459 ], [ -75.603563872546104, 6.226301412934616 ], [ -75.603849003375771, 6.22632625415679 ], [ -75.603987334214395, 6.226339805534798 ], [ -75.6047298049847, 6.226413207436503 ], [ -75.605471146021529, 6.226477567909467 ], [ -75.605455910188667, 6.226606393079701 ], [ -75.605646754877711, 6.226680962257288 ], [ -75.605789041626409, 6.226738584249126 ], [ -75.605775493207346, 6.226771356102251 ], [ -75.605706056344687, 6.226923916713193 ], [ -75.605678393641057, 6.226973639634444 ], [ -75.60567049022228, 6.226990591128365 ], [ -75.605576774958479, 6.22713750239986 ], [ -75.60554911179706, 6.227181575924081 ], [ -75.605431684090647, 6.227352220232765 ], [ -75.605407974522379, 6.227400813681246 ], [ -75.605358860127055, 6.227503650999373 ], [ -75.605339102441974, 6.227557893531913 ], [ -75.60532555803789, 6.227643778139883 ], [ -75.605315962847541, 6.22770028001036 ], [ -75.605293952269747, 6.22782797654012 ], [ -75.6052606530383, 6.228017825362374 ], [ -75.605229044679092, 6.228156822308319 ], [ -75.605179937374743, 6.228365882430508 ], [ -75.605145506279698, 6.228510529881314 ], [ -75.605139297470714, 6.228537650863722 ], [ -75.605124626728355, 6.228674387297376 ], [ -75.605136488503973, 6.228735407763381 ], [ -75.605188437559562, 6.228805466543858 ], [ -75.605302497540023, 6.228915072625903 ], [ -75.605316049500672, 6.228927502235265 ], [ -75.605318878900619, 6.22902129509627 ], [ -75.605281632063296, 6.229274426614762 ], [ -75.605272619304358, 6.229576147597633 ], [ -75.605307648396263, 6.229902725599456 ], [ -75.605356217015256, 6.230066577700179 ], [ -75.605370898828781, 6.230098218222206 ], [ -75.605471980611227, 6.230310657907912 ], [ -75.605655524476077, 6.230924255778728 ], [ -75.605689408264823, 6.231027086708453 ], [ -75.605702396185251, 6.231046296704715 ], [ -75.60555277169064, 6.231035006764356 ], [ -75.605075107136244, 6.231065551333612 ], [ -75.604626237010791, 6.231075753147159 ], [ -75.604245685750442, 6.231083689369645 ], [ -75.604144619363481, 6.231085956112198 ], [ -75.602891169616868, 6.231115421272331 ], [ -75.602123290247249, 6.231114341439532 ], [ -75.60210917447381, 6.231113212376597 ], [ -75.601357105810905, 6.231141510939723 ], [ -75.601071409367179, 6.231151698426162 ], [ -75.600642866227318, 6.231169805868911 ], [ -75.600187785700996, 6.231190173953308 ], [ -75.599666645179127, 6.231219586474431 ], [ -75.59953113681712, 6.231227504896681 ], [ -75.599211564939367, 6.231245604011191 ], [ -75.59875648450992, 6.2312693619418 ], [ -75.598756464001255, 6.230921310141271 ], [ -75.598740071729821, 6.230596989723447 ], [ -75.598722548236964, 6.230255719398739 ], [ -75.598706158613155, 6.229972080194761 ], [ -75.598660911646107, 6.228628467512559 ] ] ] } },
{ "type": "Feature", "properties": { "NOMBRE": "Las Mercedes" }, "geometry": { "type": "Polygon", "coordinates": [ [ [ -75.61221424201598, 6.239160600694208 ], [ -75.612169627937433, 6.239063421439097 ], [ -75.612114285376933, 6.238951551471179 ], [ -75.612053297490306, 6.238850983494826 ], [ -75.611964074197147, 6.238699565382118 ], [ -75.611933575493694, 6.23859560449436 ], [ -75.61190703035966, 6.238504073900122 ], [ -75.611884437480029, 6.238400112305009 ], [ -75.611837558749997, 6.238222699947923 ], [ -75.611800848710203, 6.238114219369651 ], [ -75.611776564172885, 6.238045288841195 ], [ -75.611747760152809, 6.237949238204202 ], [ -75.611731945556272, 6.237884827156926 ], [ -75.611702014755977, 6.237816645677259 ], [ -75.611695237767435, 6.237801206962176 ], [ -75.611635946602505, 6.237730019413643 ], [ -75.611607712462998, 6.237692730875636 ], [ -75.611578915392499, 6.237674652482644 ], [ -75.611542213937099, 6.237662225081354 ], [ -75.611489702910404, 6.237652060095776 ], [ -75.6113858121238, 6.237654328474481 ], [ -75.609148196563254, 6.237550542834979 ], [ -75.60736115282873, 6.23745575481493 ], [ -75.607163524848417, 6.237325814819827 ], [ -75.606627675046369, 6.237028653805061 ], [ -75.606336880443209, 6.236845608999222 ], [ -75.606077696532807, 6.236547297370286 ], [ -75.605936522093813, 6.23628287821298 ], [ -75.605842767472652, 6.235907712282789 ], [ -75.605864210740378, 6.235731425051062 ], [ -75.605940404539851, 6.23531330548451 ], [ -75.605981615919916, 6.235226289552016 ], [ -75.606062340953756, 6.235003666182632 ], [ -75.606105803494231, 6.23482285698694 ], [ -75.606177496187001, 6.234612664048885 ], [ -75.606293214181719, 6.234211492220068 ], [ -75.606436029041035, 6.233732345979232 ], [ -75.606371655669491, 6.233650987709738 ], [ -75.606326474623771, 6.233492785730687 ], [ -75.606517881137805, 6.233487121274013 ], [ -75.606668637119355, 6.233528921536582 ], [ -75.607115827056845, 6.233664493906141 ], [ -75.607367087835385, 6.233734537388024 ], [ -75.607418468676315, 6.23373905348459 ], [ -75.607642617812417, 6.233670104491346 ], [ -75.607729566886221, 6.233631677245587 ], [ -75.607786589709761, 6.233583080985491 ], [ -75.607859419689376, 6.233503972746804 ], [ -75.607973462305608, 6.233359319528302 ], [ -75.608084683302081, 6.233245177201503 ], [ -75.608111219618479, 6.233229354204306 ], [ -75.608166551900695, 6.233222571123745 ], [ -75.608221884737745, 6.233222566582447 ], [ -75.60828512334885, 6.233245162562542 ], [ -75.608363044114469, 6.233289228444044 ], [ -75.608434190514615, 6.233336685049756 ], [ -75.608477667996553, 6.23335928173319 ], [ -75.608514368519849, 6.233364929898485 ], [ -75.608661169369441, 6.233361528468154 ], [ -75.60893161788897, 6.233303875673077 ], [ -75.608962671074664, 6.233297092726954 ], [ -75.609016312673461, 6.233328729891905 ], [ -75.60908463258184, 6.233335504527071 ], [ -75.609150694109985, 6.233354709990384 ], [ -75.609311616410238, 6.233419109822332 ], [ -75.609365255996764, 6.233437186245575 ], [ -75.609438659884034, 6.233471081819168 ], [ -75.609505288268508, 6.233516278544187 ], [ -75.609562319425152, 6.23356825552259 ], [ -75.609599022079621, 6.23359876400331 ], [ -75.609641369989163, 6.233616841355164 ], [ -75.60968654019095, 6.233624747934204 ], [ -75.609732838695251, 6.233621353824808 ], [ -75.609776312990149, 6.233605530208118 ], [ -75.609814141016486, 6.233579535634754 ], [ -75.609977872047793, 6.233473299751543 ], [ -75.610096999972328, 6.233388536951316 ], [ -75.610141039867599, 6.23337384331498 ], [ -75.610191290661177, 6.233369318767517 ], [ -75.61024097779439, 6.233376095756443 ], [ -75.610287277313049, 6.233395302775667 ], [ -75.61035955296623, 6.233440498002868 ], [ -75.61053911043895, 6.233551227363812 ], [ -75.610563955543128, 6.233567046037876 ], [ -75.610622677546246, 6.233593032305409 ], [ -75.610685916619872, 6.233608847644558 ], [ -75.610750848607054, 6.233613362240307 ], [ -75.610822556043587, 6.233626917613279 ], [ -75.610898215914091, 6.233630301198019 ], [ -75.610973309265475, 6.233622385136758 ], [ -75.611046143909704, 6.233602038614847 ], [ -75.611163579979447, 6.233542137016903 ], [ -75.611309246741897, 6.233473192439012 ], [ -75.611329571931947, 6.233466410297289 ], [ -75.61137135336979, 6.233463017345716 ], [ -75.611412007545113, 6.233472054233735 ], [ -75.611449274033205, 6.233492392006248 ], [ -75.611733291984962, 6.233664133103645 ], [ -75.611746843617809, 6.23366978219471 ], [ -75.611780722851563, 6.233695770538956 ], [ -75.611806697863614, 6.233728539937127 ], [ -75.611821945500495, 6.233768089737462 ], [ -75.611825901631406, 6.233809900659648 ], [ -75.611836073323303, 6.233913863362539 ], [ -75.611843427794383, 6.234084498885135 ], [ -75.611843993932709, 6.234101448813735 ], [ -75.61185472664647, 6.234164730251125 ], [ -75.611876751682729, 6.234224620506216 ], [ -75.611909504212477, 6.234278859510202 ], [ -75.611951290243724, 6.23432631825735 ], [ -75.611964841899336, 6.234342136968587 ], [ -75.612016226772752, 6.234390724912989 ], [ -75.612075515584863, 6.234429140711754 ], [ -75.612131415916522, 6.234469817829035 ], [ -75.612273706896104, 6.234543258896516 ], [ -75.612383811581779, 6.234590710565732 ], [ -75.612450379183755, 6.234628713421684 ], [ -75.612579745193443, 6.234702568721049 ], [ -75.612602230427228, 6.234715316464468 ], [ -75.612715261025414, 6.234779399554357 ], [ -75.612830448922395, 6.23484267149379 ], [ -75.612887477181332, 6.234867527604348 ], [ -75.61296878767736, 6.234916112732949 ], [ -75.613067602032018, 6.234987296524415 ], [ -75.613151171220636, 6.235047182007369 ], [ -75.613599896257, 6.235397704923852 ], [ -75.613894873450036, 6.235628127351334 ], [ -75.614124645061423, 6.235807613552565 ], [ -75.614155137069858, 6.235836992237068 ], [ -75.61416981889424, 6.235851681631353 ], [ -75.614259603217945, 6.23595337672838 ], [ -75.614281625007806, 6.235974845785949 ], [ -75.614305340804179, 6.235997444742823 ], [ -75.614329056976729, 6.236014393404248 ], [ -75.614351078242393, 6.23603021126057 ], [ -75.614373100306935, 6.23604489996108 ], [ -75.614398509055519, 6.236057328225173 ], [ -75.614422789336558, 6.23606862653511 ], [ -75.61444763345439, 6.236081054849841 ], [ -75.614475300314112, 6.236088962662666 ], [ -75.614514260739625, 6.236096869412018 ], [ -75.614524423444138, 6.236099128573872 ], [ -75.61456846466551, 6.236107034841258 ], [ -75.614578628380272, 6.236110424060842 ], [ -75.614578063321716, 6.236105904782624 ], [ -75.614575238454208, 6.236087824106721 ], [ -75.614630090590467, 6.236102902964554 ], [ -75.614630031880893, 6.236103033152871 ], [ -75.614619652023194, 6.236125998735581 ], [ -75.614615691782305, 6.236225301449896 ], [ -75.614612161446701, 6.236313760982803 ], [ -75.614612028958533, 6.236317089696694 ], [ -75.614611500806831, 6.23633034217284 ], [ -75.614610809520968, 6.236347667396522 ], [ -75.614611496762834, 6.236354542609924 ], [ -75.614616171283899, 6.236357304937335 ], [ -75.61461866936088, 6.236358780106765 ], [ -75.614619536686007, 6.236359292619726 ], [ -75.614622540971411, 6.236383093184457 ], [ -75.614624026387915, 6.236394853793118 ], [ -75.614627653589096, 6.236423572315307 ], [ -75.614639262083514, 6.236515497441752 ], [ -75.614638618393656, 6.236520208491857 ], [ -75.614632524552036, 6.236564775876052 ], [ -75.614621422924884, 6.236645974816459 ], [ -75.614619562271329, 6.236659584516802 ], [ -75.614580150035451, 6.236699012819648 ], [ -75.614541992340335, 6.236706493785229 ], [ -75.614434895488387, 6.236727493113695 ], [ -75.614300798364837, 6.236768565699087 ], [ -75.614156482293453, 6.23673750980713 ], [ -75.614021417383498, 6.236708444630124 ], [ -75.613927319157028, 6.23666489097029 ], [ -75.613917272652728, 6.23666878473067 ], [ -75.613912976170894, 6.23667045038462 ], [ -75.61389999985667, 6.236664202816551 ], [ -75.613854955987662, 6.236658218590537 ], [ -75.613853198774265, 6.236657427712391 ], [ -75.613812382638912, 6.236639061261394 ], [ -75.613795879271763, 6.236631440770238 ], [ -75.613764937598503, 6.236614641017908 ], [ -75.613741161262112, 6.236601731619119 ], [ -75.613610941149858, 6.236530620466174 ], [ -75.613588464162675, 6.23652023413597 ], [ -75.61356713994725, 6.236510011330986 ], [ -75.613556470160432, 6.236504895408647 ], [ -75.61352871728586, 6.236495007692433 ], [ -75.613474032769602, 6.236475523283179 ], [ -75.61337789859202, 6.236434756890044 ], [ -75.613284911992679, 6.236394764055024 ], [ -75.613194717929161, 6.236355546620389 ], [ -75.61314653695095, 6.236334296881846 ], [ -75.613024312893927, 6.236300598841842 ], [ -75.613024536065367, 6.236300909813687 ], [ -75.613003022544206, 6.236294978514739 ], [ -75.612994302802932, 6.236314842128503 ], [ -75.6129866587859, 6.236332067634639 ], [ -75.612935279259901, 6.236424684708085 ], [ -75.612925395728524, 6.236442473638593 ], [ -75.6129054609832, 6.236472016095905 ], [ -75.612893635986907, 6.236489505962898 ], [ -75.612830217645268, 6.236583307518876 ], [ -75.61282602365857, 6.236589510567031 ], [ -75.612823594705091, 6.236593101662755 ], [ -75.612798488201875, 6.236635874411014 ], [ -75.61277049661436, 6.236683318631231 ], [ -75.612752323934018, 6.236727512814121 ], [ -75.612739542540609, 6.236758596016534 ], [ -75.612739442283768, 6.236758840118344 ], [ -75.612729252204616, 6.23678353237659 ], [ -75.612691582684349, 6.236874817425765 ], [ -75.612684721855359, 6.23689144347335 ], [ -75.612678942038187, 6.236903931599387 ], [ -75.612636377638509, 6.23699341893825 ], [ -75.612564790464873, 6.237146651449371 ], [ -75.612588841165987, 6.237156582041185 ], [ -75.61259904742333, 6.237160795786002 ], [ -75.612609681497716, 6.237170557628957 ], [ -75.612615469253441, 6.237175872902406 ], [ -75.612633442377017, 6.237192379176388 ], [ -75.612652797019962, 6.237241005213945 ], [ -75.612674194735533, 6.237294576203386 ], [ -75.612676582958244, 6.237339968191745 ], [ -75.612678394905188, 6.237396469162988 ], [ -75.612676140739026, 6.23744474457797 ], [ -75.612672257849951, 6.237474560402803 ], [ -75.612662317733822, 6.23754620522705 ], [ -75.612651915401131, 6.237601587189754 ], [ -75.612651206746733, 6.237657311812792 ], [ -75.612649096796304, 6.237711951706153 ], [ -75.612652227500689, 6.237765931170772 ], [ -75.612677498825931, 6.237806664340679 ], [ -75.612709419283249, 6.237847253163339 ], [ -75.612738177342663, 6.237882914310134 ], [ -75.612768986610035, 6.237923530351366 ], [ -75.612801548882857, 6.237968258741863 ], [ -75.612832656362144, 6.238009696531111 ], [ -75.612861063817945, 6.238054245390063 ], [ -75.612891981992604, 6.238100113023791 ], [ -75.612932241152862, 6.2381421828075 ], [ -75.612976808198766, 6.23817861184573 ], [ -75.613019713871026, 6.238215076289583 ], [ -75.613061634193784, 6.238244625763673 ], [ -75.613096689962205, 6.238289580824136 ], [ -75.613120886410144, 6.238331724384491 ], [ -75.613132192514868, 6.238379419971609 ], [ -75.613290339327776, 6.238567417451018 ], [ -75.613346583047971, 6.238642600981747 ], [ -75.613383980496565, 6.238706901511875 ], [ -75.613416021320376, 6.238797715521171 ], [ -75.613424950317267, 6.238823020786222 ], [ -75.613448100562536, 6.238883751636094 ], [ -75.613458294278487, 6.238918122568459 ], [ -75.613467700874878, 6.23894984381106 ], [ -75.613512225176166, 6.239001649745068 ], [ -75.613553232994605, 6.239029653343677 ], [ -75.613595921280876, 6.239058804923791 ], [ -75.613706529234918, 6.239114980325217 ], [ -75.613706664734664, 6.239114840185382 ], [ -75.613706800234411, 6.239114700045544 ], [ -75.613733448596292, 6.239127030589913 ], [ -75.613932199194608, 6.239218997138446 ], [ -75.613955010584419, 6.239229552479741 ], [ -75.613966386917312, 6.239234816592042 ], [ -75.613968738616407, 6.239235904846011 ], [ -75.613988942630172, 6.23924525442953 ], [ -75.614062989989705, 6.23927951815138 ], [ -75.614057509194197, 6.239282134070366 ], [ -75.613901338925444, 6.239370227195865 ], [ -75.613894540185441, 6.239374402716813 ], [ -75.613894492338432, 6.239374770668427 ], [ -75.613894401158248, 6.239375471313393 ], [ -75.613887817221695, 6.239426017197927 ], [ -75.613888698915503, 6.239435282694731 ], [ -75.613890077069286, 6.239449749128375 ], [ -75.613897544309225, 6.239464689621227 ], [ -75.613901936644083, 6.239473478359116 ], [ -75.613930586205143, 6.239496644616128 ], [ -75.613984377095761, 6.239540143264274 ], [ -75.614013457100882, 6.239567705857765 ], [ -75.614048750469891, 6.239601158641693 ], [ -75.614060394524813, 6.239619344272166 ], [ -75.614071903047957, 6.239637318367993 ], [ -75.614081504087821, 6.239661049613308 ], [ -75.614081507776092, 6.239700599865297 ], [ -75.614079253216076, 6.239762738848541 ], [ -75.61407822468054, 6.239767660576811 ], [ -75.614067402011514, 6.239819256457389 ], [ -75.614045959282734, 6.239963902374514 ], [ -75.614040319904561, 6.240048655506956 ], [ -75.614040323905968, 6.240091596839572 ], [ -75.614038069446352, 6.240154879442206 ], [ -75.614028541294033, 6.240186302294514 ], [ -75.613922907805659, 6.240397847388961 ], [ -75.613920649675151, 6.240402367834273 ], [ -75.613763678671972, 6.240344749394672 ], [ -75.613694216976, 6.240310847729561 ], [ -75.613615172918188, 6.240249839088108 ], [ -75.61352405002782, 6.240187460108825 ], [ -75.613486430152378, 6.240161707273183 ], [ -75.613352040921527, 6.240062275356797 ], [ -75.612758020342824, 6.239679242335685 ], [ -75.612645656215463, 6.239634050162543 ], [ -75.612597095998098, 6.239608064105372 ], [ -75.612486988319873, 6.239549310988004 ], [ -75.612418100775074, 6.239508635078271 ], [ -75.612385350509868, 6.239483777636171 ], [ -75.612342435567683, 6.23944535949579 ], [ -75.612311940605693, 6.239384339962509 ], [ -75.612250949688516, 6.239251000302064 ], [ -75.61221424201598, 6.239160600694208 ] ] ] } },
{ "type": "Feature", "properties": { "NOMBRE": "Las Playas" }, "geometry": { "type": "Polygon", "coordinates": [ [ [ -75.591983513004891, 6.22276843068327 ], [ -75.592071006516136, 6.222297200677728 ], [ -75.592156806397909, 6.221850832040173 ], [ -75.59224542878286, 6.221378471888474 ], [ -75.592328969904315, 6.220932102435956 ], [ -75.592418720865311, 6.220452962747293 ], [ -75.59250113287888, 6.220014503738439 ], [ -75.592515244264703, 6.21993766080517 ], [ -75.592532743004597, 6.21983708645794 ], [ -75.592665393204754, 6.219145496123796 ], [ -75.592749498599261, 6.218705907832138 ], [ -75.592804816406783, 6.218415485204709 ], [ -75.592833040144981, 6.21826631865288 ], [ -75.592869166191889, 6.218074210347782 ], [ -75.592905291608531, 6.217887752334558 ], [ -75.592919967134875, 6.217804129007318 ], [ -75.59347271946919, 6.217908066574096 ], [ -75.593863992620825, 6.217981499961331 ], [ -75.594053136599584, 6.218017652327667 ], [ -75.594406582213637, 6.218084307049001 ], [ -75.59474365385833, 6.218146442224912 ], [ -75.595107262438702, 6.218224396490371 ], [ -75.595379972345526, 6.218341906922409 ], [ -75.597468496348071, 6.219327188899858 ], [ -75.597556562154395, 6.219097786025391 ], [ -75.597609625337896, 6.218926017406135 ], [ -75.597632770976688, 6.2188683838722 ], [ -75.597735502508201, 6.218397151980836 ], [ -75.597893594232971, 6.21843669417533 ], [ -75.598380856517934, 6.218597132732405 ], [ -75.599040889755656, 6.218777900744045 ], [ -75.599056700103077, 6.21880954046457 ], [ -75.599077593471577, 6.218850220326185 ], [ -75.599210293331282, 6.219157583201561 ], [ -75.599237400254438, 6.219254764691793 ], [ -75.599258864168704, 6.219414098881752 ], [ -75.599306899772998, 6.220163312120826 ], [ -75.599324418860462, 6.220436779798601 ], [ -75.599407489804449, 6.221697898365856 ], [ -75.599410318994842, 6.221805251964774 ], [ -75.599341438806746, 6.22184028648372 ], [ -75.599274253271233, 6.221887752434789 ], [ -75.599227958000952, 6.221926176547198 ], [ -75.599193518211919, 6.221955559413945 ], [ -75.599144964750522, 6.221998503901347 ], [ -75.599079473396699, 6.222051619107885 ], [ -75.599024709628424, 6.222102474398669 ], [ -75.598915747883183, 6.22223695572971 ], [ -75.598877920927734, 6.222275379265197 ], [ -75.598818639155269, 6.222310413097471 ], [ -75.598757098177956, 6.222334147383513 ], [ -75.598705719098248, 6.222338670914521 ], [ -75.598645307099019, 6.222344325077381 ], [ -75.598587152380659, 6.222345457949659 ], [ -75.598536337629255, 6.222345461192674 ], [ -75.598481570405568, 6.222343203660682 ], [ -75.59840478299391, 6.222339818367434 ], [ -75.598319527210919, 6.222336432695598 ], [ -75.598212815859696, 6.22233191921072 ], [ -75.598114009522277, 6.222333054596803 ], [ -75.59806206588965, 6.22233870815955 ], [ -75.598023108478728, 6.222344359997766 ], [ -75.597984715685428, 6.222350012701739 ], [ -75.59795535588222, 6.222355663932841 ], [ -75.597923174030953, 6.22236357636078 ], [ -75.597887603635343, 6.22237261905756 ], [ -75.597868407864809, 6.222378269648041 ], [ -75.597649337711061, 6.222348900861323 ], [ -75.596911391946989, 6.222298089900145 ], [ -75.596741445237157, 6.222294709106648 ], [ -75.59664376875071, 6.222306014678978 ], [ -75.596560772042935, 6.222327489882004 ], [ -75.596473825185114, 6.222370436426862 ], [ -75.596361473075333, 6.222472145726252 ], [ -75.596319692140938, 6.222471018157982 ], [ -75.595977538976697, 6.222459735128743 ], [ -75.595417446570366, 6.222446204415158 ], [ -75.595397688898814, 6.222515137340559 ], [ -75.595300028987808, 6.222847373956072 ], [ -75.595271802720745, 6.22294455883639 ], [ -75.59518655871193, 6.223179610557571 ], [ -75.595148736914041, 6.223314087020664 ], [ -75.59513067180643, 6.223361549624631 ], [ -75.594536697278215, 6.223244056309678 ], [ -75.594152759223093, 6.223169492051148 ], [ -75.593895860150141, 6.223119783647361 ], [ -75.593368510447917, 6.223021495447001 ], [ -75.593219452139536, 6.222992121037336 ], [ -75.593133631001692, 6.222976304814488 ], [ -75.592849630107295, 6.222920946153125 ], [ -75.59259385967124, 6.222872366210457 ], [ -75.592462304987919, 6.222849771924732 ], [ -75.591983513004891, 6.22276843068327 ] ] ] } },
{ "type": "Feature", "properties": { "NOMBRE": "Las Violetas" }, "geometry": { "type": "Polygon", "coordinates": [ [ [ -75.618450656733344, 6.236844594338351 ], [ -75.618391934555021, 6.236824261044275 ], [ -75.618391339215904, 6.236824367782199 ], [ -75.618385638775791, 6.236825387221248 ], [ -75.618328697610721, 6.236835565329084 ], [ -75.618271110306537, 6.236870602079172 ], [ -75.618232154907545, 6.236913547351827 ], [ -75.618203361221504, 6.236957621653834 ], [ -75.618196337775558, 6.236963571897379 ], [ -75.61817387087018, 6.236982533842361 ], [ -75.618142678880389, 6.236993476865237 ], [ -75.61811937341453, 6.237001612024498 ], [ -75.618102612601035, 6.237003946156576 ], [ -75.618068987971583, 6.237008487862924 ], [ -75.618068218260532, 6.237008468955509 ], [ -75.618056742157762, 6.237008186241197 ], [ -75.618023378034891, 6.237006971850526 ], [ -75.617991053175444, 6.236991146143978 ], [ -75.617982179674669, 6.236980537140178 ], [ -75.617969993858466, 6.236965966031025 ], [ -75.617956620789428, 6.236949734306478 ], [ -75.617927256187784, 6.236913576279091 ], [ -75.617914165850749, 6.236896953072657 ], [ -75.617898110068523, 6.2368759455354 ], [ -75.617864707312876, 6.23683177714887 ], [ -75.617846424283954, 6.23681643640085 ], [ -75.617820364916312, 6.236794571924428 ], [ -75.617814656226628, 6.236794414288815 ], [ -75.617760697861968, 6.236792925308385 ], [ -75.617755612529876, 6.236792785690616 ], [ -75.617753187759703, 6.236792719034066 ], [ -75.617743733861928, 6.23679602427327 ], [ -75.617701396833752, 6.236810763576037 ], [ -75.617667504810612, 6.236842486363575 ], [ -75.617657926806132, 6.236851450948484 ], [ -75.617621794189361, 6.236900045284072 ], [ -75.617592899327306, 6.236935640505155 ], [ -75.61759266808167, 6.236935925303087 ], [ -75.61759240611616, 6.236936172134109 ], [ -75.617557998789849, 6.236964464107349 ], [ -75.61752129881738, 6.236985937983833 ], [ -75.617481211718285, 6.236996111606663 ], [ -75.617480387802317, 6.236996091799747 ], [ -75.617442603303928, 6.236995172532264 ], [ -75.617440922951133, 6.236995153714631 ], [ -75.61743478604987, 6.236995085618219 ], [ -75.617385768249036, 6.236991682239724 ], [ -75.617385635444137, 6.236991652419382 ], [ -75.617385415909482, 6.236991602718633 ], [ -75.617370314092724, 6.236988177882393 ], [ -75.617337705516476, 6.236980784211315 ], [ -75.617337007132193, 6.236980332257185 ], [ -75.617302020158036, 6.236957679409359 ], [ -75.617301016400091, 6.236957029499202 ], [ -75.61729572661487, 6.236954070174411 ], [ -75.617278464117177, 6.236944412145404 ], [ -75.617263062757232, 6.236935797201454 ], [ -75.617242547965901, 6.236917000481975 ], [ -75.617235989485152, 6.236910991027561 ], [ -75.617225428505336, 6.23690121209368 ], [ -75.617186466083638, 6.236865054976963 ], [ -75.617141857672593, 6.23682324721811 ], [ -75.617122245268234, 6.236812239674377 ], [ -75.617095555125431, 6.236797260447297 ], [ -75.617044944074976, 6.236779139308049 ], [ -75.61704182447356, 6.236778000517053 ], [ -75.617036579140759, 6.236776881825159 ], [ -75.616998101899199, 6.236768422841532 ], [ -75.616990532931794, 6.23676675923825 ], [ -75.616975057942199, 6.236762606669632 ], [ -75.616970545260486, 6.236761305287247 ], [ -75.616944444885931, 6.236753781670715 ], [ -75.616892370695538, 6.236730362945194 ], [ -75.616848725759056, 6.236710975434602 ], [ -75.616822358711957, 6.236701727820482 ], [ -75.616800380602157, 6.236694019365475 ], [ -75.616796362981731, 6.236692610351294 ], [ -75.616749656272944, 6.23668130531474 ], [ -75.616716616008745, 6.236675095045364 ], [ -75.616688143490393, 6.236669744074318 ], [ -75.616687322272256, 6.236669592275023 ], [ -75.616686754013642, 6.236669477516828 ], [ -75.616685780112689, 6.236669266065409 ], [ -75.616640455776349, 6.236659437192396 ], [ -75.616578347214528, 6.236652663831033 ], [ -75.616567233344455, 6.236651923601014 ], [ -75.616527697845683, 6.236648852807422 ], [ -75.616467738940074, 6.236646499108915 ], [ -75.616422544902179, 6.236647978929575 ], [ -75.61642075163148, 6.23664803877182 ], [ -75.61641517035234, 6.236648159555132 ], [ -75.61641501134973, 6.236648141489716 ], [ -75.61641335808541, 6.236647968074113 ], [ -75.616408854520955, 6.236647493889129 ], [ -75.61637245737262, 6.236643289102417 ], [ -75.616335385537852, 6.236631490383365 ], [ -75.616324264156219, 6.236627825556603 ], [ -75.616277399366666, 6.236616528630084 ], [ -75.616249704426977, 6.236608421120059 ], [ -75.616231098089642, 6.236602973334924 ], [ -75.616197881417463, 6.236594157586505 ], [ -75.616188335697601, 6.236591587404693 ], [ -75.616175773400386, 6.236588205681628 ], [ -75.61616046012, 6.236583913850152 ], [ -75.616120429648745, 6.236572471598036 ], [ -75.616099350074776, 6.236570193637502 ], [ -75.61605773385071, 6.236565345654046 ], [ -75.616015751125573, 6.236563430431599 ], [ -75.615995081814731, 6.236562314127667 ], [ -75.615994612041789, 6.236562336774345 ], [ -75.615983545274744, 6.236562864905546 ], [ -75.615980239694963, 6.236562979135557 ], [ -75.615947455823317, 6.236564107847523 ], [ -75.615924933064235, 6.236566679328294 ], [ -75.615920036615861, 6.236567238502968 ], [ -75.615888933273752, 6.236570233906023 ], [ -75.615856575351643, 6.236585297553113 ], [ -75.615840414879386, 6.236592513409668 ], [ -75.61581240707288, 6.236609451627654 ], [ -75.615789000962096, 6.236623356322267 ], [ -75.615772544646873, 6.236635539040027 ], [ -75.615747749474977, 6.236653507558458 ], [ -75.615712419842211, 6.23667407712994 ], [ -75.615711586892587, 6.236674056417086 ], [ -75.615672299135156, 6.236673091061233 ], [ -75.615610858999531, 6.23666516395757 ], [ -75.615567250919753, 6.23665272936367 ], [ -75.615559528262452, 6.236649860659845 ], [ -75.615504994396161, 6.236629030320451 ], [ -75.615457565244142, 6.236610953022041 ], [ -75.615415661073769, 6.236589739050966 ], [ -75.615410839316581, 6.236587254287191 ], [ -75.615403078549846, 6.236582631733361 ], [ -75.615369479557458, 6.236562370733162 ], [ -75.615339504650393, 6.236547239851599 ], [ -75.615306804917964, 6.236530733269019 ], [ -75.615269699924184, 6.236511938057798 ], [ -75.615262196711114, 6.236508137256113 ], [ -75.615250554593203, 6.236500489224934 ], [ -75.615224369263217, 6.236482738046643 ], [ -75.61518499049825, 6.236455663783061 ], [ -75.615177583828753, 6.236450571087672 ], [ -75.615162950243729, 6.236440115369372 ], [ -75.615137970967396, 6.236422266434797 ], [ -75.615131534704901, 6.236418644530973 ], [ -75.615083954764827, 6.236391596354013 ], [ -75.615065743628122, 6.23638074048047 ], [ -75.615043109096788, 6.236366902575393 ], [ -75.615016780294653, 6.236350803998532 ], [ -75.615013628098453, 6.236348835283407 ], [ -75.615002292298797, 6.236341755863274 ], [ -75.614975469035684, 6.236322533848598 ], [ -75.614958483710637, 6.23631036246647 ], [ -75.614949859205694, 6.236304863062249 ], [ -75.614918320916772, 6.236284419220306 ], [ -75.614874841371986, 6.236255044522526 ], [ -75.614874629958734, 6.236254890854548 ], [ -75.614863101611846, 6.236246500581377 ], [ -75.614837701243445, 6.236227374253925 ], [ -75.614807576685436, 6.236205665509649 ], [ -75.614801789026572, 6.236201494783855 ], [ -75.614800923479123, 6.23620067308692 ], [ -75.614781551659632, 6.236182276656534 ], [ -75.61477977904039, 6.236180977708466 ], [ -75.614774162132406, 6.236176863017143 ], [ -75.614769303218381, 6.236173069190827 ], [ -75.614758522898228, 6.236164649915151 ], [ -75.614726901414343, 6.236143180880227 ], [ -75.614722041678633, 6.236140245898295 ], [ -75.61469711504057, 6.236124634454446 ], [ -75.614696198045436, 6.236124306371909 ], [ -75.614689345426811, 6.236121856147032 ], [ -75.61464994716232, 6.23610776938595 ], [ -75.614630273041797, 6.236102498838301 ], [ -75.614630090590467, 6.236102902964554 ], [ -75.614575238454208, 6.236087824106721 ], [ -75.614578063321716, 6.236105904782624 ], [ -75.614578628380272, 6.236110424060842 ], [ -75.61456846466551, 6.236107034841258 ], [ -75.614524423444138, 6.236099128573872 ], [ -75.614514260739625, 6.236096869412018 ], [ -75.614475300314112, 6.236088962662666 ], [ -75.61444763345439, 6.236081054849841 ], [ -75.614422789336558, 6.23606862653511 ], [ -75.614398509055519, 6.236057328225173 ], [ -75.614373100306935, 6.23604489996108 ], [ -75.614351078242393, 6.23603021126057 ], [ -75.614329056976729, 6.236014393404248 ], [ -75.614305340804179, 6.235997444742823 ], [ -75.614281625007806, 6.235974845785949 ], [ -75.614259603217945, 6.23595337672838 ], [ -75.61416981889424, 6.235851681631353 ], [ -75.614155137069858, 6.235836992237068 ], [ -75.614124645061423, 6.235807613552565 ], [ -75.613894873450036, 6.235628127351334 ], [ -75.613599896257, 6.235397704923852 ], [ -75.613151171220636, 6.235047182007369 ], [ -75.613067602032018, 6.234987296524415 ], [ -75.61296878767736, 6.234916112732949 ], [ -75.612887477181332, 6.234867527604348 ], [ -75.612830448922395, 6.23484267149379 ], [ -75.612715261025414, 6.234779399554357 ], [ -75.612602230427228, 6.234715316464468 ], [ -75.612579745193443, 6.234702568721049 ], [ -75.612450379183755, 6.234628713421684 ], [ -75.612383811581779, 6.234590710565732 ], [ -75.612273706896104, 6.234543258896516 ], [ -75.612131415916522, 6.234469817829035 ], [ -75.612075515584863, 6.234429140711754 ], [ -75.612016226772752, 6.234390724912989 ], [ -75.611964841899336, 6.234342136968587 ], [ -75.611951290243724, 6.23432631825735 ], [ -75.611909504212477, 6.234278859510202 ], [ -75.611876751682729, 6.234224620506216 ], [ -75.61185472664647, 6.234164730251125 ], [ -75.611843993932709, 6.234101448813735 ], [ -75.611843427794383, 6.234084498885135 ], [ -75.611836073323303, 6.233913863362539 ], [ -75.611825901631406, 6.233809900659648 ], [ -75.611821945500495, 6.233768089737462 ], [ -75.611806697863614, 6.233728539937127 ], [ -75.611780722851563, 6.233695770538956 ], [ -75.611746843617809, 6.23366978219471 ], [ -75.611733291984962, 6.233664133103645 ], [ -75.611449274033205, 6.233492392006248 ], [ -75.611412007545113, 6.233472054233735 ], [ -75.61137135336979, 6.233463017345716 ], [ -75.611329571931947, 6.233466410297289 ], [ -75.611309246741897, 6.233473192439012 ], [ -75.611163579979447, 6.233542137016903 ], [ -75.611046143909704, 6.233602038614847 ], [ -75.610973309265475, 6.233622385136758 ], [ -75.610898215914091, 6.233630301198019 ], [ -75.610822556043587, 6.233626917613279 ], [ -75.610750848607054, 6.233613362240307 ], [ -75.610685916619872, 6.233608847644558 ], [ -75.610622677546246, 6.233593032305409 ], [ -75.610563955543128, 6.233567046037876 ], [ -75.61053911043895, 6.233551227363812 ], [ -75.61035955296623, 6.233440498002868 ], [ -75.610287277313049, 6.233395302775667 ], [ -75.61024097779439, 6.233376095756443 ], [ -75.610191290661177, 6.233369318767517 ], [ -75.610141039867599, 6.23337384331498 ], [ -75.610096999972328, 6.233388536951316 ], [ -75.609977872047793, 6.233473299751543 ], [ -75.609814141016486, 6.233579535634754 ], [ -75.609776312990149, 6.233605530208118 ], [ -75.609732838695251, 6.233621353824808 ], [ -75.60968654019095, 6.233624747934204 ], [ -75.609641369989163, 6.233616841355164 ], [ -75.609599022079621, 6.23359876400331 ], [ -75.609562319425152, 6.23356825552259 ], [ -75.609697743522375, 6.232498098180854 ], [ -75.609830359810445, 6.231614398044467 ], [ -75.609894128314792, 6.231188368552496 ], [ -75.609839910944729, 6.231013216761798 ], [ -75.609813366948998, 6.230926206297741 ], [ -75.609690191195725, 6.229783746240493 ], [ -75.609694137638627, 6.22971368406369 ], [ -75.609705987449956, 6.229616499802791 ], [ -75.609716654622929, 6.229529005218856 ], [ -75.609717836353653, 6.229519315541701 ], [ -75.609729016646426, 6.229453011777806 ], [ -75.609732509246001, 6.229432301570152 ], [ -75.609738942872553, 6.229406313285559 ], [ -75.609764462437241, 6.229303233474168 ], [ -75.609764682791678, 6.229302344777131 ], [ -75.609808148604259, 6.229180296528959 ], [ -75.609878498815945, 6.229038340676651 ], [ -75.609878533155197, 6.229038458199845 ], [ -75.60988334025177, 6.229050249276193 ], [ -75.609885517902541, 6.229055588392627 ], [ -75.609894977864116, 6.229071488870147 ], [ -75.609907110825731, 6.229085465307227 ], [ -75.609910036270875, 6.229088198896035 ], [ -75.609920563536448, 6.229098029509835 ], [ -75.609933896913404, 6.229109591134061 ], [ -75.609934620591233, 6.229110220289055 ], [ -75.609934830195357, 6.229110397464393 ], [ -75.609949220474164, 6.229121045006389 ], [ -75.609958184304347, 6.229124391927194 ], [ -75.609966575360119, 6.22912752463762 ], [ -75.609984552532509, 6.229132160863072 ], [ -75.609990907377764, 6.229135939236759 ], [ -75.610000173128569, 6.229141443187411 ], [ -75.610009319720547, 6.229148000362955 ], [ -75.610015396367842, 6.229152354638138 ], [ -75.61002529633592, 6.229158200263907 ], [ -75.610031485848808, 6.229161854796797 ], [ -75.610179314151367, 6.229249307780886 ], [ -75.610182692187109, 6.229251857807772 ], [ -75.610194084813529, 6.229260453413503 ], [ -75.610198261489842, 6.2292633966322 ], [ -75.610209542942968, 6.229271345853472 ], [ -75.61022459980299, 6.229280375086404 ], [ -75.610224825664872, 6.229280509770013 ], [ -75.610233662089456, 6.22928350140658 ], [ -75.610242960165436, 6.22928664759537 ], [ -75.610247779821961, 6.229286771939567 ], [ -75.610261931634227, 6.229287135053789 ], [ -75.610280729552457, 6.229286487043305 ], [ -75.610300017995868, 6.229285586760799 ], [ -75.610318898888934, 6.229283334058223 ], [ -75.610337281911271, 6.229279959475411 ], [ -75.610355367537835, 6.22927453363473 ], [ -75.610372712220297, 6.229267310611674 ], [ -75.610390246556449, 6.229259389647342 ], [ -75.610397536805593, 6.229257080986379 ], [ -75.610408096374513, 6.229253736909364 ], [ -75.610408339386169, 6.229253698918423 ], [ -75.610408458633415, 6.229253679019099 ], [ -75.610426498405758, 6.229250816153447 ], [ -75.610441204830494, 6.229250308617644 ], [ -75.610441231029128, 6.229250308615383 ], [ -75.6104454336391, 6.229250163605011 ], [ -75.610464386076004, 6.229249963077955 ], [ -75.610473513168159, 6.229250306731458 ], [ -75.610483366597194, 6.229250676539406 ], [ -75.610494344753874, 6.229250966693813 ], [ -75.610502111311902, 6.22925117214521 ], [ -75.610521100887411, 6.229252119752718 ], [ -75.610537806620982, 6.229252561290759 ], [ -75.610538829273509, 6.229252588323696 ], [ -75.610539896187532, 6.229252555685693 ], [ -75.610540123843933, 6.229252547529573 ], [ -75.610558554985175, 6.229251962824224 ], [ -75.610577463056941, 6.229250623197609 ], [ -75.610586056041583, 6.229248683272451 ], [ -75.610595368119533, 6.229246581460435 ], [ -75.610604810867059, 6.229240740498152 ], [ -75.610611022321152, 6.229236896855742 ], [ -75.610613560481767, 6.229232312212979 ], [ -75.610620054920858, 6.22922057892695 ], [ -75.610627217387218, 6.229203193480497 ], [ -75.610628237040061, 6.229199877347367 ], [ -75.610629335266879, 6.229196308074235 ], [ -75.610632871987633, 6.22918477935908 ], [ -75.610637847279918, 6.229166941174505 ], [ -75.610640918094049, 6.229158284657312 ], [ -75.610644088257928, 6.229149347876888 ], [ -75.610650888780398, 6.229135676286962 ], [ -75.610652416165465, 6.229132604202464 ], [ -75.610654349526982, 6.229123135949557 ], [ -75.610654354945055, 6.229123108827673 ], [ -75.61065612756903, 6.229114424397531 ], [ -75.610657142549144, 6.229109314635314 ], [ -75.610659829898395, 6.22909578352934 ], [ -75.61066297123746, 6.229077395842975 ], [ -75.610662986588082, 6.229077312669314 ], [ -75.610663053406057, 6.229076923923266 ], [ -75.610663451668103, 6.229075333669875 ], [ -75.610667677221059, 6.229058481865437 ], [ -75.610670699137728, 6.229048524428547 ], [ -75.610673005765179, 6.229040925712571 ], [ -75.610674007917538, 6.229033740259307 ], [ -75.610675570734529, 6.229022547116617 ], [ -75.610677308667704, 6.229009697744449 ], [ -75.610678116693748, 6.229003723731131 ], [ -75.610679759273268, 6.228985145420791 ], [ -75.610680941726798, 6.228973588884164 ], [ -75.61068163675732, 6.228966803046354 ], [ -75.610683505185989, 6.228948215675931 ], [ -75.610684611099146, 6.228939530399511 ], [ -75.61068584340255, 6.228929855180549 ], [ -75.610687742074447, 6.228916243682693 ], [ -75.610688407467464, 6.228911475680561 ], [ -75.61068923415759, 6.228901958705039 ], [ -75.610689242280912, 6.228901874627955 ], [ -75.610690040993561, 6.228892680399674 ], [ -75.610690690546718, 6.228882351605235 ], [ -75.610690699567726, 6.228882201532636 ], [ -75.610691222820165, 6.228873896006557 ], [ -75.610691934860256, 6.228854901915294 ], [ -75.6106928264077, 6.228843223357532 ], [ -75.610693351590228, 6.228836340801412 ], [ -75.610694525286007, 6.228817556408994 ], [ -75.610694683028228, 6.228813485471234 ], [ -75.610695255413518, 6.228798788327929 ], [ -75.610696897992639, 6.228780219058009 ], [ -75.610701296897219, 6.228762238083431 ], [ -75.610701337539254, 6.228762111513308 ], [ -75.610707085266341, 6.22874466200126 ], [ -75.610711573718561, 6.228738386620599 ], [ -75.610717978953602, 6.228729429669734 ], [ -75.610732179353306, 6.22871728617962 ], [ -75.610746125837352, 6.228704456539442 ], [ -75.610757742386866, 6.228690883070692 ], [ -75.610758419868318, 6.228690091066542 ], [ -75.6107628604219, 6.228683615895198 ], [ -75.610768852820271, 6.228674875046866 ], [ -75.610771305744535, 6.22866668868713 ], [ -75.61077438905923, 6.22865639674688 ], [ -75.610776710015145, 6.228647384099552 ], [ -75.610779021940033, 6.228638406710835 ], [ -75.61078354553085, 6.2286206671053 ], [ -75.610783844455085, 6.228619501762596 ], [ -75.610789597488647, 6.228600789295395 ], [ -75.610796428373973, 6.228583180575855 ], [ -75.610797653841843, 6.228578046385781 ], [ -75.610799676699742, 6.228569318539122 ], [ -75.610800688130794, 6.228564979025061 ], [ -75.610803414419181, 6.228552590630496 ], [ -75.610803426159137, 6.228552541810933 ], [ -75.610804643461407, 6.228547006224642 ], [ -75.610805276404136, 6.228543085317314 ], [ -75.61080765016608, 6.228528392537359 ], [ -75.610808938616088, 6.228520316572533 ], [ -75.610810656850035, 6.228509542893768 ], [ -75.610812453480222, 6.228496473832602 ], [ -75.610813212759226, 6.22849094642258 ], [ -75.610814864387109, 6.228472604971373 ], [ -75.610815092677484, 6.228469500453781 ], [ -75.610815741455653, 6.228460682321949 ], [ -75.610816263003841, 6.228453583698768 ], [ -75.610816497217712, 6.22843547832722 ], [ -75.610816500736789, 6.228434390758259 ], [ -75.610816548793494, 6.228415631776866 ], [ -75.610817269882205, 6.228396863696416 ], [ -75.610817065872354, 6.228377897710179 ], [ -75.610816182488691, 6.228358732892717 ], [ -75.61081591948448, 6.228347015561218 ], [ -75.610815757146696, 6.228339775062168 ], [ -75.610815918782208, 6.228328539550809 ], [ -75.610816009474348, 6.228322196748501 ], [ -75.610816026537123, 6.22832102510198 ], [ -75.61081950304559, 6.228302844412295 ], [ -75.610820460367393, 6.228299602416077 ], [ -75.610824822503076, 6.228284826290618 ], [ -75.610829907077971, 6.228266827174331 ], [ -75.610837774213309, 6.228249866565797 ], [ -75.610845827477448, 6.228233239534311 ], [ -75.610845876251815, 6.228233133756552 ], [ -75.610857483687113, 6.228218785518037 ], [ -75.61086641783082, 6.228202919617146 ], [ -75.610879007466409, 6.228180561435309 ], [ -75.610887805156892, 6.228164251658826 ], [ -75.610895204290486, 6.228146859859773 ], [ -75.610904235076362, 6.228130773362323 ], [ -75.610916791154324, 6.228117311909967 ], [ -75.610927919705603, 6.228102068705055 ], [ -75.610938569436527, 6.228086617610859 ], [ -75.610940248632446, 6.22808405539484 ], [ -75.610948355561575, 6.228071675570353 ], [ -75.610948984243734, 6.228070715417461 ], [ -75.610949139609971, 6.228070503856877 ], [ -75.610959886963812, 6.228055707283828 ], [ -75.610962171493384, 6.228053792312602 ], [ -75.610974095490434, 6.228043791606356 ], [ -75.610991720315837, 6.228038149716846 ], [ -75.611000624988179, 6.228036624715317 ], [ -75.611010104213804, 6.22803500202633 ], [ -75.611027954887447, 6.228029350171351 ], [ -75.611038449722827, 6.228019550287075 ], [ -75.611041675498001, 6.228016537720006 ], [ -75.611054439310479, 6.228002606141715 ], [ -75.611058784246055, 6.227997866746669 ], [ -75.611066986327856, 6.227988918674806 ], [ -75.611077248899363, 6.227978102661151 ], [ -75.611079768247137, 6.227975446350242 ], [ -75.611093941436749, 6.227962391573294 ], [ -75.611105972154391, 6.227953809304613 ], [ -75.611109098623174, 6.227951577842519 ], [ -75.611113208920258, 6.227949652766185 ], [ -75.611125955358006, 6.227943684938544 ], [ -75.611128669115303, 6.227943076277035 ], [ -75.611134338736306, 6.227941807402072 ], [ -75.611144086220349, 6.227939625082014 ], [ -75.611152211994181, 6.227936198031124 ], [ -75.611161195965167, 6.227932408381958 ], [ -75.61117491658915, 6.227919814706543 ], [ -75.611189369967207, 6.22790834198487 ], [ -75.611197264373985, 6.22790381744041 ], [ -75.611205494828127, 6.227899100304307 ], [ -75.611222839473712, 6.227892102361029 ], [ -75.611240698291468, 6.22788668555038 ], [ -75.61125229699482, 6.227886286750612 ], [ -75.611259407626008, 6.227886042033042 ], [ -75.611260084286272, 6.227886207414191 ], [ -75.611273428678132, 6.227889476179601 ], [ -75.611277376616172, 6.227890443162915 ], [ -75.611286765949174, 6.227893954560312 ], [ -75.611294730575295, 6.227896931791013 ], [ -75.611300828042545, 6.227901805876638 ], [ -75.6113078849868, 6.227907445605675 ], [ -75.611309473302882, 6.227919333685235 ], [ -75.611310323960709, 6.227925702622176 ], [ -75.61132173619535, 6.227982795808226 ], [ -75.611321818441041, 6.227983209854558 ], [ -75.611328563468916, 6.228016904000207 ], [ -75.611330543553095, 6.228025287958683 ], [ -75.611332944744646, 6.228035074961178 ], [ -75.611332992626387, 6.228035093037904 ], [ -75.611341071086713, 6.228038110035959 ], [ -75.611350201138208, 6.228041519297732 ], [ -75.611368206371296, 6.228047067657087 ], [ -75.611383207800955, 6.22805259819958 ], [ -75.611385786185849, 6.228053549029916 ], [ -75.611391667495795, 6.228055609738984 ], [ -75.611403592733168, 6.228059793521837 ], [ -75.611421380269022, 6.228065577854859 ], [ -75.611431621522996, 6.228069219357327 ], [ -75.61143895193355, 6.228071824174394 ], [ -75.611455900396336, 6.228079696929067 ], [ -75.611472622127124, 6.228087804755458 ], [ -75.6114889111916, 6.228096608735796 ], [ -75.611505641957436, 6.228104716560344 ], [ -75.611515440522069, 6.22810807422951 ], [ -75.611523204570162, 6.228110735058005 ], [ -75.611535904800732, 6.228113494895196 ], [ -75.611541381312207, 6.228114685041029 ], [ -75.611560306525277, 6.228113570485396 ], [ -75.611573565484122, 6.228110940343481 ], [ -75.611578455498645, 6.228109969868266 ], [ -75.611596857503628, 6.228107275083299 ], [ -75.611615975079999, 6.228105477953089 ], [ -75.611634681690603, 6.228104596658301 ], [ -75.611672777017731, 6.228103282413612 ], [ -75.611691486358595, 6.228102629840482 ], [ -75.611707270502251, 6.228102086011908 ], [ -75.611710420645835, 6.228101977246729 ], [ -75.61172930149057, 6.228099723589635 ], [ -75.611736744397092, 6.228097468235394 ], [ -75.6117471612137, 6.228094308569859 ], [ -75.611759425801225, 6.228084566373085 ], [ -75.611762244199269, 6.228082226448836 ], [ -75.611762810582789, 6.22808168758645 ], [ -75.611775317089368, 6.228069788311448 ], [ -75.61179071912629, 6.228059427466929 ], [ -75.611797475430876, 6.228056972378456 ], [ -75.611808090932243, 6.228053115673742 ], [ -75.611909556127259, 6.228021719030328 ], [ -75.611925455130162, 6.228012487292408 ], [ -75.611940143397518, 6.228001231500531 ], [ -75.611943009578539, 6.227997813946917 ], [ -75.611951984798523, 6.227987109228843 ], [ -75.611955627597112, 6.227980261651211 ], [ -75.61196078243259, 6.227970573422696 ], [ -75.611969345184065, 6.227954056622345 ], [ -75.611977212278262, 6.22793709599682 ], [ -75.611980764726624, 6.227930139941429 ], [ -75.611985765973657, 6.227920343240724 ], [ -75.611990374561373, 6.227914130217707 ], [ -75.611996903544224, 6.227905326928273 ], [ -75.612004291796794, 6.227887933306534 ], [ -75.612009379505892, 6.227875182171976 ], [ -75.612011228350099, 6.227870546957409 ], [ -75.612013097975847, 6.227865949710957 ], [ -75.612018390731876, 6.227852927343873 ], [ -75.612026022941009, 6.227835985723586 ], [ -75.612034133988843, 6.227819468058494 ], [ -75.612038909496036, 6.227810925290775 ], [ -75.612043383316134, 6.227802923170138 ], [ -75.612052171890255, 6.227786162255549 ], [ -75.612054881649271, 6.227781263886166 ], [ -75.612061195387739, 6.22776985243931 ], [ -75.612071375251148, 6.227753724232978 ], [ -75.612076354008636, 6.227745033183022 ], [ -75.612080859458999, 6.227737170282492 ], [ -75.612088766802032, 6.227725876218891 ], [ -75.612091518203215, 6.227721946080038 ], [ -75.61209354246553, 6.227719102670826 ], [ -75.612102194131396, 6.227706946079507 ], [ -75.612111687411897, 6.227690845055248 ], [ -75.612121701364558, 6.227678270671925 ], [ -75.612123285747657, 6.227676279818389 ], [ -75.612134188426324, 6.227661271660491 ], [ -75.612145551836065, 6.227646246284206 ], [ -75.612152497365585, 6.227638403053556 ], [ -75.612157863913708, 6.227632340937045 ], [ -75.612170636742576, 6.227618644383183 ], [ -75.612175291890949, 6.227607834274901 ], [ -75.612178034038905, 6.227601467729503 ], [ -75.612181581912012, 6.22758381860413 ], [ -75.612181588228921, 6.227583741759561 ], [ -75.612181775747487, 6.227579402316699 ], [ -75.612181916386092, 6.227576144118363 ], [ -75.612182217962655, 6.227564276665116 ], [ -75.612181735166374, 6.227560012318244 ], [ -75.61217998036345, 6.227545407594707 ], [ -75.612177051685222, 6.227526767310142 ], [ -75.612176496616911, 6.227522500257598 ], [ -75.612174565629374, 6.227507646936885 ], [ -75.612172315380946, 6.227488753458305 ], [ -75.612170976658845, 6.227469830968526 ], [ -75.612169495493589, 6.22745419108651 ], [ -75.612169486450313, 6.227454087121905 ], [ -75.612169201610683, 6.227451077574652 ], [ -75.612169196185519, 6.227451024236359 ], [ -75.612167564262506, 6.227446709365804 ], [ -75.612162409179319, 6.227433328122599 ], [ -75.612156309646082, 6.227415481875349 ], [ -75.6121544879244, 6.227410213252072 ], [ -75.612150220071015, 6.227397863447002 ], [ -75.612145023913271, 6.227379755849094 ], [ -75.612142034450315, 6.227368320825123 ], [ -75.612140288488064, 6.227361639169405 ], [ -75.612139343273768, 6.227358730934545 ], [ -75.612134414784975, 6.22734355875348 ], [ -75.612128758799741, 6.227325462045148 ], [ -75.612125387481356, 6.227307064988595 ], [ -75.612122476915417, 6.227288883958027 ], [ -75.612121807843252, 6.22728264247678 ], [ -75.612120451615183, 6.227269982322668 ], [ -75.612118877992017, 6.227250834746056 ], [ -75.61211865214274, 6.227240726615706 ], [ -75.612118460756065, 6.227232111968069 ], [ -75.612117824938366, 6.227213842137242 ], [ -75.612117810443621, 6.227213390114994 ], [ -75.61211715740076, 6.227194441346338 ], [ -75.612116842670929, 6.227180442205244 ], [ -75.61211673110995, 6.227175483516914 ], [ -75.612116313874253, 6.227156761642973 ], [ -75.612118417150114, 6.227138400258213 ], [ -75.612121349397455, 6.227126261355393 ], [ -75.612122815069412, 6.227120192356041 ], [ -75.612128360319517, 6.227102166064578 ], [ -75.612131539916632, 6.227098112936774 ], [ -75.612168177544447, 6.227051420142892 ], [ -75.61217787950342, 6.227045498669029 ], [ -75.612184057501153, 6.227041727334863 ], [ -75.61220067928808, 6.227033615638206 ], [ -75.612217282964636, 6.227025035646258 ], [ -75.612233172878163, 6.227015578792146 ], [ -75.61224242956898, 6.22701086425992 ], [ -75.612249558855837, 6.227007232966913 ], [ -75.6122555148701, 6.227006287703055 ], [ -75.612267960798718, 6.22700431124272 ], [ -75.612280021129564, 6.227004041657641 ], [ -75.612286670121023, 6.227003893700727 ], [ -75.612305396628059, 6.227003701264251 ], [ -75.612324105930213, 6.227003059517253 ], [ -75.612343050134953, 6.22700263291167 ], [ -75.612348736106654, 6.227002505833668 ], [ -75.612361758553675, 6.227002214463049 ], [ -75.61238045880053, 6.227001336758577 ], [ -75.612382555577042, 6.227001238932758 ], [ -75.612399159048067, 6.227000467189863 ], [ -75.61240939175299, 6.226999609231732 ], [ -75.612417831227617, 6.22699890150675 ], [ -75.612422615584279, 6.22699850329504 ], [ -75.612436504311262, 6.226997344863371 ], [ -75.612455185524652, 6.226995780082171 ], [ -75.612458026675512, 6.226995403742444 ], [ -75.612473822389902, 6.226993309449121 ], [ -75.612486688304116, 6.226990299619921 ], [ -75.61249214921898, 6.226988943056627 ], [ -75.612493163711733, 6.226988693448098 ], [ -75.61249414838592, 6.22698837242254 ], [ -75.612499426782065, 6.226986656064891 ], [ -75.612510245551661, 6.226983136537273 ], [ -75.612528096173904, 6.226977485535588 ], [ -75.612546163590579, 6.226971606693846 ], [ -75.612556868514773, 6.226967901845899 ], [ -75.612563769351425, 6.226965512729993 ], [ -75.612579903214126, 6.226956497922429 ], [ -75.612588904077199, 6.226949986161619 ], [ -75.612594835396422, 6.22694569411382 ], [ -75.612605502683337, 6.226935374355695 ], [ -75.612608312906787, 6.226932655631932 ], [ -75.612619441384666, 6.226917413295382 ], [ -75.612621004019985, 6.226914734462479 ], [ -75.612621294869484, 6.226914242634546 ], [ -75.612628708808089, 6.226901555470914 ], [ -75.612633377476328, 6.226890573588416 ], [ -75.612636106059256, 6.226884152799038 ], [ -75.612638238182512, 6.22687532458621 ], [ -75.612640503958744, 6.226865945796594 ], [ -75.612643284741097, 6.226847340255711 ], [ -75.612646993466356, 6.22683044237578 ], [ -75.612647220125822, 6.22682941083753 ], [ -75.612647429627515, 6.226828454336739 ], [ -75.612654199958797, 6.226811486568007 ], [ -75.612654366146202, 6.22681106978725 ], [ -75.612660628988181, 6.226806535424077 ], [ -75.612668629852337, 6.226800744277981 ], [ -75.612684446478411, 6.226800200417228 ], [ -75.61268733824329, 6.22680010071009 ], [ -75.612702962766505, 6.22680310253889 ], [ -75.612705496838913, 6.226803585974444 ], [ -75.612706324383964, 6.226803954750663 ], [ -75.612722661169713, 6.226811216384241 ], [ -75.612732358751941, 6.22681694264335 ], [ -75.612738751531253, 6.226820717364316 ], [ -75.612754182478071, 6.22683093169688 ], [ -75.612769829335747, 6.226841127928455 ], [ -75.612778901687321, 6.226845961044914 ], [ -75.612785629610258, 6.226849544076909 ], [ -75.612786307191115, 6.22684990834638 ], [ -75.612786701089789, 6.226850101776701 ], [ -75.612803084033104, 6.226858265642601 ], [ -75.612815270426182, 6.226863440205449 ], [ -75.612820005312869, 6.226865450376087 ], [ -75.612837170551487, 6.226873088918501 ], [ -75.612848879144167, 6.226879322163137 ], [ -75.612853693580121, 6.226881883794973 ], [ -75.612869802055798, 6.226891844025328 ], [ -75.612885449800487, 6.226901815145668 ], [ -75.612891915744925, 6.226905456059156 ], [ -75.612891960013599, 6.226905480464398 ], [ -75.612901521155052, 6.226910861386822 ], [ -75.612904514273197, 6.226912657456031 ], [ -75.612917376640297, 6.226920370519248 ], [ -75.612925467906734, 6.226925220899386 ], [ -75.61293324025668, 6.226929879650456 ], [ -75.612949312515667, 6.226938918657694 ], [ -75.612959341651248, 6.22693473019794 ], [ -75.612972131463906, 6.226929389730423 ], [ -75.612977253259956, 6.226924263316625 ], [ -75.612986773295489, 6.226914723847992 ], [ -75.612989056940336, 6.226903220544577 ], [ -75.612988983752984, 6.226903086752279 ], [ -75.61298489520226, 6.226895631448589 ], [ -75.612961590917777, 6.226853143358867 ], [ -75.61296041570165, 6.226844347991752 ], [ -75.612968031126243, 6.2268420058159 ], [ -75.612970184885356, 6.226842670094256 ], [ -75.613002749653404, 6.226852733690172 ], [ -75.613027844578667, 6.226866606716052 ], [ -75.613034649308617, 6.226870368739191 ], [ -75.613042476852158, 6.226875974020926 ], [ -75.613049871640385, 6.226881269253889 ], [ -75.613056019596982, 6.226884987942436 ], [ -75.613065971065325, 6.226891005275403 ], [ -75.613081618813524, 6.226900974581832 ], [ -75.61308894033904, 6.226905301586502 ], [ -75.613097699246879, 6.226910475551873 ], [ -75.613112913429902, 6.226921150053721 ], [ -75.613127973020525, 6.226930595969264 ], [ -75.613129030957523, 6.22693124045812 ], [ -75.613144885552146, 6.226940838180404 ], [ -75.613161713170314, 6.226951137353743 ], [ -75.613162195610059, 6.226951417564203 ], [ -75.613177074450675, 6.226960072453673 ], [ -75.613208771791349, 6.226978080882134 ], [ -75.61321023175482, 6.226978883542252 ], [ -75.613211383641044, 6.22697948101189 ], [ -75.613226202770747, 6.226987170383143 ], [ -75.613243151225333, 6.226995043984458 ], [ -75.613248224907935, 6.226997262955088 ], [ -75.61325156219138, 6.226998722685265 ], [ -75.613260027364205, 6.227002432118568 ], [ -75.61327721875125, 6.227009405265608 ], [ -75.6132859241782, 6.227012569536065 ], [ -75.613295025306414, 6.227015876609516 ], [ -75.613299280468922, 6.227017631878587 ], [ -75.613312406425706, 6.227023045012179 ], [ -75.61332934582795, 6.227030691695735 ], [ -75.613334190010704, 6.227032500249225 ], [ -75.613346699783122, 6.227037171215874 ], [ -75.613353543293769, 6.227040171119637 ], [ -75.613363630131701, 6.227044592791433 ], [ -75.613380569555289, 6.227052456444645 ], [ -75.613385229492209, 6.227054775801207 ], [ -75.613397309371692, 6.227060790220153 ], [ -75.613406939151602, 6.227065869175382 ], [ -75.613413589382532, 6.227069377170605 ], [ -75.613425261842522, 6.227075523617256 ], [ -75.61342987842697, 6.227077954175206 ], [ -75.613446166589469, 6.22708675899925 ], [ -75.613462163013921, 6.227096203914995 ], [ -75.6134622551657, 6.227096260861479 ], [ -75.613477687058506, 6.227106698472433 ], [ -75.613493343876641, 6.227116904626159 ], [ -75.613509416150833, 6.227125942712291 ], [ -75.613524995252178, 6.22713586861764 ], [ -75.613525062107755, 6.227135913813831 ], [ -75.613534079513144, 6.22714236697477 ], [ -75.613540184173374, 6.227146740191767 ], [ -75.613540257353407, 6.227146792619751 ], [ -75.613555734463745, 6.227157714793496 ], [ -75.613561932173681, 6.227162081673333 ], [ -75.613571192600688, 6.227168608039031 ], [ -75.613573595755113, 6.227169874387283 ], [ -75.613587472616871, 6.227177185943647 ], [ -75.613595668411378, 6.227179039387744 ], [ -75.613605892376043, 6.227181351900377 ], [ -75.613614949852902, 6.227181478534662 ], [ -75.613624628867939, 6.227181611439712 ], [ -75.613643329119782, 6.227180741826905 ], [ -75.61365119588163, 6.227180468981773 ], [ -75.613662037522175, 6.227180089183986 ], [ -75.613674623632875, 6.227179809573911 ], [ -75.613674664285767, 6.227179809570153 ], [ -75.613680746849781, 6.227179673400657 ], [ -75.613699473362615, 6.227179481818752 ], [ -75.613718002137404, 6.227180438394297 ], [ -75.613729600133439, 6.227182349380465 ], [ -75.613736377525981, 6.227183465251238 ], [ -75.613745939278544, 6.22718553644189 ], [ -75.613754562382283, 6.22718740521275 ], [ -75.613757390085496, 6.227188145365433 ], [ -75.613768550932562, 6.227191086100875 ], [ -75.613773001178032, 6.227192258237677 ], [ -75.613775871347599, 6.227193069806048 ], [ -75.61379099642761, 6.22719734635531 ], [ -75.613808912164046, 6.227202278079558 ], [ -75.613809404527942, 6.227202409120737 ], [ -75.613809445182014, 6.227202421773627 ], [ -75.613827024997647, 6.227208895832748 ], [ -75.61384416128989, 6.227215849981443 ], [ -75.613844415154261, 6.227215953923304 ], [ -75.613844500980406, 6.227215990077222 ], [ -75.613861318381069, 6.227223023811092 ], [ -75.613878447425762, 6.227229748331383 ], [ -75.613891604063511, 6.227234667838009 ], [ -75.613895801395131, 6.227236237777984 ], [ -75.613912939473735, 6.2272429523518 ], [ -75.613922083053524, 6.227246086737498 ], [ -75.613930501181912, 6.227248972577513 ], [ -75.613935321866052, 6.227250626535614 ], [ -75.613948072828649, 6.227255000938144 ], [ -75.613966373529465, 6.227261154892925 ], [ -75.613966556925192, 6.22726121906321 ], [ -75.61398391089584, 6.227267699466439 ], [ -75.614001491619774, 6.227274179847994 ], [ -75.614018884409234, 6.227280357390684 ], [ -75.614018973848644, 6.227280389928052 ], [ -75.614036444426048, 6.227287592652328 ], [ -75.614049351023368, 6.227294639401125 ], [ -75.614058099069297, 6.227299415570844 ], [ -75.614072870661772, 6.227310560190756 ], [ -75.614088257400667, 6.227320972474746 ], [ -75.614088340517995, 6.22732102309363 ], [ -75.614104626072532, 6.22733072742446 ], [ -75.614121384943545, 6.22733973740245 ], [ -75.61413810759521, 6.227347846048337 ], [ -75.614155479681756, 6.227354787508254 ], [ -75.614174017498343, 6.227355753107413 ], [ -75.614184709827043, 6.227352645802744 ], [ -75.614191876288913, 6.227350563112693 ], [ -75.614196961309446, 6.227348347722137 ], [ -75.614208976917297, 6.227343112166454 ], [ -75.614225842641474, 6.227335444270324 ], [ -75.614234048561855, 6.227329589798019 ], [ -75.614241000649415, 6.227324631353539 ], [ -75.6142556970009, 6.227313609644632 ], [ -75.614277867781624, 6.227289877237619 ], [ -75.614287267599394, 6.227279814313503 ], [ -75.614291513424774, 6.227278267995453 ], [ -75.61429344727415, 6.227284451496519 ], [ -75.61429305445121, 6.227315106866263 ], [ -75.614293044586589, 6.227315885251736 ], [ -75.614293753464793, 6.227332121871196 ], [ -75.614293754370976, 6.227332151704665 ], [ -75.614293903732985, 6.227335375522624 ], [ -75.614298403424527, 6.227353274329724 ], [ -75.614304652399653, 6.227364769607385 ], [ -75.61430718596327, 6.227369428828829 ], [ -75.614310372748847, 6.227374785009388 ], [ -75.614310388109146, 6.227374812129363 ], [ -75.614316646027376, 6.227385330131132 ], [ -75.614323413199457, 6.227402696241866 ], [ -75.614326107048797, 6.227421118661187 ], [ -75.614330155969526, 6.227439263411061 ], [ -75.614338514000664, 6.22745634911793 ], [ -75.61434270546151, 6.227462727681401 ], [ -75.614348641632787, 6.227471761267619 ], [ -75.614359476199738, 6.227482616049421 ], [ -75.614361651786595, 6.227484795502988 ], [ -75.614377119026841, 6.227496148884035 ], [ -75.614383932798617, 6.227499805115415 ], [ -75.614394337758881, 6.227505387534141 ], [ -75.614403553708044, 6.227509483810818 ], [ -75.614411503040159, 6.227513016080827 ], [ -75.614415400424789, 6.227514345568295 ], [ -75.614429761302475, 6.227519243251338 ], [ -75.614441848996051, 6.227521641457258 ], [ -75.614448388817678, 6.227522938150617 ], [ -75.614459010964325, 6.227522829571202 ], [ -75.614467116245876, 6.227522747445432 ], [ -75.61447779705226, 6.227521987042173 ], [ -75.6144857974937, 6.227521415836493 ], [ -75.614504705493701, 6.227520076973191 ], [ -75.614523631604854, 6.227519199171526 ], [ -75.614533287082935, 6.227518746239605 ], [ -75.614542556811628, 6.227518311424751 ], [ -75.614551223102481, 6.227518219300378 ], [ -75.614561510088265, 6.227518110750447 ], [ -75.614570296643322, 6.227519212860653 ], [ -75.614580093209568, 6.227520441442188 ], [ -75.614597474363705, 6.227527617938946 ], [ -75.614612697650216, 6.227538519312525 ], [ -75.614627025736837, 6.227550134967256 ], [ -75.61464268258942, 6.227560331142365 ], [ -75.614651475712336, 6.227564016113154 ], [ -75.61465982976641, 6.227567516699605 ], [ -75.614676976018302, 6.227574467204128 ], [ -75.614694141305904, 6.22758209574162 ], [ -75.614711088898005, 6.227589968391824 ], [ -75.614726944436256, 6.227599477469879 ], [ -75.61473568543947, 6.227606090652731 ], [ -75.614741959989303, 6.227610839019322 ], [ -75.614751717494016, 6.227619337948107 ], [ -75.614755845460635, 6.227622932953291 ], [ -75.614758536926033, 6.227625492056242 ], [ -75.614769307304599, 6.227635724851297 ], [ -75.614781667114798, 6.22764970025082 ], [ -75.614783834607039, 6.227652234993917 ], [ -75.614793809227848, 6.227663900778368 ], [ -75.614806602604986, 6.227677180924082 ], [ -75.61481184182864, 6.227681580425608 ], [ -75.614820714809454, 6.227689029838131 ], [ -75.614836587560035, 6.227698991838856 ], [ -75.614853084385132, 6.227707107715843 ], [ -75.614870673286433, 6.227713814983488 ], [ -75.61487766402162, 6.227716319435733 ], [ -75.614888714767673, 6.227720277210897 ], [ -75.614906530421976, 6.227726974511342 ], [ -75.614922845774672, 6.227736239447209 ], [ -75.614932684702623, 6.22774592266662 ], [ -75.614936081798007, 6.227749264606528 ], [ -75.614947998994552, 6.227763711052674 ], [ -75.614959472646035, 6.227778400729309 ], [ -75.614962091847403, 6.227781024025425 ], [ -75.614972482822509, 6.227791434949618 ], [ -75.614981815636895, 6.227798878891498 ], [ -75.614987045807624, 6.227803050572279 ], [ -75.615110922646394, 6.227851559003568 ], [ -75.615127200857273, 6.227859667660417 ], [ -75.615127423103786, 6.227859777028955 ], [ -75.615127654384708, 6.227859890916869 ], [ -75.615144159371638, 6.227868235507893 ], [ -75.61516003303791, 6.227878205635231 ], [ -75.615165170052492, 6.227881239127828 ], [ -75.615176122572294, 6.227887704732977 ], [ -75.615189801226592, 6.227900261547354 ], [ -75.615195243820054, 6.227905707912227 ], [ -75.615203045412841, 6.227913513615023 ], [ -75.615209121424712, 6.227920382889479 ], [ -75.615215405240974, 6.227927488100336 ], [ -75.615227981840832, 6.227940993364238 ], [ -75.615237350018461, 6.227949743646282 ], [ -75.615241668649787, 6.227953775284219 ], [ -75.615247408403249, 6.227958598731747 ], [ -75.615255780872459, 6.2279656350352 ], [ -75.61527099510721, 6.227976074422589 ], [ -75.61527472998084, 6.227978402891266 ], [ -75.615286632970495, 6.227985819460907 ], [ -75.615296369225078, 6.227989205091276 ], [ -75.615303969773493, 6.227991847798822 ], [ -75.615312539348494, 6.227991129166551 ], [ -75.61532241703479, 6.227990300115364 ], [ -75.615333298099188, 6.227986346581303 ], [ -75.61534035156005, 6.227983424026705 ], [ -75.615340818572747, 6.227982956589702 ], [ -75.61535281366335, 6.227970960545752 ], [ -75.615360680649971, 6.227954008006193 ], [ -75.615369216126382, 6.227936794132952 ], [ -75.615377787803922, 6.227920268235949 ], [ -75.615382636563282, 6.22791308602183 ], [ -75.615388211552272, 6.22790482611402 ], [ -75.615390637048932, 6.227903471619327 ], [ -75.615394860213271, 6.227901110748132 ], [ -75.615400194499117, 6.227898131402323 ], [ -75.615404345395419, 6.227895812124142 ], [ -75.615422231359787, 6.227891309160972 ], [ -75.615440651426994, 6.227888838443902 ], [ -75.615459342644456, 6.227887734619407 ], [ -75.615476341845422, 6.22788714987951 ], [ -75.615476912791621, 6.227887129935734 ], [ -75.615478051070397, 6.227887090048527 ], [ -75.615496751365001, 6.227886438245387 ], [ -75.615511774839021, 6.227885921497375 ], [ -75.615515459790842, 6.227885793673178 ], [ -75.615534178175949, 6.227885377823267 ], [ -75.615553131487019, 6.227885403125116 ], [ -75.615571677477035, 6.227886594686167 ], [ -75.615587779889978, 6.227889004232799 ], [ -75.615589016660834, 6.227889189443617 ], [ -75.615590269693115, 6.227889377365009 ], [ -75.615594246543751, 6.227890301823035 ], [ -75.615608229663792, 6.227893552336503 ], [ -75.615615462522356, 6.227896125463276 ], [ -75.615625809503413, 6.227899806652254 ], [ -75.615639618654399, 6.227907081999287 ], [ -75.61564208957553, 6.227908384493484 ], [ -75.615644036497258, 6.227909395030862 ], [ -75.615658603627637, 6.227916953271226 ], [ -75.615669498906115, 6.227919942810562 ], [ -75.615676355884929, 6.22792182437665 ], [ -75.615682500865333, 6.227922456618104 ], [ -75.615694695065059, 6.227923712069544 ], [ -75.61570381769728, 6.227924852098496 ], [ -75.615713277301367, 6.227926033680997 ], [ -75.615731038616062, 6.227931139835954 ], [ -75.615732590718878, 6.227931798736728 ], [ -75.615747959066752, 6.227938325379683 ], [ -75.615764672683909, 6.227945972006832 ], [ -75.615782950035438, 6.227953101367684 ], [ -75.615784082033116, 6.227953503559454 ], [ -75.615799381619098, 6.227958941734842 ], [ -75.615807404011477, 6.227961112481848 ], [ -75.615816158175917, 6.227963478432277 ], [ -75.615828505762167, 6.22796273592174 ], [ -75.615836695930184, 6.227962243329361 ], [ -75.615837938035767, 6.227961537148643 ], [ -75.615843529742236, 6.227958078628535 ], [ -75.615843948635913, 6.227955138626924 ], [ -75.615844396418666, 6.22795199430788 ], [ -75.61584488744127, 6.227938201213918 ], [ -75.61584526224047, 6.227927676261428 ], [ -75.615850465231759, 6.227921591521974 ], [ -75.615860004137474, 6.22792072271537 ], [ -75.615914111059993, 6.227954519806688 ], [ -75.615914293571635, 6.227954779250556 ], [ -75.615924926232722, 6.227969914682748 ], [ -75.61593131501526, 6.2279786950742 ], [ -75.615935957295648, 6.22798507358141 ], [ -75.615940574444636, 6.227993146275267 ], [ -75.615950649268385, 6.228013061457913 ], [ -75.615981075301448, 6.228083177309419 ], [ -75.615995556404698, 6.228116550613644 ], [ -75.615995680198026, 6.228116836280535 ], [ -75.615995803991353, 6.228117121947426 ], [ -75.61599826720753, 6.228122806356976 ], [ -75.615999837104653, 6.2281393086806 ], [ -75.615999946527012, 6.228140456809814 ], [ -75.616001926474695, 6.228155998995693 ], [ -75.616001935516024, 6.228156074934775 ], [ -75.616002552996733, 6.228160820218168 ], [ -75.616002968793183, 6.228163226751258 ], [ -75.616005698584928, 6.228179000300541 ], [ -75.616009529872727, 6.228197379206822 ], [ -75.61601479394173, 6.228215648584553 ], [ -75.616014868939359, 6.228215808593622 ], [ -75.616014885204152, 6.228215845657977 ], [ -75.616022613576988, 6.228232354617147 ], [ -75.616023581284892, 6.228234081253319 ], [ -75.616027755714725, 6.22824156545466 ], [ -75.616031622935637, 6.228248500025109 ], [ -75.616034084565015, 6.228256447264527 ], [ -75.616036889594255, 6.228265510064761 ], [ -75.616036912184313, 6.228265562497304 ], [ -75.616044905324046, 6.228282788339831 ], [ -75.616047295991109, 6.228285596078325 ], [ -75.61605681348432, 6.228296772793748 ], [ -75.616066391190031, 6.228304689509335 ], [ -75.616071150680142, 6.228308623460641 ], [ -75.616085162528194, 6.228319188603737 ], [ -75.616085356768579, 6.228319286221978 ], [ -75.616094919719913, 6.228324098440748 ], [ -75.616102428240438, 6.228327876628878 ], [ -75.616120640345173, 6.228332738634252 ], [ -75.616136588294296, 6.228335162643892 ], [ -75.616139006730833, 6.228335530356164 ], [ -75.616157363135429, 6.228337870054857 ], [ -75.616168329707762, 6.228339970898671 ], [ -75.616168440828019, 6.228339992585001 ], [ -75.616175251684624, 6.228341296462995 ], [ -75.616175521806213, 6.228341348871471 ], [ -75.616176888218263, 6.228346209799893 ], [ -75.616178384764723, 6.228351532683723 ], [ -75.616159253208764, 6.228358155783993 ], [ -75.616140310345898, 6.228363572866416 ], [ -75.616120896637881, 6.228367199980624 ], [ -75.616116941734163, 6.228369059085447 ], [ -75.616103217910862, 6.22837550988968 ], [ -75.616092961042114, 6.228378933607444 ], [ -75.61608463648281, 6.228381712551948 ], [ -75.616065168450689, 6.228384110165328 ], [ -75.61605779585669, 6.228384639747898 ], [ -75.616057731715742, 6.228384644274355 ], [ -75.616045609982166, 6.228385513334949 ], [ -75.616026775456021, 6.228390216205585 ], [ -75.616016123242787, 6.228397210042157 ], [ -75.616010443025885, 6.228400939786797 ], [ -75.615991745463532, 6.2284113435639 ], [ -75.615991608154019, 6.228411418613106 ], [ -75.615973722889265, 6.228423290483384 ], [ -75.615958086334103, 6.228436696303335 ], [ -75.615957603958265, 6.228437106787406 ], [ -75.615954544427325, 6.228440048852769 ], [ -75.615941844716417, 6.228452339697929 ], [ -75.615910590037018, 6.228482952851731 ], [ -75.615900867303708, 6.228488753253929 ], [ -75.615891340596633, 6.228494436110875 ], [ -75.615872460637263, 6.228505828928905 ], [ -75.615862025396723, 6.228514492516386 ], [ -75.615855396778585, 6.228519996091378 ], [ -75.61583763725838, 6.228533721241443 ], [ -75.615824674270499, 6.228542042438405 ], [ -75.61581907444031, 6.228545637470206 ], [ -75.615809483469022, 6.228550065514509 ], [ -75.615798938549474, 6.228554933017569 ], [ -75.615783763990933, 6.228562774377899 ], [ -75.615779200240993, 6.228565132572912 ], [ -75.615771613143863, 6.228570947231496 ], [ -75.615761586142881, 6.22857863079057 ], [ -75.615756502434834, 6.228585150364299 ], [ -75.615747874222208, 6.228596215828445 ], [ -75.615734180463335, 6.228614785371504 ], [ -75.615721706305976, 6.228633482267351 ], [ -75.615709654146045, 6.228643933308695 ], [ -75.615704064371712, 6.22864877953949 ], [ -75.615686233605899, 6.22866386980243 ], [ -75.615672972868026, 6.228676120917057 ], [ -75.615665281745947, 6.22868057047301 ], [ -75.615660533738179, 6.22868331742498 ], [ -75.615650384304445, 6.228686108290835 ], [ -75.615646422998907, 6.22868719714462 ], [ -75.615638627456107, 6.228695542249164 ], [ -75.615627814451983, 6.228702802787249 ], [ -75.615627600358707, 6.228702933894667 ], [ -75.615627356455121, 6.228703084893986 ], [ -75.615616803558638, 6.228709602280123 ], [ -75.615605430373634, 6.228716111608471 ], [ -75.615594102389693, 6.22872294729323 ], [ -75.615586534990982, 6.228726968317821 ], [ -75.615582376851194, 6.228729177304388 ], [ -75.615578526759606, 6.228731268735207 ], [ -75.615570976533078, 6.228735371122164 ], [ -75.615565528304629, 6.228737237598665 ], [ -75.615558727730203, 6.22873956707709 ], [ -75.615553472845107, 6.228741598071473 ], [ -75.61554667681591, 6.228744223172709 ], [ -75.615537025408585, 6.228749670078936 ], [ -75.615535512294869, 6.228750524548682 ], [ -75.615535227740821, 6.228750702673273 ], [ -75.615524608018006, 6.228757505742863 ], [ -75.615520846510066, 6.228760127840404 ], [ -75.615513984738982, 6.228764910907944 ], [ -75.615503283729566, 6.228771922819782 ], [ -75.615503218688545, 6.228771962604095 ], [ -75.615491736148755, 6.228778047942393 ], [ -75.615482413324131, 6.228780843245975 ], [ -75.615479278614629, 6.228781782851475 ], [ -75.615471772090189, 6.228789440850049 ], [ -75.61546694827301, 6.228793005066118 ], [ -75.615461139819047, 6.228797298038476 ], [ -75.615450372009846, 6.228804865944609 ], [ -75.615436424128561, 6.228811366475555 ], [ -75.615435015790112, 6.22881202385271 ], [ -75.615422477151313, 6.228817876950567 ], [ -75.615407553396395, 6.228822281088997 ], [ -75.615396680348269, 6.228825212146553 ], [ -75.615392521199496, 6.228826332659017 ], [ -75.615387197597272, 6.22882776517914 ], [ -75.615377300195959, 6.228830429449028 ], [ -75.615364873307286, 6.228833451059318 ], [ -75.615362168589058, 6.228834109464339 ], [ -75.615359023009987, 6.228834753446761 ], [ -75.615346874317254, 6.228837238930091 ], [ -75.615331589080157, 6.228840377435007 ], [ -75.615323292411816, 6.228842075124503 ], [ -75.61531629571131, 6.228843505995736 ], [ -75.615298074241991, 6.228844756225907 ], [ -75.615279925106535, 6.228846655554357 ], [ -75.615261803998749, 6.228848789931751 ], [ -75.615253890298632, 6.228849719143563 ], [ -75.61524368198674, 6.228850917076231 ], [ -75.615226853649844, 6.228853103763783 ], [ -75.615226046923055, 6.228853207806162 ], [ -75.615221351245665, 6.228855292986711 ], [ -75.615208026693963, 6.228861660557238 ], [ -75.615186164817885, 6.228866045461984 ], [ -75.61516991239553, 6.228872952122707 ], [ -75.61516588972458, 6.228874757888077 ], [ -75.61516191783582, 6.228878579673602 ], [ -75.615150004879268, 6.228890043221646 ], [ -75.615140710783507, 6.228909985577721 ], [ -75.615138951534021, 6.228925531739128 ], [ -75.615138219491186, 6.228932000265814 ], [ -75.615139359010627, 6.228954482904517 ], [ -75.615144528509845, 6.228976007773523 ], [ -75.615149361269232, 6.228990434096755 ], [ -75.615151586073267, 6.228997071398607 ], [ -75.615162316649432, 6.229015869131624 ], [ -75.6151623907393, 6.229015984842594 ], [ -75.615163934870367, 6.22901828730342 ], [ -75.615163961072682, 6.22901832617495 ], [ -75.615175456619724, 6.22903491163157 ], [ -75.615188583731225, 6.229051725656318 ], [ -75.615188793345794, 6.229051994138325 ], [ -75.615188925257115, 6.229052149621849 ], [ -75.615203690293072, 6.22906957010568 ], [ -75.615218299878592, 6.229086292679571 ], [ -75.615223087485305, 6.229091385624218 ], [ -75.615233694487813, 6.229102672544302 ], [ -75.615250325710221, 6.22911754434 ], [ -75.615250477494683, 6.229117681740672 ], [ -75.615266978641486, 6.229132691867467 ], [ -75.615274570601713, 6.229139838538893 ], [ -75.615283384973083, 6.229148131425172 ], [ -75.615291893134284, 6.229156870035777 ], [ -75.615299033412512, 6.229164203887745 ], [ -75.615307343670906, 6.229172329573077 ], [ -75.615314888677389, 6.229179706780417 ], [ -75.615331052026292, 6.229195453735875 ], [ -75.615339255645594, 6.22920317351375 ], [ -75.615386623396006, 6.229247492603599 ], [ -75.615391224818424, 6.229251677901257 ], [ -75.615403274527978, 6.229262634702654 ], [ -75.615419828965088, 6.229277443217065 ], [ -75.615434298994842, 6.22928951809222 ], [ -75.615436906424634, 6.229291751742814 ], [ -75.615455123862489, 6.229304857776119 ], [ -75.615473273595484, 6.229318479122132 ], [ -75.615490141493908, 6.229333050743951 ], [ -75.615507505303441, 6.229347025646571 ], [ -75.61551823229226, 6.229356461965022 ], [ -75.615518256686101, 6.229356482755763 ], [ -75.615524102185887, 6.229361624414715 ], [ -75.615528007961672, 6.22936550059383 ], [ -75.615537105176074, 6.229374530247114 ], [ -75.615537217208683, 6.229374643242248 ], [ -75.615539993625404, 6.229377398511282 ], [ -75.615555885968405, 6.229393163566812 ], [ -75.615568914311922, 6.229406658834701 ], [ -75.615581499131167, 6.229420625153415 ], [ -75.615593190533801, 6.229435079743115 ], [ -75.61560510778574, 6.229449516229908 ], [ -75.615616590549038, 6.229464440943634 ], [ -75.615624304795304, 6.229474891890407 ], [ -75.61562761348236, 6.229479373837752 ], [ -75.615639973357901, 6.229493340176703 ], [ -75.615652368470833, 6.229507349002191 ], [ -75.615654292889033, 6.22950914606267 ], [ -75.615665785189762, 6.229519880516118 ], [ -75.615675825420922, 6.229527457272579 ], [ -75.615680556878644, 6.229531025995079 ], [ -75.615695978001838, 6.229541005190335 ], [ -75.615705495900613, 6.229546845322054 ], [ -75.615711842672312, 6.229550739345659 ], [ -75.615726396665835, 6.22956211989655 ], [ -75.615735438604574, 6.22956933151303 ], [ -75.615740960620016, 6.22957373549832 ], [ -75.615755091009007, 6.229586047257755 ], [ -75.615761234743843, 6.229592306287542 ], [ -75.615768109402438, 6.229599308373489 ], [ -75.615779604510394, 6.229611005634347 ], [ -75.615781363606175, 6.229612795477929 ], [ -75.615781846977711, 6.229613330627187 ], [ -75.615782308665331, 6.229613842273315 ], [ -75.615793958372535, 6.22962675275015 ], [ -75.61580257076497, 6.229638851685522 ], [ -75.615804754583067, 6.229641920714688 ], [ -75.615809396110436, 6.229649722193214 ], [ -75.615809411470892, 6.229649749313146 ], [ -75.615814214733476, 6.229657821990152 ], [ -75.615824117527879, 6.229673479129998 ], [ -75.615826441340857, 6.229676209127899 ], [ -75.615836024811401, 6.229687472629461 ], [ -75.615849694471464, 6.229699792567272 ], [ -75.615850180543319, 6.229700223750791 ], [ -75.615863599016748, 6.229712113386083 ], [ -75.615877285887279, 6.229724895289583 ], [ -75.615886575643245, 6.229735009774751 ], [ -75.615890106509383, 6.229738852537683 ], [ -75.615902945266541, 6.229753496859511 ], [ -75.615903225354359, 6.229753840370327 ], [ -75.615915340499399, 6.229768611328408 ], [ -75.615927068164979, 6.229784204102502 ], [ -75.615931397916782, 6.229790919849553 ], [ -75.615937449811057, 6.229800304176983 ], [ -75.615941850983106, 6.229807549688634 ], [ -75.615947378876868, 6.229816648387768 ], [ -75.615954873026553, 6.229830428956463 ], [ -75.615956405468964, 6.229833245818903 ], [ -75.615957866523487, 6.229835864701932 ], [ -75.615965413949795, 6.229849390324039 ], [ -75.615973819878121, 6.22986570304012 ], [ -75.615973917463052, 6.229865883840091 ], [ -75.615983890766046, 6.229881898068717 ], [ -75.615995356339425, 6.229896352671379 ], [ -75.616007489482186, 6.229910336200583 ], [ -75.61601451135985, 6.229916894381934 ], [ -75.616020942359185, 6.229922901151723 ], [ -75.616027900872396, 6.229928151182889 ], [ -75.616035714066911, 6.229934046620743 ], [ -75.616043111685698, 6.229939830900977 ], [ -75.616050268078027, 6.229945427162701 ], [ -75.616061026818699, 6.229956007990666 ], [ -75.616063513219032, 6.22995845319692 ], [ -75.616075873118263, 6.229972428566133 ], [ -75.616087328758638, 6.229986882263713 ], [ -75.616093678088177, 6.229998441697806 ], [ -75.616094990963575, 6.230000830966873 ], [ -75.616104566441535, 6.230013398100253 ], [ -75.616114560161691, 6.230025618038766 ], [ -75.616121008677752, 6.230035230145456 ], [ -75.616123468998566, 6.230038897625632 ], [ -75.61612901662302, 6.230046452208509 ], [ -75.61613282948538, 6.230051642876649 ], [ -75.616143897266824, 6.230062978552238 ], [ -75.616150437625677, 6.23006944456575 ], [ -75.616155180944432, 6.230074133397197 ], [ -75.616162319672043, 6.230083854826018 ], [ -75.616164541432724, 6.230086879551699 ], [ -75.61617304375649, 6.230100321905711 ], [ -75.616180705965377, 6.230114270607626 ], [ -75.6161885750371, 6.230128046616324 ], [ -75.616197077362159, 6.230141488969945 ], [ -75.616202546480793, 6.230149950318922 ], [ -75.616205778438029, 6.230154949385043 ], [ -75.616214216679452, 6.230168979375238 ], [ -75.616223143570821, 6.230182068204729 ], [ -75.616226781001785, 6.230185477012431 ], [ -75.616234663005656, 6.230192861406213 ], [ -75.616247519317213, 6.230202009111607 ], [ -75.616260383760732, 6.23021116585637 ], [ -75.616268092826203, 6.230214547145946 ], [ -75.616274893029612, 6.230217528935108 ], [ -75.616294487583545, 6.230224198894052 ], [ -75.616309276834173, 6.230229802545007 ], [ -75.61632389264426, 6.230235534587142 ], [ -75.616323970339906, 6.230235565317169 ], [ -75.616323624620875, 6.230247764562386 ], [ -75.616307833386884, 6.230250324554757 ], [ -75.61629207825105, 6.230252495802887 ], [ -75.616276242596925, 6.230253481852646 ], [ -75.616259918101647, 6.230253438239878 ], [ -75.616228218824759, 6.230255791847584 ], [ -75.616223389243146, 6.230255899899077 ], [ -75.616212047947428, 6.230256155039583 ], [ -75.616195922202465, 6.230256129486445 ], [ -75.616186094068539, 6.230255992122812 ], [ -75.616179815409652, 6.230255905040614 ], [ -75.616163517997094, 6.230255662531868 ], [ -75.616147374202427, 6.230255825924846 ], [ -75.616131637115402, 6.230257807316542 ], [ -75.616122100268925, 6.230261709205854 ], [ -75.616114119932021, 6.230265058571111 ], [ -75.616112786572202, 6.230265707806371 ], [ -75.616099288561827, 6.230272275210643 ], [ -75.616083832102873, 6.230280178082158 ], [ -75.616076867126367, 6.230282866489906 ], [ -75.616067554293281, 6.230286461884535 ], [ -75.616050317690906, 6.230289835651775 ], [ -75.616039541096882, 6.230290871830508 ], [ -75.616032900243198, 6.230291509827441 ], [ -75.616021896883822, 6.230292431213812 ], [ -75.616014554083705, 6.230293045773314 ], [ -75.615999855362219, 6.23029871828476 ], [ -75.615991460307001, 6.230301499042708 ], [ -75.615984163754703, 6.230303917171268 ], [ -75.615978079523103, 6.230305858749522 ], [ -75.615968210149589, 6.230309008501067 ], [ -75.615962075320056, 6.230310875048124 ], [ -75.615952365829727, 6.230313828605675 ], [ -75.615942007674775, 6.230316563446413 ], [ -75.615936475375747, 6.23031802492178 ], [ -75.615920069917152, 6.23032155229236 ], [ -75.615911198637576, 6.230322985160869 ], [ -75.615903728514326, 6.230324192786035 ], [ -75.615887747553543, 6.23032667141994 ], [ -75.615871656365115, 6.230329022593367 ], [ -75.615871513629259, 6.230329041592149 ], [ -75.615860384543566, 6.230337748640892 ], [ -75.615853061850885, 6.23034078242623 ], [ -75.615845172747029, 6.230344051318415 ], [ -75.615837558990961, 6.230345349361228 ], [ -75.615829092436201, 6.230346791229747 ], [ -75.615815950751767, 6.230348040083307 ], [ -75.615812713888147, 6.230348347771725 ], [ -75.615806089223696, 6.230348248965856 ], [ -75.615796453512417, 6.230348105248066 ], [ -75.61579193021791, 6.230348570364667 ], [ -75.615780345994708, 6.230349761208071 ], [ -75.615764048918081, 6.23035303543016 ], [ -75.615754764868413, 6.230355362438416 ], [ -75.615748068102846, 6.230357041899411 ], [ -75.615740633322758, 6.230359405795097 ], [ -75.615732305104004, 6.230362050935417 ], [ -75.615698820884376, 6.230366387258592 ], [ -75.615666222891704, 6.230370609584423 ], [ -75.615648638173113, 6.230370853560998 ], [ -75.615648389737416, 6.23037085539299 ], [ -75.615639258314033, 6.230372682446488 ], [ -75.61563107273534, 6.230374318654931 ], [ -75.615626489913993, 6.230375805349054 ], [ -75.61561404411664, 6.230379844020005 ], [ -75.615600713937667, 6.230384406218934 ], [ -75.615597187167609, 6.230385613460752 ], [ -75.615580331122473, 6.230391391941341 ], [ -75.615563385719497, 6.230397998537112 ], [ -75.615563328807099, 6.230398019335661 ], [ -75.615545108538313, 6.23040292102046 ], [ -75.615537983528966, 6.230404294047934 ], [ -75.615526516843943, 6.230406502831511 ], [ -75.615507501257497, 6.23040804153614 ], [ -75.615502557819624, 6.230407879281878 ], [ -75.615488565866841, 6.230407419559832 ], [ -75.615469577104491, 6.230406056269342 ], [ -75.615465542468897, 6.230405670627979 ], [ -75.615450713872875, 6.23040424998306 ], [ -75.615431670024677, 6.230403111804212 ], [ -75.615417615753245, 6.230402819334968 ], [ -75.615412672321099, 6.230402715842925 ], [ -75.615397738061091, 6.230401650497142 ], [ -75.615393682656475, 6.230401360686213 ], [ -75.61537478402937, 6.230397846655643 ], [ -75.615363764916651, 6.230394663655982 ], [ -75.615356354095951, 6.23039252358133 ], [ -75.615338041561273, 6.230386739431127 ], [ -75.615319323969416, 6.23038693107031 ], [ -75.615300596418564, 6.230386896698003 ], [ -75.61528185983282, 6.230386853285425 ], [ -75.615271701954796, 6.230386718648393 ], [ -75.615262898279838, 6.230386601962827 ], [ -75.615259649633913, 6.230386516388489 ], [ -75.615244152616995, 6.230386106526227 ], [ -75.615225444102151, 6.230386749280714 ], [ -75.615221228866091, 6.23038720170637 ], [ -75.615206554135057, 6.230388776147944 ], [ -75.615188170201833, 6.23039214999643 ], [ -75.615170049245592, 6.230396436906784 ], [ -75.615158994603192, 6.230399613877549 ], [ -75.615151954574557, 6.230401635997531 ], [ -75.615134329714166, 6.230407269889574 ], [ -75.615127921226161, 6.230409943767047 ], [ -75.615116994997976, 6.230414503916765 ], [ -75.615100373150653, 6.230422623841706 ], [ -75.615087045381244, 6.230433587584909 ], [ -75.615086484411378, 6.230434045990155 ], [ -75.615073862460164, 6.230447755256909 ], [ -75.615072885982045, 6.230448816701072 ], [ -75.61506129563648, 6.23046168148942 ], [ -75.6150557701216, 6.230468032041598 ], [ -75.615048992626171, 6.230475821051668 ], [ -75.615042936041334, 6.230483556654347 ], [ -75.61503740426997, 6.230490621404135 ], [ -75.615034015097976, 6.230494807464291 ], [ -75.615025787864724, 6.230504969735462 ], [ -75.61501465030365, 6.230519750155559 ], [ -75.615004922156146, 6.230535636091154 ], [ -75.614994724217539, 6.230551303291782 ], [ -75.614993241932098, 6.230553408054179 ], [ -75.614983839671964, 6.230566762626569 ], [ -75.614952561075299, 6.230632877655316 ], [ -75.614952487920263, 6.230633095537605 ], [ -75.614937335773647, 6.230678011842851 ], [ -75.614937337134577, 6.230711448024561 ], [ -75.61493369690065, 6.230716547195451 ], [ -75.614926304348018, 6.230716547896549 ], [ -75.614925700874423, 6.230716548857824 ], [ -75.614875578772725, 6.230684107358269 ], [ -75.614867529130493, 6.230680772187009 ], [ -75.614855442019149, 6.230675764006804 ], [ -75.614801966727882, 6.230636263114014 ], [ -75.614782236632706, 6.230629230589577 ], [ -75.614764791824413, 6.230628328191747 ], [ -75.614758605521601, 6.230630498489501 ], [ -75.614750066833551, 6.230633492596388 ], [ -75.61473508069129, 6.230637941924039 ], [ -75.614727139064414, 6.230639999381359 ], [ -75.614719723205582, 6.230641921181843 ], [ -75.614715025596766, 6.230642874491102 ], [ -75.614704663755845, 6.230644978283024 ], [ -75.614696410379921, 6.230646244728107 ], [ -75.614689342252348, 6.230647329347727 ], [ -75.614682232628425, 6.230649053132468 ], [ -75.614676135696726, 6.230650530920747 ], [ -75.614662864983927, 6.230653569771008 ], [ -75.614620036478712, 6.230663735298732 ], [ -75.61461516085987, 6.230664272762215 ], [ -75.614602718410566, 6.230665643566018 ], [ -75.614596748779931, 6.230666287809965 ], [ -75.61458519255784, 6.23066753467541 ], [ -75.614570854856055, 6.230669846769989 ], [ -75.614568029052336, 6.23067030267579 ], [ -75.614553705969314, 6.230674364099653 ], [ -75.614551344535158, 6.230675034220815 ], [ -75.61455046013171, 6.230675339871976 ], [ -75.614535236489132, 6.230680828870462 ], [ -75.614521970519021, 6.230686286042716 ], [ -75.614519499805454, 6.230687302424053 ], [ -75.614503754991688, 6.230693785922458 ], [ -75.61450135023577, 6.230694900838643 ], [ -75.614494668952901, 6.230697997828117 ], [ -75.614487955148761, 6.230701109285319 ], [ -75.614458284690826, 6.230711054783485 ], [ -75.614382090400241, 6.230736592225993 ], [ -75.614358656123798, 6.230736775233027 ], [ -75.614334355572907, 6.230737917514168 ], [ -75.614311852301199, 6.230743433405695 ], [ -75.614289873935448, 6.230749257527179 ], [ -75.614268192766247, 6.230754837527218 ], [ -75.614246936328982, 6.230761836840573 ], [ -75.61423955218082, 6.230764775684325 ], [ -75.614239506108916, 6.230764793769576 ], [ -75.614226412660543, 6.230770002305312 ], [ -75.6142231822122, 6.23077132703636 ], [ -75.614222040353525, 6.230771795439517 ], [ -75.614205861010362, 6.230778429041476 ], [ -75.614185788245479, 6.23078773356183 ], [ -75.614165942287372, 6.230797607609907 ], [ -75.614161931376628, 6.230799777697501 ], [ -75.614151993532104, 6.230805154993509 ], [ -75.614145725128935, 6.230808547563415 ], [ -75.614129392512865, 6.230818483661379 ], [ -75.614125807992934, 6.23082048736424 ], [ -75.614125778182128, 6.230820503639872 ], [ -75.614113259462684, 6.230827499420274 ], [ -75.614108760757688, 6.230830145081745 ], [ -75.614097143619432, 6.230836974432998 ], [ -75.614089803879665, 6.230841453766761 ], [ -75.614081750491152, 6.230846368013612 ], [ -75.614065381741781, 6.230856360163882 ], [ -75.614050224532079, 6.230867164035057 ], [ -75.614048940881418, 6.23086809261102 ], [ -75.614041511787192, 6.230873467863111 ], [ -75.614035292269421, 6.230877968788892 ], [ -75.614019707830522, 6.230889655952994 ], [ -75.614015338350995, 6.230892728311864 ], [ -75.613987017550286, 6.23091229904729 ], [ -75.613974597382978, 6.230920210614942 ], [ -75.613967289366585, 6.230925835371719 ], [ -75.613967255039412, 6.230925858880138 ], [ -75.613959710315953, 6.230931321834396 ], [ -75.613952343561195, 6.23093676578701 ], [ -75.6139447871046, 6.230942351692554 ], [ -75.613930333704062, 6.230953826297795 ], [ -75.613917432386202, 6.23096567774606 ], [ -75.613916441436345, 6.230966588213565 ], [ -75.613915790144645, 6.23096726359726 ], [ -75.61390382209288, 6.230979656482689 ], [ -75.613896406716336, 6.230996598109998 ], [ -75.613895595687822, 6.230999060809614 ], [ -75.613900461414644, 6.230998971761059 ], [ -75.613914645527657, 6.231006157617753 ], [ -75.613937680708617, 6.231017826724961 ], [ -75.613940789468913, 6.231019402190054 ], [ -75.613945404123911, 6.231020114150152 ], [ -75.613951456091385, 6.231020786198489 ], [ -75.613975342424496, 6.231024281735119 ], [ -75.614015540847319, 6.231030165148652 ], [ -75.614020926105511, 6.231030867995869 ], [ -75.614021217005217, 6.231030905938758 ], [ -75.614025808427016, 6.23101493642331 ], [ -75.6140295064897, 6.231000126883445 ], [ -75.614038370755082, 6.231000806805288 ], [ -75.614122534927191, 6.231013990814025 ], [ -75.614152188712325, 6.231018756894685 ], [ -75.614168975118261, 6.231021454811795 ], [ -75.6141857732689, 6.231024155439417 ], [ -75.614242236878951, 6.231033191536123 ], [ -75.614286856334374, 6.231036598330451 ], [ -75.614299720903219, 6.231037581633209 ], [ -75.614324685755378, 6.231039487738232 ], [ -75.614462319480467, 6.231049999741511 ], [ -75.614493491669265, 6.231052379880047 ], [ -75.614529971946155, 6.231061011907096 ], [ -75.614546002308956, 6.231064805588419 ], [ -75.614597383589356, 6.231076101339093 ], [ -75.614647070988823, 6.231087397244504 ], [ -75.614654975989822, 6.231089656616727 ], [ -75.614711919068057, 6.231105571512305 ], [ -75.614747438011221, 6.231112946085585 ], [ -75.61477129016194, 6.231117898009286 ], [ -75.614791858320032, 6.231121600849422 ], [ -75.614827752091998, 6.231128063198324 ], [ -75.614852464322283, 6.231133407393394 ], [ -75.61486953359514, 6.23113709971324 ], [ -75.614899273923015, 6.231149319612025 ], [ -75.614932774368199, 6.231163085073057 ], [ -75.614947478498252, 6.231166446733456 ], [ -75.614992060670303, 6.23117664105729 ], [ -75.61505191069962, 6.231190194269128 ], [ -75.615109508436419, 6.231202611301356 ], [ -75.61515218967773, 6.231201486218897 ], [ -75.61515868147012, 6.231200721680657 ], [ -75.615161787340199, 6.231200356149722 ], [ -75.615165273578327, 6.231200355817551 ], [ -75.615170821385647, 6.231200355288903 ], [ -75.615173869472599, 6.231200354998428 ], [ -75.615174321174877, 6.231200354955381 ], [ -75.615185500698431, 6.231199222926922 ], [ -75.615227282943323, 6.231196959728791 ], [ -75.615266155281503, 6.231194273711141 ], [ -75.615276403435033, 6.231193564863721 ], [ -75.615297784194638, 6.231192352302477 ], [ -75.615336253661596, 6.23119016806429 ], [ -75.615343874268078, 6.231184784639234 ], [ -75.615351173284054, 6.231179628160645 ], [ -75.615355059467959, 6.231176882197939 ], [ -75.615360068197958, 6.231179554986125 ], [ -75.615363014350294, 6.231181126842206 ], [ -75.615388398668586, 6.23119536767536 ], [ -75.615423431867029, 6.231215022825375 ], [ -75.615431142807807, 6.231219022495218 ], [ -75.615438676672866, 6.231222932681248 ], [ -75.615453357754504, 6.231230840782604 ], [ -75.615469168200647, 6.231239879738211 ], [ -75.615473157864841, 6.231242275080552 ], [ -75.615480459600903, 6.231246659008916 ], [ -75.615488947504517, 6.231251012989878 ], [ -75.615502482074945, 6.231257958389659 ], [ -75.615527890510435, 6.231269255636441 ], [ -75.615552735114193, 6.231279423781317 ], [ -75.615561856277012, 6.23128347936476 ], [ -75.615567979815324, 6.231286202670547 ], [ -75.615590001172464, 6.231295241025956 ], [ -75.61559706708853, 6.231299280533425 ], [ -75.615606684383891, 6.23130503025267 ], [ -75.615606836164559, 6.23130512064279 ], [ -75.615609198704206, 6.231306539769635 ], [ -75.615623315271407, 6.231315578883447 ], [ -75.615628180417701, 6.231318823944706 ], [ -75.615633479226133, 6.231322358259283 ], [ -75.615641497405875, 6.231327171538891 ], [ -75.615645255791733, 6.231329481921747 ], [ -75.615652675964895, 6.231334786156283 ], [ -75.615658750766045, 6.231337984090429 ], [ -75.615663405343156, 6.231340435418274 ], [ -75.615665511351168, 6.231342218900534 ], [ -75.615677521288688, 6.231352385562343 ], [ -75.615680104363207, 6.231354883195831 ], [ -75.615685992418946, 6.23136077430394 ], [ -75.615689763541766, 6.231364008621386 ], [ -75.615693896959868, 6.231367553896124 ], [ -75.615701237776378, 6.231374333542476 ], [ -75.615710837322666, 6.231383373088915 ], [ -75.615717613511563, 6.231390152789423 ], [ -75.61572890614795, 6.231400322231305 ], [ -75.615746412153058, 6.231417270523276 ], [ -75.615753470205192, 6.231424050196156 ], [ -75.61576052825751, 6.231430829868942 ], [ -75.615770126902433, 6.231439869414389 ], [ -75.615773456257827, 6.231443067611954 ], [ -75.615784243911506, 6.231453428759334 ], [ -75.615786218014549, 6.231455121849127 ], [ -75.615792149358498, 6.231460208349959 ], [ -75.615809653560902, 6.231477157544054 ], [ -75.61581981773908, 6.231486197034022 ], [ -75.61582885266121, 6.231495235728766 ], [ -75.615849180224885, 6.231514444766711 ], [ -75.615855391680029, 6.231520094461122 ], [ -75.615863894421665, 6.231528344877606 ], [ -75.615865577691068, 6.231540043988456 ], [ -75.615875043153736, 6.231535730769253 ], [ -75.615909370134432, 6.231520090148532 ], [ -75.615927600144076, 6.231512790917323 ], [ -75.615934124283157, 6.23151017849415 ], [ -75.615936634194881, 6.231512790043394 ], [ -75.615960019381603, 6.231537123824237 ], [ -75.615976222679961, 6.231553984542105 ], [ -75.616016314318003, 6.231594662778202 ], [ -75.616025915186498, 6.231617262121179 ], [ -75.616041162639391, 6.231652291564179 ], [ -75.616010703297661, 6.231660306181511 ], [ -75.616016813276389, 6.231681538039604 ], [ -75.616019740391025, 6.231691709189844 ], [ -75.616021405927341, 6.231697495833908 ], [ -75.616026519964663, 6.231714704778822 ], [ -75.616033830896782, 6.231739305903851 ], [ -75.616019219242332, 6.231795565266699 ], [ -75.616010238468036, 6.231795363630332 ], [ -75.615994901287294, 6.231794698833346 ], [ -75.61597249499853, 6.231822475137943 ], [ -75.615963262427059, 6.231834236780374 ], [ -75.615930518013428, 6.231876050318991 ], [ -75.615894387162925, 6.231922384418419 ], [ -75.61588020910628, 6.231941035376305 ], [ -75.615874627670479, 6.231948377682123 ], [ -75.615867555766556, 6.231957291365743 ], [ -75.615859384551044, 6.231967589251563 ], [ -75.615853222299307, 6.231975704573529 ], [ -75.615837931387176, 6.231995842795238 ], [ -75.615819185278667, 6.232019429385646 ], [ -75.615798413074856, 6.232045568295826 ], [ -75.615755515514905, 6.232202647903793 ], [ -75.615762212715651, 6.232233380339156 ], [ -75.615765118451762, 6.2322467174658 ], [ -75.615767209909961, 6.232256848015894 ], [ -75.61577585050712, 6.232298698234873 ], [ -75.615810293094967, 6.232300955029817 ], [ -75.615803524627992, 6.232374408605481 ], [ -75.615803193651956, 6.232380364499686 ], [ -75.615802960075968, 6.232384579189787 ], [ -75.615800452046585, 6.232401530314838 ], [ -75.61579844598424, 6.232415090310789 ], [ -75.615796188992761, 6.232430912256773 ], [ -75.615792743207948, 6.232457040454331 ], [ -75.615788289956697, 6.232490803426781 ], [ -75.615782836997369, 6.232528341796289 ], [ -75.615778845360168, 6.232552463061852 ], [ -75.615770423719454, 6.232551613165706 ], [ -75.61576347733974, 6.232550737813866 ], [ -75.615763463792476, 6.232550777593246 ], [ -75.615751741002626, 6.232586404507305 ], [ -75.615745953756175, 6.232604941646794 ], [ -75.615739744683111, 6.232624152341958 ], [ -75.615725028144382, 6.232670673311437 ], [ -75.615718295293206, 6.232691957036804 ], [ -75.615697410309849, 6.232757500654642 ], [ -75.615688367202637, 6.232785665304523 ], [ -75.615682169878227, 6.232804964594494 ], [ -75.615679933735379, 6.232812176393433 ], [ -75.615672008794164, 6.232837736375715 ], [ -75.615660972431186, 6.232871799220219 ], [ -75.615658461703632, 6.23287954895351 ], [ -75.6156140620147, 6.232880338840623 ], [ -75.615604077572897, 6.232880516993604 ], [ -75.615595280198647, 6.232880592875 ], [ -75.615525182660519, 6.232858110531046 ], [ -75.615521595119461, 6.23285696002336 ], [ -75.615483993629695, 6.232848913994872 ], [ -75.615479895689873, 6.232848037462113 ], [ -75.61547207199601, 6.232874390280988 ], [ -75.615463670473446, 6.232904427147048 ], [ -75.615459702270499, 6.232918727744346 ], [ -75.615449560504118, 6.232955281148432 ], [ -75.615446642622402, 6.232966019699427 ], [ -75.615436332051218, 6.233003975296483 ], [ -75.615432062244309, 6.233019693468308 ], [ -75.615428073192078, 6.233033270829689 ], [ -75.615426417784974, 6.233038905009744 ], [ -75.615419080192609, 6.233066026221308 ], [ -75.61541767412568, 6.233071658569364 ], [ -75.615416864982024, 6.233074895135451 ], [ -75.615417540210558, 6.233078897287285 ], [ -75.615418517292881, 6.233084107217133 ], [ -75.615420665125981, 6.233098070922888 ], [ -75.615423036239932, 6.233113487410934 ], [ -75.615432076050652, 6.233173378761155 ], [ -75.615441584199871, 6.233237145716251 ], [ -75.615432469664853, 6.233236609585435 ], [ -75.615374526240558, 6.233229919759844 ], [ -75.615374524437186, 6.233229955921902 ], [ -75.615371107251235, 6.233290908008101 ], [ -75.615384518243403, 6.233299293569763 ], [ -75.615389167467683, 6.233302283712611 ], [ -75.615389243358635, 6.233302332523892 ], [ -75.615382970859642, 6.233357593002918 ], [ -75.615378577959135, 6.233399295307723 ], [ -75.615409020515145, 6.233403538703081 ], [ -75.615435462732336, 6.233407288870197 ], [ -75.61543943942263, 6.233434417134489 ], [ -75.615444524448648, 6.233469447568226 ], [ -75.615436619841262, 6.233471708443266 ], [ -75.615412436136111, 6.23347733935667 ], [ -75.615424166152451, 6.233488461628839 ], [ -75.615458079541668, 6.233520298014404 ], [ -75.615497606443313, 6.233558716226317 ], [ -75.615504438656558, 6.233565366645458 ], [ -75.615518373228213, 6.233578933247403 ], [ -75.615518501287781, 6.233604857689638 ], [ -75.6155185013058, 6.233605045731434 ], [ -75.61551850412306, 6.233634427261782 ], [ -75.615519625527909, 6.233722084464651 ], [ -75.615520209897326, 6.23376777133262 ], [ -75.615520211379376, 6.233783226921632 ], [ -75.615520212931386, 6.233799412076642 ], [ -75.615520757266069, 6.233860969495218 ], [ -75.61550707320886, 6.233859723223129 ], [ -75.615477869711924, 6.233851397941987 ], [ -75.615468636871128, 6.23385139882711 ], [ -75.615465896815095, 6.233851229128909 ], [ -75.615452463030124, 6.233850270318386 ], [ -75.61542837171281, 6.233849150703999 ], [ -75.615428183802081, 6.233849133545104 ], [ -75.615417455712105, 6.233848014458194 ], [ -75.615408987155419, 6.233848015269084 ], [ -75.615394870377642, 6.233846891985918 ], [ -75.615394758354228, 6.233846884764264 ], [ -75.61538758167255, 6.233846885451152 ], [ -75.615383439527676, 6.233846736679789 ], [ -75.615374431542023, 6.233845756650645 ], [ -75.615367244019453, 6.233845757338295 ], [ -75.61536381738884, 6.233845757666096 ], [ -75.615351955546686, 6.233844910804484 ], [ -75.615347174678931, 6.233844629198995 ], [ -75.615336715008723, 6.233844630199127 ], [ -75.615319775980737, 6.233843501759492 ], [ -75.615314340103453, 6.233842822435589 ], [ -75.61531431390425, 6.233842818821902 ], [ -75.615309782361706, 6.233842372655677 ], [ -75.615298885441561, 6.233842373696842 ], [ -75.615294849009857, 6.233842374082452 ], [ -75.615289049079223, 6.233841909052225 ], [ -75.615003074568264, 6.233818986150788 ], [ -75.614833599168975, 6.233805401735119 ], [ -75.614832820175721, 6.233812259910122 ], [ -75.614832813857149, 6.23381231596164 ], [ -75.614850946732346, 6.234200039251279 ], [ -75.614868156298698, 6.234539494649267 ], [ -75.614868160824557, 6.234539587765689 ], [ -75.614871583770366, 6.234538788263825 ], [ -75.614871943319258, 6.234538699633149 ], [ -75.614893550533836, 6.234532870098343 ], [ -75.614893632742465, 6.23453285200961 ], [ -75.614934133185244, 6.234529240117946 ], [ -75.615121670527301, 6.234512512795197 ], [ -75.615489181010901, 6.234545961776459 ], [ -75.615716926413754, 6.23456669048027 ], [ -75.615846365470475, 6.234578473098209 ], [ -75.615950981849139, 6.234602930115266 ], [ -75.615988111048949, 6.234611610797303 ], [ -75.615989050635562, 6.234612022047738 ], [ -75.616031428702058, 6.234630554523635 ], [ -75.616469721637557, 6.234822224991653 ], [ -75.616596420305868, 6.234903476480475 ], [ -75.616664817978304, 6.234926324084014 ], [ -75.616941444801057, 6.234968952521774 ], [ -75.617323636868377, 6.235027848606768 ], [ -75.617368925217619, 6.235049551179219 ], [ -75.617440199625989, 6.23508370712127 ], [ -75.617763032752833, 6.235309581775015 ], [ -75.61792418018446, 6.235422330109053 ], [ -75.617975146722472, 6.235463856907522 ], [ -75.618142113666764, 6.235599897362953 ], [ -75.618397768768475, 6.235727856542774 ], [ -75.618415783723577, 6.235736868065156 ], [ -75.618653969028998, 6.23578757987642 ], [ -75.618716115807814, 6.235797774807827 ], [ -75.618963105687087, 6.235838293354348 ], [ -75.619004779201362, 6.235838289082014 ], [ -75.61900794385528, 6.235838288757441 ], [ -75.619122660075476, 6.23583827788319 ], [ -75.619257034551225, 6.235838264958842 ], [ -75.619348249255097, 6.23582810400764 ], [ -75.619354804291191, 6.235826894620087 ], [ -75.619356976053425, 6.235826493903045 ], [ -75.619506515072274, 6.235798978236872 ], [ -75.619507995737067, 6.235798705965431 ], [ -75.619608369266345, 6.23578023673235 ], [ -75.619631477073597, 6.23577466088515 ], [ -75.619662446177813, 6.2357671866261 ], [ -75.619782782088933, 6.235737057599948 ], [ -75.619885416988055, 6.235711359318315 ], [ -75.619906763243364, 6.235706818776581 ], [ -75.620001756742482, 6.23568663595631 ], [ -75.620052649340494, 6.235675823659219 ], [ -75.620118205035041, 6.235671880580592 ], [ -75.620306032280496, 6.23566058380402 ], [ -75.620393988743473, 6.23567157771631 ], [ -75.620427658455711, 6.235675786128899 ], [ -75.620599969077517, 6.235736655536205 ], [ -75.620752559607467, 6.235793316828069 ], [ -75.620823160451934, 6.235819533042935 ], [ -75.620914181940407, 6.23585332570737 ], [ -75.620935873981551, 6.23586374797081 ], [ -75.621040879373794, 6.235914199811829 ], [ -75.621147437057559, 6.235941178787603 ], [ -75.621331940458617, 6.235969663688747 ], [ -75.621332982110673, 6.235969824497706 ], [ -75.621649007636421, 6.23596995332605 ], [ -75.621866921949604, 6.235939492382379 ], [ -75.622148150380497, 6.235903255757402 ], [ -75.622221653711208, 6.235893785115044 ], [ -75.622409156679979, 6.235832880752721 ], [ -75.622415235334373, 6.235829135526969 ], [ -75.622441932992373, 6.235812679862523 ], [ -75.622482741904975, 6.235787525723587 ], [ -75.622504697962611, 6.235758322605352 ], [ -75.622557189433863, 6.235688508162277 ], [ -75.622580675310701, 6.235662512432786 ], [ -75.622580717765928, 6.235662465417696 ], [ -75.622634402858381, 6.235603041953779 ], [ -75.622679108267221, 6.235562346803593 ], [ -75.622686727201994, 6.235558308494754 ], [ -75.622716647373281, 6.235542444614262 ], [ -75.622748195396568, 6.235525718092643 ], [ -75.622748601014052, 6.235525586057289 ], [ -75.622753269694371, 6.235524193312799 ], [ -75.622770992245833, 6.235518865627542 ], [ -75.622789289347892, 6.235513364301603 ], [ -75.622793994162279, 6.235511951663753 ], [ -75.62279373764963, 6.235512465190655 ], [ -75.622790803107478, 6.235518329162162 ], [ -75.622785230283327, 6.235529520972693 ], [ -75.622781319763831, 6.235540957597546 ], [ -75.622778267574787, 6.235553207770597 ], [ -75.622777942581337, 6.235555349493828 ], [ -75.622776570379685, 6.235564327736105 ], [ -75.622773554538952, 6.235578511661884 ], [ -75.622769074780138, 6.235589135610753 ], [ -75.622762372541018, 6.235598971474279 ], [ -75.622750692573391, 6.235609467837973 ], [ -75.622743060208578, 6.235614613606902 ], [ -75.622735128754542, 6.235619215172159 ], [ -75.622720124146142, 6.235628952500074 ], [ -75.622712210851248, 6.235634387594419 ], [ -75.622702129553133, 6.235641521630685 ], [ -75.622693204893451, 6.235651131725058 ], [ -75.62268596979149, 6.235662360782566 ], [ -75.62268063160829, 6.235671337650899 ], [ -75.622674273057228, 6.235684773391209 ], [ -75.622668492778644, 6.235699021806463 ], [ -75.622664907694485, 6.235712383111093 ], [ -75.622663761546249, 6.235723212816782 ], [ -75.622664846971915, 6.235735372131408 ], [ -75.62266633047409, 6.235752784820136 ], [ -75.622667135782578, 6.235764400833125 ], [ -75.622671600235805, 6.235778981719903 ], [ -75.622672107327517, 6.235789767850303 ], [ -75.622672316173308, 6.23579945921233 ], [ -75.622667881822508, 6.235812287222192 ], [ -75.622665715275247, 6.235827293737213 ], [ -75.62265739616835, 6.235839372717297 ], [ -75.622653689876643, 6.235843116782086 ], [ -75.62264954638151, 6.235847302069692 ], [ -75.622641922233797, 6.235853277751493 ], [ -75.622632672069187, 6.235860403559039 ], [ -75.622625924471649, 6.235868576883183 ], [ -75.622621679351269, 6.235876975041172 ], [ -75.622621487289265, 6.235880310995977 ], [ -75.622621476616615, 6.235881849685308 ], [ -75.622616636183466, 6.235882319415333 ], [ -75.622611093916504, 6.235883865942186 ], [ -75.622608705584128, 6.235894783476207 ], [ -75.622549390904993, 6.23591755748334 ], [ -75.622498577932248, 6.235945813601314 ], [ -75.622489201084377, 6.235951088835763 ], [ -75.622430262441569, 6.23598424215319 ], [ -75.622412980437545, 6.235995116107919 ], [ -75.622410502546231, 6.235996674955244 ], [ -75.622365335969604, 6.236033971819854 ], [ -75.622360346162864, 6.236039902008272 ], [ -75.622329205033509, 6.236076916183336 ], [ -75.622306624505597, 6.236120990032935 ], [ -75.622299581190134, 6.236134770285187 ], [ -75.622281785932771, 6.236169583458625 ], [ -75.622258641053165, 6.236208007977236 ], [ -75.622242987240455, 6.236229511535148 ], [ -75.622229848153694, 6.236247562263458 ], [ -75.622216902370951, 6.236265377918196 ], [ -75.622202750711182, 6.236284856246209 ], [ -75.62217000602827, 6.236322150840643 ], [ -75.622143473165806, 6.236367355171168 ], [ -75.622121456753419, 6.236406908716138 ], [ -75.622095715160853, 6.236451079632601 ], [ -75.622089844968031, 6.23646115316176 ], [ -75.622072178933934, 6.236496517782846 ], [ -75.622068392645161, 6.236504096819982 ], [ -75.622051483698598, 6.236531394546073 ], [ -75.622018906940028, 6.236534522460952 ], [ -75.622010977670129, 6.23653444828349 ], [ -75.622003511841854, 6.236534285459126 ], [ -75.621967102377596, 6.236533489317196 ], [ -75.621949844843058, 6.236528620177934 ], [ -75.621923060521141, 6.23652106162377 ], [ -75.621909081026828, 6.236512038936477 ], [ -75.621888050801616, 6.236498466037408 ], [ -75.621858123079747, 6.236470217797608 ], [ -75.621847831831133, 6.236440799407941 ], [ -75.621842181972397, 6.236424884268628 ], [ -75.621801087400854, 6.236382080264402 ], [ -75.62176720628257, 6.236344791974855 ], [ -75.621756528389156, 6.236340606483646 ], [ -75.621711924112219, 6.236323362974325 ], [ -75.6217117127172, 6.236323397350878 ], [ -75.621683469802974, 6.236328010127711 ], [ -75.621650553625898, 6.236333504851684 ], [ -75.621624301413902, 6.236351021779479 ], [ -75.621604388898817, 6.236364289907268 ], [ -75.621561349554867, 6.236391144730408 ], [ -75.621514487286959, 6.236412619976024 ], [ -75.621502393277922, 6.236420922234205 ], [ -75.621474966759109, 6.236439744724569 ], [ -75.621434881957043, 6.236470260611285 ], [ -75.621399878916435, 6.236509815517667 ], [ -75.621370233210612, 6.236533390815846 ], [ -75.621358665079384, 6.236542590733207 ], [ -75.621328231515093, 6.23656543654733 ], [ -75.621318014725759, 6.23657310576752 ], [ -75.621307161920754, 6.236580662049628 ], [ -75.621305029119583, 6.236582146723001 ], [ -75.621302691262599, 6.236583810419615 ], [ -75.621287695734807, 6.236594485202659 ], [ -75.621279623443101, 6.236600230380662 ], [ -75.621240672040699, 6.236627362283208 ], [ -75.621240592546471, 6.236627420150711 ], [ -75.621205663492688, 6.236657869473936 ], [ -75.62118256684758, 6.23667513200571 ], [ -75.621163319340766, 6.236689514735976 ], [ -75.621138308275263, 6.236705994565193 ], [ -75.621118717311404, 6.236718900117487 ], [ -75.621076373451359, 6.236744895982202 ], [ -75.621036286858143, 6.236767500522666 ], [ -75.620991684334655, 6.236792365657999 ], [ -75.620967746674552, 6.236801845328322 ], [ -75.620940305720808, 6.236812712177962 ], [ -75.620903710746845, 6.236826186365799 ], [ -75.620891185398548, 6.236830797431455 ], [ -75.620869446349687, 6.236837492398906 ], [ -75.620847146298544, 6.236844361906046 ], [ -75.620821275161973, 6.236852284101616 ], [ -75.620799153975369, 6.236859056854729 ], [ -75.620788470326374, 6.236860263081428 ], [ -75.620765500390434, 6.236862855609263 ], [ -75.620759650853032, 6.236863515279002 ], [ -75.620756466248011, 6.236862855661811 ], [ -75.620710845540401, 6.236853415005985 ], [ -75.620686091343487, 6.236847294513194 ], [ -75.620682161388942, 6.236846323078119 ], [ -75.620660595424681, 6.236840990576077 ], [ -75.620639913738245, 6.23683409488229 ], [ -75.62060638956747, 6.236822915360691 ], [ -75.620557265895172, 6.23680935893503 ], [ -75.620536485151959, 6.236805461971866 ], [ -75.62050260826777, 6.236799193264704 ], [ -75.620502156560704, 6.236799193312312 ], [ -75.620494039384894, 6.236799195071815 ], [ -75.62048547140536, 6.236799195974644 ], [ -75.620475985557036, 6.236799196974029 ], [ -75.620456196270652, 6.236799199058387 ], [ -75.620447162129409, 6.236799200009685 ], [ -75.620412549470657, 6.236797745425008 ], [ -75.620393522581409, 6.236796944632968 ], [ -75.620380001630465, 6.236792616573515 ], [ -75.620351175426251, 6.236783388379306 ], [ -75.620302615065782, 6.236774352106222 ], [ -75.620258010520345, 6.236763058007981 ], [ -75.620211145516137, 6.23675063137196 ], [ -75.620154730568387, 6.23674725162736 ], [ -75.620154505618856, 6.236747257075202 ], [ -75.620107479421875, 6.23674838211285 ], [ -75.620069589616833, 6.236751093697643 ], [ -75.620060051442636, 6.236751776346534 ], [ -75.620010929561545, 6.236755171656956 ], [ -75.61995503207433, 6.236758566765897 ], [ -75.619900264325224, 6.236766482890673 ], [ -75.619880568649478, 6.236771837806548 ], [ -75.619854531185993, 6.236778917400157 ], [ -75.61981360786281, 6.236791750089809 ], [ -75.619807669012246, 6.236793613044978 ], [ -75.619757982880685, 6.236809438134123 ], [ -75.619732330551869, 6.236819247903886 ], [ -75.619707733367861, 6.236828653453732 ], [ -75.619664824009448, 6.236855778418733 ], [ -75.61963960559072, 6.23687694929882 ], [ -75.619635177439662, 6.236880667199936 ], [ -75.619629819756085, 6.236885164486045 ], [ -75.619623303002967, 6.236889768569891 ], [ -75.619606776249199, 6.236901445148175 ], [ -75.619591429267416, 6.236912288072213 ], [ -75.619573470321924, 6.236921276161858 ], [ -75.619546261795605, 6.236934893026175 ], [ -75.619504359433009, 6.236959173741647 ], [ -75.619459878258269, 6.236978972454992 ], [ -75.619415379403918, 6.236993821508555 ], [ -75.619405676163581, 6.23699705899977 ], [ -75.619358249440495, 6.237012883817826 ], [ -75.61930913032738, 6.237043400475542 ], [ -75.619288211885745, 6.237070879335978 ], [ -75.619272998636731, 6.237090865769306 ], [ -75.619255256533719, 6.237135265350569 ], [ -75.619250419091458, 6.237147370135547 ], [ -75.619234637966201, 6.237179772809106 ], [ -75.619228403011959, 6.237192572950033 ], [ -75.619225753764397, 6.237197118771656 ], [ -75.619204692560672, 6.237233256606574 ], [ -75.619181852718043, 6.237262440693399 ], [ -75.619178159139935, 6.237267160199277 ], [ -75.619142026144388, 6.237302194836615 ], [ -75.619120541655533, 6.237316109425952 ], [ -75.619103633561551, 6.237327059173797 ], [ -75.619067892328815, 6.23733267336112 ], [ -75.619057930531739, 6.237334238385357 ], [ -75.619046043588042, 6.237336104654687 ], [ -75.619003941783021, 6.237336560093682 ], [ -75.618999547576507, 6.237336602130484 ], [ -75.618994445082421, 6.237336544794696 ], [ -75.618994396295577, 6.237336521294475 ], [ -75.618993984318308, 6.237336326062543 ], [ -75.618974679208691, 6.237327186317444 ], [ -75.618971773684947, 6.237325810655575 ], [ -75.61896961444252, 6.237325025259955 ], [ -75.618950393571296, 6.237318032617189 ], [ -75.618916517364781, 6.237300872752751 ], [ -75.618905908894604, 6.237295291348028 ], [ -75.618877424705687, 6.237273545602192 ], [ -75.6188662612293, 6.237264929367356 ], [ -75.618859526330596, 6.237256678818408 ], [ -75.618838590681534, 6.23723103133511 ], [ -75.618820134352873, 6.237191109597966 ], [ -75.618817502145248, 6.237185626821351 ], [ -75.618816918473144, 6.237184979583284 ], [ -75.61878269776166, 6.237147024854139 ], [ -75.618761190885792, 6.237127515001855 ], [ -75.618744851087101, 6.237112386537624 ], [ -75.618729559128681, 6.237096065527847 ], [ -75.618711159956717, 6.23707610062073 ], [ -75.618658128665601, 6.237049989010765 ], [ -75.618632450478316, 6.237036844973894 ], [ -75.618614981118171, 6.237027645361551 ], [ -75.618579971490007, 6.236996008180702 ], [ -75.618547783114266, 6.236963239747723 ], [ -75.618518984567643, 6.236923691519081 ], [ -75.618501444520703, 6.236903372130873 ], [ -75.618486796644561, 6.236886403750898 ], [ -75.618450656733344, 6.236844594338351 ] ] ] } },
{ "type": "Feature", "properties": { "NOMBRE": "Los Almendros" }, "geometry": { "type": "Polygon", "coordinates": [ [ [ -75.595523758014124, 6.236603319848021 ], [ -75.595898639893761, 6.236056362116097 ], [ -75.595919528618921, 6.236025850202781 ], [ -75.595933643114677, 6.236003248195252 ], [ -75.595943805644012, 6.235988557736051 ], [ -75.596324896573009, 6.235439338313944 ], [ -75.596340705000287, 6.235417867157511 ], [ -75.596474509590848, 6.235211062912905 ], [ -75.596669854582373, 6.234946623737295 ], [ -75.596686791972289, 6.234920631362987 ], [ -75.596708810774288, 6.234890119350313 ], [ -75.596913187441032, 6.234589517656214 ], [ -75.59718023039467, 6.234180429112734 ], [ -75.597196603104123, 6.234154437660658 ], [ -75.597212411250183, 6.234129576301527 ], [ -75.597228219394708, 6.234104714037874 ], [ -75.597245156799644, 6.234079852608548 ], [ -75.597259271325598, 6.234059510683273 ], [ -75.597275078839743, 6.234039169557755 ], [ -75.597288064240445, 6.234021087818741 ], [ -75.597298226694207, 6.234006397333449 ], [ -75.597425257424561, 6.233839144419886 ], [ -75.597441630181137, 6.233814283019065 ], [ -75.597458002866404, 6.233788290654832 ], [ -75.597475503907887, 6.233762299124457 ], [ -75.597493570690915, 6.233739696831083 ], [ -75.597509943790286, 6.233720485722441 ], [ -75.597524058506053, 6.23370353396666 ], [ -75.597537608590457, 6.233686583149489 ], [ -75.597550594043454, 6.233669631462874 ], [ -75.597561884910661, 6.233656070961514 ], [ -75.59757825800493, 6.233636858946706 ], [ -75.597592937416749, 6.233621038117009 ], [ -75.597608746088454, 6.233605216312831 ], [ -75.597622296517869, 6.233593914883732 ], [ -75.597637539934524, 6.233582614253261 ], [ -75.597652219553382, 6.233570182694447 ], [ -75.597669157692991, 6.233557750994916 ], [ -75.597687225092585, 6.233545320128694 ], [ -75.597708679440132, 6.233534018206009 ], [ -75.597734651592233, 6.233520456787556 ], [ -75.597755542351521, 6.233511415015776 ], [ -75.597779819847759, 6.233500112914338 ], [ -75.597802404425963, 6.2334899418803 ], [ -75.59782047217243, 6.233483160399766 ], [ -75.597840797606679, 6.233477508836486 ], [ -75.597858865422793, 6.233471857413497 ], [ -75.597877497036038, 6.23346733691755 ], [ -75.597897258742208, 6.23346168538734 ], [ -75.597920972930424, 6.23345716366783 ], [ -75.597940169243557, 6.233453772289136 ], [ -75.597960495791185, 6.233451511801813 ], [ -75.597978563746764, 6.233448120492445 ], [ -75.597999454091649, 6.233446989123082 ], [ -75.598029943912167, 6.23344359703231 ], [ -75.598056480559165, 6.233442465306016 ], [ -75.598079630257061, 6.233440204636636 ], [ -75.598098826710711, 6.23343907336989 ], [ -75.598119153399267, 6.233439072090128 ], [ -75.598137786125946, 6.233437940857467 ], [ -75.598156418020338, 6.233437939683064 ], [ -75.598177309267854, 6.233436808306603 ], [ -75.598198764313381, 6.233436806952587 ], [ -75.598229818690967, 6.233432285659807 ], [ -75.598228693949793, 6.233518168396451 ], [ -75.598230391979399, 6.233583710799225 ], [ -75.59824340663198, 6.234086577130713 ], [ -75.598254155119307, 6.234453839253643 ], [ -75.598259812529406, 6.234643685168843 ], [ -75.59827904615419, 6.235286675693111 ], [ -75.598277353687124, 6.235309276977491 ], [ -75.598269455435684, 6.235427930945807 ], [ -75.598273982194769, 6.235609867424387 ], [ -75.598292078477613, 6.236095782550178 ], [ -75.598349105300272, 6.236092388760365 ], [ -75.598612220986936, 6.23612514552469 ], [ -75.598857834273062, 6.236162422616294 ], [ -75.598960597961039, 6.236197447815346 ], [ -75.598974148546063, 6.23620196717563 ], [ -75.599096112025222, 6.236285582734783 ], [ -75.599272850628964, 6.236469768130032 ], [ -75.59938521890146, 6.236620056816511 ], [ -75.599551238347161, 6.236950018604642 ], [ -75.599644412738613, 6.23715341945502 ], [ -75.599647236430698, 6.237161329681071 ], [ -75.599794626710064, 6.237543274423237 ], [ -75.599849969199369, 6.237709386700202 ], [ -75.60004028259695, 6.238276654565657 ], [ -75.600199520467541, 6.238503782149052 ], [ -75.600234547804462, 6.238841661980097 ], [ -75.60019220108218, 6.238842793969871 ], [ -75.598618591394896, 6.238888088413775 ], [ -75.598348135737609, 6.238896014237048 ], [ -75.597968707256612, 6.238906206882462 ], [ -75.597312613604856, 6.238934493654044 ], [ -75.59670507727914, 6.23895599813911 ], [ -75.595768364102739, 6.23898881826412 ], [ -75.595731099084674, 6.238989950502516 ], [ -75.595698915792056, 6.238991082441576 ], [ -75.595675765774729, 6.238992213851685 ], [ -75.595381031632428, 6.239001268725044 ], [ -75.594434155807917, 6.239035218031721 ], [ -75.594025367344628, 6.239052188933971 ], [ -75.593709177148071, 6.239064634234464 ], [ -75.592256396052392, 6.239116684349147 ], [ -75.590860077527807, 6.239152906863906 ], [ -75.590687301901454, 6.239160824847808 ], [ -75.590381275124926, 6.239175528678938 ], [ -75.590209629407596, 6.239197006254142 ], [ -75.590110255532466, 6.239203790462704 ], [ -75.590081460033161, 6.239204921897207 ], [ -75.589916589663147, 6.239220748759243 ], [ -75.590309552602847, 6.23881617884535 ], [ -75.590610484402504, 6.238478284797917 ], [ -75.590975797153618, 6.23849295943644 ], [ -75.591360307193582, 6.238482772468374 ], [ -75.591783774866627, 6.238464673727835 ], [ -75.59252851517347, 6.238437518349182 ], [ -75.593045146855616, 6.238421673825665 ], [ -75.593630661560013, 6.238393395305214 ], [ -75.593892646938642, 6.238375301835685 ], [ -75.594007264520599, 6.238345915800577 ], [ -75.594206008478508, 6.238255502798487 ], [ -75.594418864772209, 6.238102937502545 ], [ -75.594578080929864, 6.237956024531907 ], [ -75.594710194094731, 6.237769560985495 ], [ -75.594874488641366, 6.237551455738069 ], [ -75.595070399087604, 6.237256505533328 ], [ -75.595226788449381, 6.237038399724249 ], [ -75.595307521231703, 6.23688245056925 ], [ -75.595373579157481, 6.236808994738869 ], [ -75.595380919005677, 6.236802213961578 ], [ -75.595445845562622, 6.236708418032033 ], [ -75.595475768792781, 6.236667735083238 ], [ -75.595502303575259, 6.236631572564806 ], [ -75.595514724597521, 6.236615751019917 ], [ -75.595523758014124, 6.236603319848021 ] ] ] } },
{ "type": "Feature", "properties": { "NOMBRE": "Los Alpes" }, "geometry": { "type": "Polygon", "coordinates": [ [ [ -75.606668637119355, 6.233528921536582 ], [ -75.606517881137805, 6.233487121274013 ], [ -75.606326474623771, 6.233492785730687 ], [ -75.606298234901857, 6.233365093103852 ], [ -75.606238371842167, 6.233185421150831 ], [ -75.606123714760315, 6.232639620731548 ], [ -75.606051420622805, 6.232316434964773 ], [ -75.605979693577581, 6.232023760733338 ], [ -75.605940722827469, 6.231854257648965 ], [ -75.605907399238063, 6.231707354396024 ], [ -75.605769034058625, 6.23123387860569 ], [ -75.605731194788362, 6.231091495926941 ], [ -75.605702396185251, 6.231046296704715 ], [ -75.605689408264823, 6.231027086708453 ], [ -75.605655524476077, 6.230924255778728 ], [ -75.605471980611227, 6.230310657907912 ], [ -75.605370898828781, 6.230098218222206 ], [ -75.605356217015256, 6.230066577700179 ], [ -75.605307648396263, 6.229902725599456 ], [ -75.605272619304358, 6.229576147597633 ], [ -75.605281632063296, 6.229274426614762 ], [ -75.605318878900619, 6.22902129509627 ], [ -75.605316049500672, 6.228927502235265 ], [ -75.605302497540023, 6.228915072625903 ], [ -75.605188437559562, 6.228805466543858 ], [ -75.605136488503973, 6.228735407763381 ], [ -75.605124626728355, 6.228674387297376 ], [ -75.605139297470714, 6.228537650863722 ], [ -75.605145506279698, 6.228510529881314 ], [ -75.605179937374743, 6.228365882430508 ], [ -75.605346503829566, 6.228429152981482 ], [ -75.605675118400924, 6.228560214510458 ], [ -75.605904921969042, 6.228633650522969 ], [ -75.606131337585424, 6.228703696523638 ], [ -75.606326697118149, 6.228739844005101 ], [ -75.606817357520242, 6.228878802483783 ], [ -75.606935930546356, 6.228922865343931 ], [ -75.606935916433599, 6.228734149130503 ], [ -75.606922338926466, 6.228366887408951 ], [ -75.606919494062424, 6.228070817636779 ], [ -75.606918921264537, 6.227956683544961 ], [ -75.6068980263002, 6.22790809358176 ], [ -75.607279698585018, 6.227804102160393 ], [ -75.607381891489567, 6.227775843372604 ], [ -75.607721217968944, 6.227686545805718 ], [ -75.607914311653957, 6.227635679254562 ], [ -75.60797441100992, 6.227611920513032 ], [ -75.608048686030202, 6.227582557321414 ], [ -75.608145797142868, 6.227553168742451 ], [ -75.608202259004614, 6.227557686154117 ], [ -75.608255332010785, 6.227548641323779 ], [ -75.608293159983475, 6.22753733852872 ], [ -75.60869694255895, 6.227380821838825 ], [ -75.608834630434757, 6.227327449913386 ], [ -75.609195743894418, 6.227187472319235 ], [ -75.609622785849865, 6.227021937809485 ], [ -75.609637327755777, 6.227031637905766 ], [ -75.609639851056443, 6.22703295669647 ], [ -75.609651583942806, 6.227038435130663 ], [ -75.609656183292344, 6.227040243738688 ], [ -75.609673037342844, 6.227043404665172 ], [ -75.609691669819284, 6.227042273024509 ], [ -75.609714927668534, 6.227040881528739 ], [ -75.609729497588546, 6.227040009693377 ], [ -75.609748130968214, 6.227038878954692 ], [ -75.609766763444426, 6.227037748215423 ], [ -75.609778055855813, 6.227037081876169 ], [ -75.609785959640391, 6.227036615619436 ], [ -75.609804027685001, 6.227037744140568 ], [ -75.609814042243016, 6.227042419923601 ], [ -75.609821864200171, 6.227046444075211 ], [ -75.609830498616006, 6.227054046375905 ], [ -75.609835082797957, 6.227058082555702 ], [ -75.609848070289956, 6.227071642155629 ], [ -75.609860492351942, 6.227086331862297 ], [ -75.60986330406007, 6.227090269651783 ], [ -75.609866055233383, 6.227094122465988 ], [ -75.609847117678086, 6.22717278883379 ], [ -75.609817095726314, 6.227297498359325 ], [ -75.609811534560961, 6.227320545705401 ], [ -75.609811410839157, 6.227321060118729 ], [ -75.609817364332727, 6.227332879123532 ], [ -75.609810280991312, 6.227367143111501 ], [ -75.609804502375439, 6.227403991658956 ], [ -75.609799869387459, 6.227431618828475 ], [ -75.609795237889287, 6.227466153821672 ], [ -75.609789441887671, 6.227511057430049 ], [ -75.609783654234079, 6.227547896937572 ], [ -75.609777867460394, 6.227595105865127 ], [ -75.609773218063594, 6.227642305655395 ], [ -75.609766274448887, 6.227683755901239 ], [ -75.609758176070144, 6.227733261304803 ], [ -75.609750075980557, 6.227783914848197 ], [ -75.60973737036241, 6.227834568782947 ], [ -75.609723514324727, 6.227880621215439 ], [ -75.60970620932703, 6.227918609840449 ], [ -75.609688913263511, 6.227955450324325 ], [ -75.609683702562066, 6.22796733627387 ], [ -75.609694303804559, 6.227976280919747 ], [ -75.609708217213779, 6.2279888270077 ], [ -75.609715785619528, 6.227996275712816 ], [ -75.609721453115071, 6.22800185320186 ], [ -75.609727319616169, 6.22801046736812 ], [ -75.609731797419826, 6.228017040314004 ], [ -75.609740483117122, 6.228032613595042 ], [ -75.609740877961556, 6.228033308773694 ], [ -75.609741019815786, 6.228033551046256 ], [ -75.609750265618047, 6.22804908811764 ], [ -75.609759950502863, 6.228064978633937 ], [ -75.609762931335851, 6.228071091546885 ], [ -75.609768064440146, 6.228081612410386 ], [ -75.609771703948397, 6.228088867982787 ], [ -75.609776404227077, 6.228098238031075 ], [ -75.609778655218733, 6.228105585934354 ], [ -75.609781808052745, 6.228115874626091 ], [ -75.609780626176246, 6.228134434813489 ], [ -75.609779443414624, 6.228153211068219 ], [ -75.609779039989405, 6.228168488594386 ], [ -75.609778452862898, 6.22819073814737 ], [ -75.609778231083268, 6.228206749744324 ], [ -75.609778192469605, 6.228209487202209 ], [ -75.609778147565478, 6.22821261701707 ], [ -75.609777923042387, 6.228228237161865 ], [ -75.609777738984974, 6.228241652332355 ], [ -75.609777662669117, 6.228247222172994 ], [ -75.609777637178027, 6.228266187275106 ], [ -75.609777828483843, 6.228284929059137 ], [ -75.609777784002333, 6.228303669959186 ], [ -75.609777590967198, 6.228317747796956 ], [ -75.609777523628964, 6.228322654066266 ], [ -75.609777469773846, 6.228326761156797 ], [ -75.609777272288881, 6.228341630036155 ], [ -75.609777029805855, 6.228358523080788 ], [ -75.609777012742242, 6.22835971190417 ], [ -75.609777005571715, 6.228360379091535 ], [ -75.609776742488108, 6.228379363198845 ], [ -75.609776479384678, 6.228398114062008 ], [ -75.609776474884555, 6.228398312952753 ], [ -75.609775995871487, 6.228417098188072 ], [ -75.609775590238542, 6.228427658396686 ], [ -75.609775588435042, 6.228427697270867 ], [ -75.609775274745758, 6.228435866267094 ], [ -75.609775221772665, 6.228439722032458 ], [ -75.609775013468948, 6.228454851278299 ], [ -75.60977533949854, 6.228464336512676 ], [ -75.609775656472962, 6.228473572230824 ], [ -75.60977584777801, 6.228492304070341 ], [ -75.609775126652195, 6.228511072149363 ], [ -75.609774179677117, 6.228529849288067 ], [ -75.609773973461571, 6.228537655752268 ], [ -75.609772693846921, 6.228586125442027 ], [ -75.609773796680258, 6.228604829178546 ], [ -75.609774784731087, 6.228612299235632 ], [ -75.609776264547449, 6.228623487596582 ], [ -75.609779025790658, 6.22863944740907 ], [ -75.609779409924414, 6.228641668620099 ], [ -75.609782781169997, 6.228660065691636 ], [ -75.609785467955035, 6.228671555901594 ], [ -75.609787073880852, 6.228678424714766 ], [ -75.609788633711233, 6.22868503407034 ], [ -75.609791356636308, 6.228696568575498 ], [ -75.60979407937873, 6.228705952352623 ], [ -75.609796543672715, 6.228714441145104 ], [ -75.609803085786837, 6.228732041481138 ], [ -75.609805959365247, 6.228741045545582 ], [ -75.60980871547028, 6.228749679864748 ], [ -75.609810304145554, 6.228755531626338 ], [ -75.609813693862208, 6.228768021652392 ], [ -75.609817554319562, 6.228781322568584 ], [ -75.609818880900008, 6.22878589331773 ], [ -75.609826317321563, 6.228802780284168 ], [ -75.609833771870058, 6.228820354324745 ], [ -75.609835053223435, 6.228824251562619 ], [ -75.609839644588519, 6.228838207850532 ], [ -75.609844831627981, 6.228856080419664 ], [ -75.609852502954837, 6.228873194281537 ], [ -75.609859261869047, 6.228890560450203 ], [ -75.609863318778523, 6.228908703425554 ], [ -75.609864283862095, 6.228922274898268 ], [ -75.609864648368699, 6.228927399006129 ], [ -75.60986481522562, 6.228934814890221 ], [ -75.609865074580512, 6.228946355933317 ], [ -75.609865640606415, 6.228962809542185 ], [ -75.609865643324, 6.228962896330474 ], [ -75.609865713974159, 6.228965068749618 ], [ -75.609866177179484, 6.228972871540604 ], [ -75.609866821328836, 6.22898377429365 ], [ -75.609867501118217, 6.228988849556089 ], [ -75.609869289181873, 6.229002205795433 ], [ -75.609873346111897, 6.229020575686526 ], [ -75.609876079701849, 6.229030001048468 ], [ -75.609878498815945, 6.229038340676651 ], [ -75.609808148604259, 6.229180296528959 ], [ -75.609764682791678, 6.229302344777131 ], [ -75.609764462437241, 6.229303233474168 ], [ -75.609738942872553, 6.229406313285559 ], [ -75.609732509246001, 6.229432301570152 ], [ -75.609729016646426, 6.229453011777806 ], [ -75.609717836353653, 6.229519315541701 ], [ -75.609716654622929, 6.229529005218856 ], [ -75.609705987449956, 6.229616499802791 ], [ -75.609694137638627, 6.22971368406369 ], [ -75.609690191195725, 6.229783746240493 ], [ -75.609813366948998, 6.230926206297741 ], [ -75.609839910944729, 6.231013216761798 ], [ -75.609894128314792, 6.231188368552496 ], [ -75.609830359810445, 6.231614398044467 ], [ -75.609697743522375, 6.232498098180854 ], [ -75.609562319425152, 6.23356825552259 ], [ -75.609505288268508, 6.233516278544187 ], [ -75.609438659884034, 6.233471081819168 ], [ -75.609365255996764, 6.233437186245575 ], [ -75.609311616410238, 6.233419109822332 ], [ -75.609150694109985, 6.233354709990384 ], [ -75.60908463258184, 6.233335504527071 ], [ -75.609016312673461, 6.233328729891905 ], [ -75.608962671074664, 6.233297092726954 ], [ -75.60893161788897, 6.233303875673077 ], [ -75.608661169369441, 6.233361528468154 ], [ -75.608514368519849, 6.233364929898485 ], [ -75.608477667996553, 6.23335928173319 ], [ -75.608434190514615, 6.233336685049756 ], [ -75.608363044114469, 6.233289228444044 ], [ -75.60828512334885, 6.233245162562542 ], [ -75.608221884737745, 6.233222566582447 ], [ -75.608166551900695, 6.233222571123745 ], [ -75.608111219618479, 6.233229354204306 ], [ -75.608084683302081, 6.233245177201503 ], [ -75.607973462305608, 6.233359319528302 ], [ -75.607859419689376, 6.233503972746804 ], [ -75.607786589709761, 6.233583080985491 ], [ -75.607729566886221, 6.233631677245587 ], [ -75.607642617812417, 6.233670104491346 ], [ -75.607418468676315, 6.23373905348459 ], [ -75.607367087835385, 6.233734537388024 ], [ -75.607115827056845, 6.233664493906141 ], [ -75.606668637119355, 6.233528921536582 ] ] ] } },
{ "type": "Feature", "properties": { "NOMBRE": "Miravalle" }, "geometry": { "type": "Polygon", "coordinates": [ [ [ -75.599849969199369, 6.237709386700202 ], [ -75.599794626710064, 6.237543274423237 ], [ -75.599647236430698, 6.237161329681071 ], [ -75.599644412738613, 6.23715341945502 ], [ -75.599551238347161, 6.236950018604642 ], [ -75.59938521890146, 6.236620056816511 ], [ -75.599272850628964, 6.236469768130032 ], [ -75.599096112025222, 6.236285582734783 ], [ -75.598974148546063, 6.23620196717563 ], [ -75.598960597961039, 6.236197447815346 ], [ -75.598857834273062, 6.236162422616294 ], [ -75.598612220986936, 6.23612514552469 ], [ -75.598349105300272, 6.236092388760365 ], [ -75.598292078477613, 6.236095782550178 ], [ -75.598273982194769, 6.235609867424387 ], [ -75.598269455435684, 6.235427930945807 ], [ -75.598277353687124, 6.235309276977491 ], [ -75.59827904615419, 6.235286675693111 ], [ -75.598259812529406, 6.234643685168843 ], [ -75.598254155119307, 6.234453839253643 ], [ -75.59824340663198, 6.234086577130713 ], [ -75.598230391979399, 6.233583710799225 ], [ -75.598228693949793, 6.233518168396451 ], [ -75.598229818690967, 6.233432285659807 ], [ -75.598267083097042, 6.233427763068348 ], [ -75.598538098928032, 6.233393846800709 ], [ -75.598746440158948, 6.233336202279082 ], [ -75.599084641745208, 6.233236739809258 ], [ -75.599390096532289, 6.233151969126088 ], [ -75.599770643839605, 6.233046852247599 ], [ -75.599863239601646, 6.233020856572293 ], [ -75.59992252362666, 6.233002771697532 ], [ -75.599991407029549, 6.232994857611408 ], [ -75.600111106507413, 6.233005021068393 ], [ -75.600204270275839, 6.233029876136136 ], [ -75.600267509802791, 6.233058123371307 ], [ -75.60031550455767, 6.233089760895221 ], [ -75.600421657736774, 6.233171117091488 ], [ -75.600520471368199, 6.23326151423301 ], [ -75.600640742891869, 6.233380161374152 ], [ -75.600964855257601, 6.23371350215842 ], [ -75.600984618639487, 6.233732711807495 ], [ -75.600984659549226, 6.23439717466461 ], [ -75.600994282465138, 6.234790427258818 ], [ -75.601022541375386, 6.235242440733901 ], [ -75.601044041644329, 6.235954363689314 ], [ -75.601631813130339, 6.235946417195299 ], [ -75.60233759090967, 6.235936201566819 ], [ -75.602465777067906, 6.236190452082038 ], [ -75.60259734509566, 6.236359948813608 ], [ -75.602702373825281, 6.236494416494182 ], [ -75.602730607108938, 6.236529446294948 ], [ -75.602895492684254, 6.236754312542069 ], [ -75.602966642962556, 6.236880872197172 ], [ -75.603025938333431, 6.237027773759234 ], [ -75.603076204250939, 6.237239087515435 ], [ -75.603089773869783, 6.23753063629621 ], [ -75.603083004634314, 6.237618779569658 ], [ -75.602872399990005, 6.237625574221356 ], [ -75.602260912874854, 6.237645954424734 ], [ -75.602212355350758, 6.237648217979407 ], [ -75.601590140280578, 6.23767085828193 ], [ -75.601132230859591, 6.237688967259113 ], [ -75.600900735655316, 6.237696891713221 ], [ -75.600404995503638, 6.237712743426197 ], [ -75.600230527112657, 6.237715013450415 ], [ -75.599984351077453, 6.237718418250143 ], [ -75.599849969199369, 6.237709386700202 ] ] ] } },
{ "type": "Feature", "properties": { "NOMBRE": "Nueva Villa del Aburrá" }, "geometry": { "type": "Polygon", "coordinates": [ [ [ -75.600984618639487, 6.233732711807495 ], [ -75.601103761036498, 6.233850228861505 ], [ -75.601244356997526, 6.233945143233581 ], [ -75.601283881417075, 6.233962091391787 ], [ -75.601374222646129, 6.233992596742004 ], [ -75.601468515518761, 6.234011801214168 ], [ -75.60156393679658, 6.234018575847585 ], [ -75.60169154085456, 6.234008397337041 ], [ -75.601936585173263, 6.233994821290298 ], [ -75.602115569639878, 6.233983509008261 ], [ -75.602289471998475, 6.233978977378955 ], [ -75.60247240886784, 6.233967665599756 ], [ -75.60276036402189, 6.2339518259945 ], [ -75.603038721502372, 6.233938247947895 ], [ -75.603086714050988, 6.233935984358029 ], [ -75.603155596135707, 6.233908858858234 ], [ -75.603440168407687, 6.233973252402731 ], [ -75.603749022360475, 6.234059114220432 ], [ -75.60410868988528, 6.234124631927331 ], [ -75.604554745909226, 6.234200314335757 ], [ -75.605100177012119, 6.234309890569251 ], [ -75.60516849708354, 6.234317795770322 ], [ -75.605222136400883, 6.234321181849477 ], [ -75.605280291432749, 6.234318918187238 ], [ -75.605335058714687, 6.234305353285576 ], [ -75.605440640280193, 6.23425901457638 ], [ -75.605555253802208, 6.234196854325904 ], [ -75.605690192964687, 6.234121132676858 ], [ -75.605879897836672, 6.234012635034476 ], [ -75.60597418507308, 6.23395725662487 ], [ -75.606043063312868, 6.233882669180085 ], [ -75.606091615645752, 6.233806953255029 ], [ -75.606126617096322, 6.233734627657285 ], [ -75.60615314872706, 6.233657783388244 ], [ -75.606187020280032, 6.233577548366833 ], [ -75.606222587021719, 6.233525563778072 ], [ -75.606250251340839, 6.233492790807156 ], [ -75.606300502799485, 6.233496177042237 ], [ -75.606326474623771, 6.233492785730687 ], [ -75.606371655669491, 6.233650987709738 ], [ -75.606436029041035, 6.233732345979232 ], [ -75.606293214181719, 6.234211492220068 ], [ -75.606177496187001, 6.234612664048885 ], [ -75.606105803494231, 6.23482285698694 ], [ -75.606062340953756, 6.235003666182632 ], [ -75.605981615919916, 6.235226289552016 ], [ -75.605940404539851, 6.23531330548451 ], [ -75.605864210740378, 6.235731425051062 ], [ -75.605842767472652, 6.235907712282789 ], [ -75.605936522093813, 6.23628287821298 ], [ -75.606077696532807, 6.236547297370286 ], [ -75.606336880443209, 6.236845608999222 ], [ -75.606627675046369, 6.237028653805061 ], [ -75.607163524848417, 6.237325814819827 ], [ -75.60736115282873, 6.23745575481493 ], [ -75.606948413563558, 6.237472736046723 ], [ -75.606668925686407, 6.237482926068389 ], [ -75.606571245078413, 6.237486323970348 ], [ -75.60602356142509, 6.237511223725433 ], [ -75.605825378998162, 6.237520278704904 ], [ -75.60537198649692, 6.237532740716512 ], [ -75.604663384064949, 6.237550871028228 ], [ -75.604377120317409, 6.237558801133053 ], [ -75.604018584899535, 6.237575776013921 ], [ -75.603923163464614, 6.237588212825017 ], [ -75.60332296937429, 6.237611983600188 ], [ -75.603083004634314, 6.237618779569658 ], [ -75.603089773869783, 6.23753063629621 ], [ -75.603076204250939, 6.237239087515435 ], [ -75.603025938333431, 6.237027773759234 ], [ -75.602966642962556, 6.236880872197172 ], [ -75.602895492684254, 6.236754312542069 ], [ -75.602730607108938, 6.236529446294948 ], [ -75.602702373825281, 6.236494416494182 ], [ -75.60259734509566, 6.236359948813608 ], [ -75.602465777067906, 6.236190452082038 ], [ -75.60233759090967, 6.235936201566819 ], [ -75.601631813130339, 6.235946417195299 ], [ -75.601044041644329, 6.235954363689314 ], [ -75.601022541375386, 6.235242440733901 ], [ -75.600994282465138, 6.234790427258818 ], [ -75.600984659549226, 6.23439717466461 ], [ -75.600984618639487, 6.233732711807495 ] ] ] } },
{ "type": "Feature", "properties": { "NOMBRE": "Rosales" }, "geometry": { "type": "Polygon", "coordinates": [ [ [ -75.587273302011226, 6.231667674325409 ], [ -75.587340491784815, 6.231665411352879 ], [ -75.587415021160268, 6.231671059374569 ], [ -75.587467530355127, 6.231663146718118 ], [ -75.588523929643131, 6.231632596097135 ], [ -75.58855611315289, 6.231625815205366 ], [ -75.58864475829418, 6.231632591574813 ], [ -75.588678635241934, 6.23163598022503 ], [ -75.589612512567655, 6.231600912699316 ], [ -75.589680831314041, 6.231592999081569 ], [ -75.589735034830454, 6.231595257553664 ], [ -75.589796576598857, 6.231576043651397 ], [ -75.589850215374454, 6.231556831019936 ], [ -75.590023552787713, 6.231560213871742 ], [ -75.590149463415898, 6.231586200116575 ], [ -75.590437418927777, 6.231578277647976 ], [ -75.590847895938026, 6.231568089794805 ], [ -75.591356616323949, 6.231555637489555 ], [ -75.591453730401383, 6.2315522433365 ], [ -75.592054483000112, 6.231533005363648 ], [ -75.592230078464524, 6.231527347807503 ], [ -75.592629262790652, 6.231499078211832 ], [ -75.592777192540225, 6.231496811199965 ], [ -75.593506113211674, 6.231483215982802 ], [ -75.593638234145345, 6.231478689469006 ], [ -75.59364106495255, 6.231652715667502 ], [ -75.593663113303819, 6.232230164599998 ], [ -75.593665939301204, 6.23229909622842 ], [ -75.593688553818623, 6.232903665637643 ], [ -75.593700989053772, 6.233198605801738 ], [ -75.59370777246788, 6.233359070173628 ], [ -75.593717389756065, 6.233748933627635 ], [ -75.593721915894292, 6.233931999299929 ], [ -75.593743968231308, 6.234595330894337 ], [ -75.593746795241671, 6.23468234346408 ], [ -75.59375697771361, 6.235081246453319 ], [ -75.593764332627359, 6.235382966342989 ], [ -75.594025739555136, 6.235125304880154 ], [ -75.594114389796289, 6.235212313605753 ], [ -75.594364529895145, 6.235469950400084 ], [ -75.594435110175766, 6.23552418837392 ], [ -75.594443580105704, 6.235532098311605 ], [ -75.594775030113979, 6.235865443390509 ], [ -75.595144876833118, 6.236236077099373 ], [ -75.595388807465469, 6.236486933411113 ], [ -75.595514724597521, 6.236615751019917 ], [ -75.595502303575259, 6.236631572564806 ], [ -75.595475768792781, 6.236667735083238 ], [ -75.595445845562622, 6.236708418032033 ], [ -75.595380919005677, 6.236802213961578 ], [ -75.595373579157481, 6.236808994738869 ], [ -75.595307521231703, 6.23688245056925 ], [ -75.595226788449381, 6.237038399724249 ], [ -75.595070399087604, 6.237256505533328 ], [ -75.594874488641366, 6.237551455738069 ], [ -75.594710194094731, 6.237769560985495 ], [ -75.594578080929864, 6.237956024531907 ], [ -75.594418864772209, 6.238102937502545 ], [ -75.594206008478508, 6.238255502798487 ], [ -75.594007264520599, 6.238345915800577 ], [ -75.593892646938642, 6.238375301835685 ], [ -75.593630661560013, 6.238393395305214 ], [ -75.593045146855616, 6.238421673825665 ], [ -75.59252851517347, 6.238437518349182 ], [ -75.591783774866627, 6.238464673727835 ], [ -75.591360307193582, 6.238482772468374 ], [ -75.590975797153618, 6.23849295943644 ], [ -75.590610484402504, 6.238478284797917 ], [ -75.590309552602847, 6.23881617884535 ], [ -75.589916589663147, 6.239220748759243 ], [ -75.589761318102774, 6.239236576021426 ], [ -75.589407298271141, 6.239255800879253 ], [ -75.588858482235693, 6.239270513245198 ], [ -75.587971453687956, 6.239270547371174 ], [ -75.587491522587896, 6.239290905591727 ], [ -75.587476258178569, 6.238757527503172 ], [ -75.587468908255715, 6.238489709291839 ], [ -75.587458166356441, 6.238103235949078 ], [ -75.587444592672725, 6.237472675437336 ], [ -75.587441199538546, 6.237326900701368 ], [ -75.58743272053259, 6.237062471810329 ], [ -75.587431589188625, 6.237013880231662 ], [ -75.587419153546193, 6.236629667982244 ], [ -75.587409541089045, 6.236245454707994 ], [ -75.587406715560363, 6.236190082848415 ], [ -75.587387506002131, 6.235844291984551 ], [ -75.587364321374963, 6.234860029785135 ], [ -75.587363189994619, 6.234810308147462 ], [ -75.587355269826858, 6.234386543644035 ], [ -75.587348482395811, 6.234044142426264 ], [ -75.587344525307671, 6.233913057574838 ], [ -75.587329263200189, 6.233447483013659 ], [ -75.58731795443272, 6.232981907379952 ], [ -75.587309472111684, 6.232636116057146 ], [ -75.587300996996191, 6.232459829946946 ], [ -75.587275570836155, 6.231953573696849 ], [ -75.587273302011226, 6.231667674325409 ] ] ] } },
{ "type": "Feature", "properties": { "NOMBRE": "San Bernardo" }, "geometry": { "type": "Polygon", "coordinates": [ [ [ -75.591387562329615, 6.229103452503177 ], [ -75.591358186337629, 6.228740711411197 ], [ -75.591323730855095, 6.228419781845964 ], [ -75.591305091285463, 6.228244627272026 ], [ -75.591276833873565, 6.227629887513449 ], [ -75.591271711538695, 6.226687435855277 ], [ -75.59132420215127, 6.226264798445795 ], [ -75.591578221792332, 6.224976543867626 ], [ -75.591678697500967, 6.224428471075798 ], [ -75.59175546652564, 6.224011483588415 ], [ -75.591983513004891, 6.22276843068327 ], [ -75.592462304987919, 6.222849771924732 ], [ -75.59259385967124, 6.222872366210457 ], [ -75.592849630107295, 6.222920946153125 ], [ -75.593133631001692, 6.222976304814488 ], [ -75.593219452139536, 6.222992121037336 ], [ -75.593368510447917, 6.223021495447001 ], [ -75.593895860150141, 6.223119783647361 ], [ -75.594152759223093, 6.223169492051148 ], [ -75.594536697278215, 6.223244056309678 ], [ -75.59513067180643, 6.223361549624631 ], [ -75.595148736914041, 6.223314087020664 ], [ -75.59518655871193, 6.223179610557571 ], [ -75.595271802720745, 6.22294455883639 ], [ -75.595300028987808, 6.222847373956072 ], [ -75.595397688898814, 6.222515137340559 ], [ -75.595417446570366, 6.222446204415158 ], [ -75.595977538976697, 6.222459735128743 ], [ -75.596319692140938, 6.222471018157982 ], [ -75.596361473075333, 6.222472145726252 ], [ -75.596473825185114, 6.222370436426862 ], [ -75.596560772042935, 6.222327489882004 ], [ -75.59664376875071, 6.222306014678978 ], [ -75.596741445237157, 6.222294709106648 ], [ -75.596911391946989, 6.222298089900145 ], [ -75.597649337711061, 6.222348900861323 ], [ -75.597868407864809, 6.222378269648041 ], [ -75.597745346397716, 6.222800911204494 ], [ -75.597684945000665, 6.223007711214274 ], [ -75.597626803712828, 6.223241632489638 ], [ -75.59750205204034, 6.223744506465414 ], [ -75.597452942287731, 6.223942266183671 ], [ -75.597335528139482, 6.224394287922299 ], [ -75.597219242965508, 6.224845179506736 ], [ -75.597358138492226, 6.224868903117753 ], [ -75.59764552800219, 6.224914088612522 ], [ -75.597717799375062, 6.224926514768228 ], [ -75.597954939271261, 6.224983003807272 ], [ -75.598010272307505, 6.224999951219624 ], [ -75.598319119935866, 6.225097116803774 ], [ -75.598740327815207, 6.225243997600328 ], [ -75.599426910151536, 6.22549143599513 ], [ -75.599898927740128, 6.225534349835096 ], [ -75.599927711249151, 6.225336591239311 ], [ -75.600265367011701, 6.225638290808775 ], [ -75.601358519320144, 6.226673338550204 ], [ -75.601696179432764, 6.22701345920541 ], [ -75.601669078728861, 6.227017980426658 ], [ -75.601632943382739, 6.227025893356403 ], [ -75.601570836498126, 6.227037197362451 ], [ -75.601545429662195, 6.227041719363632 ], [ -75.601423474454705, 6.227065458154346 ], [ -75.601281758552233, 6.227092587552762 ], [ -75.60123997763084, 6.227097110668367 ], [ -75.601178999821229, 6.227106154432777 ], [ -75.601078500120494, 6.22712763154989 ], [ -75.600959932381983, 6.227147979824514 ], [ -75.600860561680733, 6.22716606664634 ], [ -75.600787162599232, 6.227181891565334 ], [ -75.60073634845601, 6.227197714940176 ], [ -75.600699648842905, 6.227211278138663 ], [ -75.600667467273013, 6.227227100241931 ], [ -75.600620041856672, 6.22725761414101 ], [ -75.600565277407057, 6.227317510062599 ], [ -75.60052124025232, 6.227355933231689 ], [ -75.600459701199185, 6.227415829599781 ], [ -75.600382353726289, 6.227491546944409 ], [ -75.600354124882841, 6.22752657976335 ], [ -75.60032702475317, 6.227553702092919 ], [ -75.600305572066802, 6.227585344277508 ], [ -75.600250243604222, 6.227655410734029 ], [ -75.6001937867821, 6.227725476356203 ], [ -75.600133942651979, 6.227802322551798 ], [ -75.600097244938794, 6.227845266334685 ], [ -75.600055466428003, 6.227900640197141 ], [ -75.600019898252853, 6.227934543428444 ], [ -75.599980376874058, 6.227969576979146 ], [ -75.599930129578254, 6.228020432063435 ], [ -75.599879317498647, 6.228069027062661 ], [ -75.599762448364103, 6.228178647797723 ], [ -75.599726880449509, 6.22821707124471 ], [ -75.599645579712956, 6.228282618212536 ], [ -75.599615656384614, 6.228309740691527 ], [ -75.599576699885873, 6.228335733703893 ], [ -75.59953040340892, 6.228363987313067 ], [ -75.599497656649902, 6.228386590639316 ], [ -75.599432727617526, 6.228415975520612 ], [ -75.599398851766708, 6.228427277421956 ], [ -75.599285930730375, 6.228460055598529 ], [ -75.599184866437255, 6.228487181782015 ], [ -75.599094528812344, 6.228509787919445 ], [ -75.599040326814176, 6.228526742313464 ], [ -75.599024517533465, 6.228530132609042 ], [ -75.598939262641352, 6.228556128567623 ], [ -75.598799805219926, 6.228591168469727 ], [ -75.598660911646107, 6.228628467512559 ], [ -75.59859541711954, 6.228645421679503 ], [ -75.598448619740054, 6.228683851230172 ], [ -75.598172526541958, 6.228747149302936 ], [ -75.598022341210211, 6.228783318830982 ], [ -75.597814565415149, 6.228840963031644 ], [ -75.597613565982741, 6.228898605826198 ], [ -75.597429503740244, 6.228946077874159 ], [ -75.597292869659043, 6.228987896652967 ], [ -75.597197450030862, 6.229007112601082 ], [ -75.597102032056966, 6.229038759179338 ], [ -75.596945071610719, 6.229083969285253 ], [ -75.5968225515782, 6.22911561655481 ], [ -75.596703419284978, 6.229147264495703 ], [ -75.596379334767562, 6.229234294853777 ], [ -75.596290691474294, 6.229253510233437 ], [ -75.596188497691202, 6.229281765969066 ], [ -75.596180028438141, 6.229284026589131 ], [ -75.596154620611642, 6.229289678389646 ], [ -75.596107758107507, 6.229298720731348 ], [ -75.596052426414445, 6.229311154649811 ], [ -75.595895464471297, 6.229333763266307 ], [ -75.595735115287297, 6.229365413409098 ], [ -75.595656633587623, 6.229372197440573 ], [ -75.595591703219924, 6.229368810142229 ], [ -75.59554766218946, 6.229349602606507 ], [ -75.595380529307846, 6.229224176661767 ], [ -75.595317289583548, 6.229164288096882 ], [ -75.595131518285172, 6.228920208775282 ], [ -75.595002216111638, 6.228804951974823 ], [ -75.594816450966391, 6.228680656973382 ], [ -75.594708606892738, 6.228620769959629 ], [ -75.594408789699756, 6.228501000579596 ], [ -75.59398814405327, 6.228336036256421 ], [ -75.593828355511235, 6.228275021866161 ], [ -75.593720512393745, 6.228245646239728 ], [ -75.593647111822747, 6.228224179127131 ], [ -75.593575970079698, 6.228225312154729 ], [ -75.593478856566193, 6.228227576639545 ], [ -75.593413926242704, 6.228238880742499 ], [ -75.593052016216078, 6.228407273530602 ], [ -75.592618401201975, 6.228608440646778 ], [ -75.592585654384024, 6.228618611992496 ], [ -75.592458617727843, 6.22866042991964 ], [ -75.592424741888863, 6.228675121549817 ], [ -75.592257619067297, 6.228742931064818 ], [ -75.591983220328871, 6.228850297202705 ], [ -75.591387562329615, 6.229103452503177 ] ] ] } }
]
}
